obs_wl_vac(nm),ritz_wl_vac(nm),intens,Aki(s^-1),Acc,Ei(cm-1),Ek(cm-1),conf_i,term_i,J_i,conf_k,term_k,J_k,Type,tp_ref,line_ref,
"=""180.74168""","=""180.7416""","=""70""","=""""",,"=""91274.50""","=""146602.10""","=""3s.4s""","=""3S""","=""1""","=""3s.10p""","=""3P*""","=""2""",,"=""""","=""L3460""",
"=""180.75851""","=""180.7584""","=""20""","=""""",,"=""91274.50""","=""146596.95""","=""3s.4s""","=""3S""","=""1""","=""3s.10p""","=""3P*""","=""1""",,"=""""","=""L3460""",
"=""180.7651""","=""180.7653""","=""1""","=""""",,"=""91274.50""","=""146594.85""","=""3s.4s""","=""3S""","=""1""","=""3s.10p""","=""3P*""","=""0""",,"=""""","=""L4575""",
"=""181.8352""","=""181.8355""","=""50""","=""5.45e+08""",B+,"=""95549.42""","=""150544.17""","=""3s.3d""","=""3D""","=""3""","=""3p.3d""","=""3D*""","=""3""",,"=""T6298c4,LS""","=""L4575""",
"=""181.8392""","=""181.8391""","=""3""","=""6.82e+07""",C+,"=""95550.51""","=""150544.17""","=""3s.3d""","=""3D""","=""2""","=""3p.3d""","=""3D*""","=""3""",,"=""T6298c4,LS""","=""L4575""",
"=""""","=""181.9249""","=""""","=""9.54e+07""",C+,"=""95549.42""","=""150517.17""","=""3s.3d""","=""3D""","=""3""","=""3p.3d""","=""3D*""","=""2""",,"=""T6298c4,LS""","=""""",
"=""181.9285""","=""181.9285""","=""1""","=""4.25e+08""",B,"=""95550.51""","=""150517.17""","=""3s.3d""","=""3D""","=""2""","=""3p.3d""","=""3D*""","=""2""",,"=""T6298c4,LS""","=""L4575""",
"=""""","=""181.9315""","=""""","=""9.17e+07""",C+,"=""95551.44""","=""150517.17""","=""3s.3d""","=""3D""","=""1""","=""3p.3d""","=""3D*""","=""2""",,"=""T6298c4,LS""","=""""",
"=""""","=""182.0092""","=""""","=""1.53e+08""",C+,"=""95550.51""","=""150492.80""","=""3s.3d""","=""3D""","=""2""","=""3p.3d""","=""3D*""","=""1""",,"=""T6298c4,LS""","=""""",
"=""182.0124""","=""182.0122""","=""2""","=""4.57e+08""",B,"=""95551.44""","=""150492.80""","=""3s.3d""","=""3D""","=""1""","=""3p.3d""","=""3D*""","=""1""",,"=""T6298c4,LS""","=""L4575""",
"=""182.85876""","=""182.8587""","=""290""","=""4.72e+08""",B,"=""91274.50""","=""145961.54""","=""3s.4s""","=""3S""","=""1""","=""3p.4s""","=""3P*""","=""2""",,"=""T6298c4,LS""","=""L3460""",
"=""183.28374""","=""183.2838""","=""225""","=""4.69e+08""",B,"=""91274.50""","=""145834.70""","=""3s.4s""","=""3S""","=""1""","=""3p.4s""","=""3P*""","=""1""",,"=""T6298c4,LS""","=""L3460""",
"=""183.48077""","=""183.4807""","=""170""","=""4.67e+08""",C+,"=""91274.50""","=""145776.15""","=""3s.4s""","=""3S""","=""1""","=""3p.4s""","=""3P*""","=""0""",,"=""T6298c4,LS""","=""L3460""",
"=""183.69635""","=""183.6965""","=""60""","=""4.03e+07""",C,"=""85481.35""","=""139918.98""","=""3p2""","=""1D""","=""2""","=""3s.7p""","=""1P*""","=""1""",,"=""T6533""","=""L3460""",
"=""184.8888""","=""184.8888""","=""1""","=""""",,"=""95350.60""","=""149437.17""","=""3s.4s""","=""1S""","=""0""","=""3s.15p""","=""1P*""","=""1""",,"=""""","=""L4575""",
"=""184.915""","=""184.9164""","=""2""","=""""",,"=""95550.51""","=""149629.0""","=""3s.3d""","=""3D""","=""2""","=""3s.14f""","=""3F*""","=""3""",,"=""""","=""L7431""",
"=""185.58054""","=""185.5804""","=""90""","=""""",,"=""91274.50""","=""145159.49""","=""3s.4s""","=""3S""","=""1""","=""3s.9p""","=""3P*""","=""2""",,"=""""","=""L3460""",
"=""185.59286""","=""185.5926""","=""190""","=""8.38e+07""",B+,"=""37393.03""","=""91274.50""","=""3s.3p""","=""3P*""","=""0""","=""3s.4s""","=""3S""","=""1""",,"=""c47""","=""L3460""",
"=""185.60957""","=""185.6095""","=""90""","=""""",,"=""91274.50""","=""145151.06""","=""3s.4s""","=""3S""","=""1""","=""3s.9p""","=""3P*""","=""1""",,"=""""","=""L3460""",
"=""185.62741""","=""185.6275""","=""30""","=""""",,"=""91274.50""","=""145145.84""","=""3s.4s""","=""3S""","=""1""","=""3s.9p""","=""3P*""","=""0""",,"=""""","=""L3460""",
"=""185.80262""","=""185.8025""","=""315""","=""2.49e+08""",A,"=""37453.91""","=""91274.50""","=""3s.3p""","=""3P*""","=""1""","=""3s.4s""","=""3S""","=""1""",,"=""c47""","=""L3460""",
"=""185.99796""","=""185.99809""","=""110""","=""8.68e+07""",B,"=""85481.35""","=""139245.343""","=""3p2""","=""1D""","=""2""","=""3s.6f""","=""1F*""","=""3""",,"=""T6533""","=""L3460""",
"=""186.2081""","=""186.2080""","=""5""","=""""",,"=""95350.60""","=""149053.98""","=""3s.4s""","=""1S""","=""0""","=""3s.14p""","=""1P*""","=""1""",,"=""""","=""L4575""",
"=""186.23111""","=""186.2311""","=""400""","=""4.08e+08""",A,"=""37577.79""","=""91274.50""","=""3s.3p""","=""3P*""","=""2""","=""3s.4s""","=""3S""","=""1""",,"=""c47""","=""L3460""",
"=""187.704""","=""187.7046""","=""5""","=""""",,"=""95550.51""","=""148825.7""","=""3s.3d""","=""3D""","=""2""","=""3s.12f""","=""3F*""","=""3""",,"=""""","=""L7431""",
"=""187.8504""","=""187.8504""","=""8""","=""""",,"=""95350.60""","=""148584.44""","=""3s.4s""","=""1S""","=""0""","=""3s.13p""","=""1P*""","=""1""",,"=""""","=""L4575""",
"=""189.7401""","=""189.7401""","=""10""","=""""",,"=""95549.42""","=""148253.08""","=""3s.3d""","=""3D""","=""3""","=""3s.11f""","=""3F*""","=""4""",,"=""""","=""L4575""",
"=""189.7460""","=""189.7461""","=""3""","=""""",,"=""95550.51""","=""148252.52""","=""3s.3d""","=""3D""","=""2""","=""3s.11f""","=""3F*""","=""3""",,"=""""","=""L4575""",
"=""189.7500""","=""189.7500""","=""1""","=""""",,"=""95551.44""","=""148252.37""","=""3s.3d""","=""3D""","=""1""","=""3s.11f""","=""3F*""","=""2""",,"=""""","=""L4575""",
"=""189.91943""","=""189.9195""","=""25""","=""""",,"=""95350.60""","=""148004.49""","=""3s.4s""","=""1S""","=""0""","=""3s.12p""","=""1P*""","=""1""",,"=""""","=""L3460""",
"=""190.4326""","=""190.4327""","=""8""","=""2.7e+08""",D,"=""94084.96""","=""146596.95""","=""3p2""","=""3P""","=""0""","=""3s.10p""","=""3P*""","=""1""",,"=""T6298c4,LS""","=""L4575""",
"=""190.64082""","=""190.6409""","=""25""","=""2.0e+08""",D,"=""94147.46""","=""146602.10""","=""3p2""","=""3P""","=""1""","=""3s.10p""","=""3P*""","=""2""",,"=""T6298c4,LS""","=""L3460""",
"=""190.6596""","=""190.6596""","=""4""","=""2.0e+08""",D,"=""94147.46""","=""146596.95""","=""3p2""","=""3P""","=""1""","=""3s.10p""","=""3P*""","=""1""",,"=""T6298c4,LS""","=""L4575""",
"=""190.6674""","=""190.6673""","=""8""","=""8.2e+08""",D,"=""94147.46""","=""146594.85""","=""3p2""","=""3P""","=""1""","=""3s.10p""","=""3P*""","=""0""",,"=""T6298c4,LS""","=""L4575""",
"=""191.08252""","=""191.0825""","=""80""","=""5.8e+08""",D,"=""94268.68""","=""146602.10""","=""3p2""","=""3P""","=""2""","=""3s.10p""","=""3P*""","=""2""",,"=""T6298c4,LS""","=""L3460""",
"=""191.1013""","=""191.1013""","=""15""","=""3.4e+08""",D,"=""94268.68""","=""146596.95""","=""3p2""","=""3P""","=""2""","=""3s.10p""","=""3P*""","=""1""",,"=""T6298c4,LS""","=""L4575""",
"=""192.216""","=""192.2154""","=""1""","=""""",,"=""95549.42""","=""147574.4""","=""3s.3d""","=""3D""","=""3""","=""3s.11p""","=""3P*""","=""2""",,"=""""","=""L7431""",
"=""192.47537""","=""192.4754""","=""50""","=""""",,"=""95549.42""","=""147504.12""","=""3s.3d""","=""3D""","=""3""","=""3s.10f""","=""3F*""","=""4""",,"=""""","=""L3460""",
"=""192.4825""","=""192.4826""","=""30""","=""""",,"=""95550.51""","=""147503.27""","=""3s.3d""","=""3D""","=""2""","=""3s.10f""","=""3F*""","=""3""",,"=""""","=""L4575""",
"=""192.4879""","=""192.4879""","=""10""","=""""",,"=""95551.44""","=""147502.76""","=""3s.3d""","=""3D""","=""1""","=""3s.10f""","=""3F*""","=""2""",,"=""""","=""L4575""",
"=""192.60291""","=""192.6032""","=""60""","=""""",,"=""95350.60""","=""147270.82""","=""3s.4s""","=""1S""","=""0""","=""3s.11p""","=""1P*""","=""1""",,"=""""","=""L3460""",
"=""192.6948""","=""192.6948""","=""20""","=""""",,"=""91274.50""","=""143170.04""","=""3s.4s""","=""3S""","=""1""","=""3s.8p""","=""3P*""","=""2""",,"=""""","=""L4575""",
"=""192.7070""","=""192.7070""","=""10""","=""""",,"=""91274.50""","=""143166.76""","=""3s.4s""","=""3S""","=""1""","=""3s.8p""","=""3P*""","=""1""",,"=""""","=""L4575""",
"=""192.713""","=""192.7120""","=""1""","=""""",,"=""91274.50""","=""143165.4""","=""3s.4s""","=""3S""","=""1""","=""3s.8p""","=""3P*""","=""0""",,"=""""","=""L7431""",
"=""192.99775""","=""192.9977""","=""150""","=""1.15e+08""",C+,"=""94147.46""","=""145961.54""","=""3p2""","=""3P""","=""1""","=""3p.4s""","=""3P*""","=""2""",,"=""T6298c4,LS""","=""L3460""",
"=""193.10481""","=""193.1050""","=""125""","=""1.04e+09""",A,"=""59852.02""","=""111637.33""","=""3s.3p""","=""1P*""","=""1""","=""3p2""","=""1S""","=""0""",,"=""c47,u24""","=""L3460""",
"=""193.23768""","=""193.2377""","=""150""","=""1.53e+08""",C+,"=""94084.96""","=""145834.70""","=""3p2""","=""3P""","=""0""","=""3p.4s""","=""3P*""","=""1""",,"=""T6298c4,LS""","=""L3460""",
"=""193.45032""","=""193.4503""","=""225""","=""3.44e+08""",B,"=""94268.68""","=""145961.54""","=""3p2""","=""3P""","=""2""","=""3p.4s""","=""3P*""","=""2""",,"=""T6298c4,LS""","=""L3460""",
"=""193.47129""","=""193.4713""","=""125""","=""1.14e+08""",C+,"=""94147.46""","=""145834.70""","=""3p2""","=""3P""","=""1""","=""3p.4s""","=""3P*""","=""1""",,"=""T6298c4,LS""","=""L3460""",
"=""193.69066""","=""193.6908""","=""125""","=""4.56e+08""",C+,"=""94147.46""","=""145776.15""","=""3p2""","=""3P""","=""1""","=""3p.4s""","=""3P*""","=""0""",,"=""T6298c4,LS""","=""L3460""",
"=""193.92606""","=""193.9262""","=""150""","=""1.89e+08""",C+,"=""94268.68""","=""145834.70""","=""3p2""","=""3P""","=""2""","=""3p.4s""","=""3P*""","=""1""",,"=""T6298c4,LS""","=""L3460""",
"=""195.8247""","=""195.8246""","=""8""","=""""",,"=""94084.96""","=""145151.06""","=""3p2""","=""3P""","=""0""","=""3s.9p""","=""3P*""","=""1""",,"=""""","=""L4575""",
"=""195.877""","=""195.8761""","=""1""","=""5.7e+08""",D,"=""95549.42""","=""146602.10""","=""3s.3d""","=""3D""","=""3""","=""3s.10p""","=""3P*""","=""2""",,"=""T6533""","=""L7431""",
"=""""","=""195.8839""","=""""","=""6.8e+06""",D,"=""95551.44""","=""146602.10""","=""3s.3d""","=""3D""","=""1""","=""3s.10p""","=""3P*""","=""2""",,"=""T6533""","=""""",
"=""195.900""","=""195.9000""","=""0""","=""""",,"=""95550.51""","=""146596.95""","=""3s.3d""","=""3D""","=""2""","=""3s.10p""","=""3P*""","=""1""",,"=""""","=""L7431""",
"=""""","=""195.9036""","=""""","=""1.7e+08""",D,"=""95551.44""","=""146596.95""","=""3s.3d""","=""3D""","=""1""","=""3s.10p""","=""3P*""","=""1""",,"=""T6533""","=""""",
"=""""","=""195.9117""","=""""","=""6.8e+08""",D,"=""95551.44""","=""146594.85""","=""3s.3d""","=""3D""","=""1""","=""3s.10p""","=""3P*""","=""0""",,"=""T6533""","=""""",
"=""196.0322""","=""196.0322""","=""3""","=""""",,"=""94147.46""","=""145159.49""","=""3p2""","=""3P""","=""1""","=""3s.9p""","=""3P*""","=""2""",,"=""""","=""L4575""",
"=""196.0646""","=""196.0646""","=""3""","=""""",,"=""94147.46""","=""145151.06""","=""3p2""","=""3P""","=""1""","=""3s.9p""","=""3P*""","=""1""",,"=""""","=""L4575""",
"=""196.0846""","=""196.0847""","=""10""","=""""",,"=""94147.46""","=""145145.84""","=""3p2""","=""3P""","=""1""","=""3s.9p""","=""3P*""","=""0""",,"=""""","=""L4575""",
"=""196.25904""","=""196.2591""","=""70""","=""""",,"=""95549.42""","=""146502.47""","=""3s.3d""","=""3D""","=""3""","=""3s.9f""","=""3F*""","=""4""",,"=""""","=""L3460""",
"=""196.2645""","=""196.2648""","=""8""","=""""",,"=""95549.42""","=""146500.99""","=""3s.3d""","=""3D""","=""3""","=""3s.9f""","=""3F*""","=""3""",,"=""""","=""L4575""",
"=""196.26910""","=""196.2690""","=""60""","=""""",,"=""95550.51""","=""146500.99""","=""3s.3d""","=""3D""","=""2""","=""3s.9f""","=""3F*""","=""3""",,"=""""","=""L3460""",
"=""196.27349""","=""196.2735""","=""70""","=""""",,"=""95350.60""","=""146299.92""","=""3s.4s""","=""1S""","=""0""","=""3s.10p""","=""1P*""","=""1""",,"=""""","=""L3460""",
"=""196.2763""","=""196.2768""","=""50""","=""""",,"=""95551.44""","=""146499.90""","=""3s.3d""","=""3D""","=""1""","=""3s.9f""","=""3F*""","=""2""",,"=""""","=""L3460""",
"=""196.4990""","=""196.4991""","=""40""","=""""",,"=""94268.68""","=""145159.49""","=""3p2""","=""3P""","=""2""","=""3s.9p""","=""3P*""","=""2""",,"=""""","=""L4575""",
"=""196.5316""","=""196.5317""","=""10""","=""""",,"=""94268.68""","=""145151.06""","=""3p2""","=""3P""","=""2""","=""3s.9p""","=""3P*""","=""1""",,"=""""","=""L4575""",
"=""198.3650""","=""198.3650""","=""10""","=""4.06e+06""",C,"=""95549.42""","=""145961.54""","=""3s.3d""","=""3D""","=""3""","=""3p.4s""","=""3P*""","=""2""",,"=""T6298c4,LS""","=""L4575""",
"=""""","=""198.3693""","=""""","=""7.24e+05""",D,"=""95550.51""","=""145961.54""","=""3s.3d""","=""3D""","=""2""","=""3p.4s""","=""3P*""","=""2""",,"=""T6298c4,LS""","=""""",
"=""""","=""198.3729""","=""""","=""4.82e+04""",E,"=""95551.44""","=""145961.54""","=""3s.3d""","=""3D""","=""1""","=""3p.4s""","=""3P*""","=""2""",,"=""T6298c4,LS""","=""""",
"=""198.8699""","=""198.8697""","=""3""","=""3.60e+06""",C,"=""95550.51""","=""145834.70""","=""3s.3d""","=""3D""","=""2""","=""3p.4s""","=""3P*""","=""1""",,"=""T6298c4,LS""","=""L4575""",
"=""""","=""198.8733""","=""""","=""1.20e+06""",D,"=""95551.44""","=""145834.70""","=""3s.3d""","=""3D""","=""1""","=""3p.4s""","=""3P*""","=""1""",,"=""T6298c4,LS""","=""""",
"=""199.05310""","=""199.0533""","=""315""","=""1.38e+09""",A,"=""59852.02""","=""110089.83""","=""3s.3p""","=""1P*""","=""1""","=""3s.3d""","=""1D""","=""2""",,"=""c47,u24""","=""L3460""",
"=""199.105""","=""199.1052""","=""1""","=""4.77e+06""",D,"=""95551.44""","=""145776.15""","=""3s.3d""","=""3D""","=""1""","=""3p.4s""","=""3P*""","=""0""",,"=""T6298c4,LS""","=""L7431""",
obs_wl_air(nm),ritz_wl_air(nm),intens,Aki(s^-1),Acc,Ei(cm-1),Ek(cm-1),conf_i,term_i,J_i,conf_k,term_k,J_k,Type,tp_ref,line_ref,
"=""201.5864""","=""201.5864""","=""70""","=""""",,"=""95350.60""","=""144941.10""","=""3s.4s""","=""1S""","=""0""","=""3s.9p""","=""1P*""","=""1""",,"=""""","=""L4575""",
"=""201.6053""","=""201.6052""","=""150""","=""9.82e+07""",C+,"=""95549.42""","=""145135.31""","=""3s.3d""","=""3D""","=""3""","=""3s.8f""","=""3F*""","=""4""",,"=""T6298c4,LS""","=""L4575""",
"=""201.6193""","=""201.6189""","=""80""","=""1.10e+07""",D,"=""95549.42""","=""145131.93""","=""3s.3d""","=""3D""","=""3""","=""3s.8f""","=""3F*""","=""3""",,"=""T6298c4,LS""","=""L4575""",
"=""201.6234""","=""201.6234""","=""150""","=""8.73e+07""",C+,"=""95550.51""","=""145131.93""","=""3s.3d""","=""3D""","=""2""","=""3s.8f""","=""3F*""","=""3""",,"=""T6298c4,LS""","=""L4575""",
"=""""","=""201.6288""","=""""","=""4.32e+05""",E,"=""95549.42""","=""145129.51""","=""3s.3d""","=""3D""","=""3""","=""3s.8f""","=""3F*""","=""2""",,"=""T6298c4,LS""","=""""",
"=""201.6334""","=""201.6332""","=""50""","=""1.53e+07""",D,"=""95550.51""","=""145129.51""","=""3s.3d""","=""3D""","=""2""","=""3s.8f""","=""3F*""","=""2""",,"=""T6298c4,LS""","=""L4575""",
"=""201.6369""","=""201.6370""","=""100""","=""8.25e+07""",C,"=""95551.44""","=""145129.51""","=""3s.3d""","=""3D""","=""1""","=""3s.8f""","=""3F*""","=""2""",,"=""T6298c4,LS""","=""L4575""",
"=""202.2081""","=""202.2082""","=""40""","=""4.05e+07""",C+,"=""85481.35""","=""134919.40""","=""3p2""","=""1D""","=""2""","=""3s.6p""","=""1P*""","=""1""",,"=""T6533""","=""L4575""",
"=""203.675""","=""203.6760""","=""1""","=""""",,"=""94084.96""","=""143166.76""","=""3p2""","=""3P""","=""0""","=""3s.8p""","=""3P*""","=""1""",,"=""""","=""L7431""",
"=""203.922""","=""203.9221""","=""1""","=""""",,"=""94147.46""","=""143170.04""","=""3p2""","=""3P""","=""1""","=""3s.8p""","=""3P*""","=""2""",,"=""""","=""L7431""",
"=""203.940""","=""203.9414""","=""5""","=""""",,"=""94147.46""","=""143165.4""","=""3p2""","=""3P""","=""1""","=""3s.8p""","=""3P*""","=""0""",,"=""""","=""L7431""",
"=""204.427""","=""204.4277""","=""2""","=""""",,"=""94268.68""","=""143170.04""","=""3p2""","=""3P""","=""2""","=""3s.8p""","=""3P*""","=""2""",,"=""""","=""L7431""",
"=""204.441""","=""204.4414""","=""1""","=""""",,"=""94268.68""","=""143166.76""","=""3p2""","=""3P""","=""2""","=""3s.8p""","=""3P*""","=""1""",,"=""""","=""L7431""",
"=""204.763""","=""204.7634""","=""5""","=""""",,"=""91274.50""","=""140095.7""","=""3s.4s""","=""3S""","=""1""","=""3s.7p""","=""3P*""","=""2""",,"=""""","=""L7431""",
"=""204.779""","=""204.7793""","=""5""","=""""",,"=""91274.50""","=""140091.9""","=""3s.4s""","=""3S""","=""1""","=""3s.7p""","=""3P*""","=""1""",,"=""""","=""L7431""",
"=""204.787""","=""204.7873""","=""1""","=""""",,"=""91274.50""","=""140090.0""","=""3s.4s""","=""3S""","=""1""","=""3s.7p""","=""3P*""","=""0""",,"=""""","=""L7431""",
"=""207.4009""","=""207.4009""","=""200""","=""1.41e+08""",B,"=""85481.35""","=""133681.78""","=""3p2""","=""1D""","=""2""","=""3s.5f""","=""1F*""","=""3""",,"=""T6533""","=""L4575""",
"=""208.1481""","=""208.1480""","=""15""","=""""",,"=""37453.91""","=""85481.35""","=""3s.3p""","=""3P*""","=""1""","=""3p2""","=""1D""","=""2""",,"=""""","=""L4575""",
"=""208.6864""","=""208.6863""","=""30""","=""""",,"=""37577.79""","=""85481.35""","=""3s.3p""","=""3P*""","=""2""","=""3p2""","=""1D""","=""2""",,"=""""","=""L4575""",
"=""209.4264""","=""209.4263""","=""700""","=""1.84e+08""",C+,"=""95549.42""","=""143283.75""","=""3s.3d""","=""3D""","=""3""","=""3s.7f""","=""3F*""","=""4""",,"=""T6298c4,LS""","=""L4575""",
"=""209.4744""","=""209.4741""","=""150""","=""2.05e+07""",D,"=""95549.42""","=""143272.86""","=""3s.3d""","=""3D""","=""3""","=""3s.7f""","=""3F*""","=""3""",,"=""T6298c4,LS""","=""L4575""",
"=""209.4790""","=""209.4789""","=""300""","=""1.64e+08""",C+,"=""95550.51""","=""143272.86""","=""3s.3d""","=""3D""","=""2""","=""3s.7f""","=""3F*""","=""3""",,"=""T6298c4,LS""","=""L4575""",
"=""""","=""209.5049""","=""""","=""8.10e+05""",E,"=""95549.42""","=""143265.83""","=""3s.3d""","=""3D""","=""3""","=""3s.7f""","=""3F*""","=""2""",,"=""T6298c4,LS""","=""""",
"=""209.5100""","=""209.5097""","=""100""","=""2.87e+07""",D,"=""95550.51""","=""143265.83""","=""3s.3d""","=""3D""","=""2""","=""3s.7f""","=""3F*""","=""2""",,"=""T6298c4,LS""","=""L4575""",
"=""209.5140""","=""209.5138""","=""200""","=""1.55e+08""",C+,"=""95551.44""","=""143265.83""","=""3s.3d""","=""3D""","=""1""","=""3s.7f""","=""3F*""","=""2""",,"=""T6298c4,LS""","=""L4575""",
"=""209.9709""","=""209.9706""","=""80""","=""""",,"=""95350.60""","=""142961.20""","=""3s.4s""","=""1S""","=""0""","=""3s.8p""","=""1P*""","=""1""",,"=""""","=""L4575""",
"=""219.2604""","=""219.2604""","=""500""","=""2.47e+08""",C+,"=""95549.42""","=""141143.05""","=""3s.3d""","=""3D""","=""3""","=""3p.3d""","=""3F*""","=""4""",,"=""T6298c4,LS""","=""L4575""",
"=""219.4189""","=""219.4191""","=""20""","=""2.74e+07""",C,"=""95549.42""","=""141110.06""","=""3s.3d""","=""3D""","=""3""","=""3p.3d""","=""3F*""","=""3""",,"=""T6298c4,LS""","=""L4575""",
"=""219.4245""","=""219.4244""","=""70""","=""2.19e+08""",C+,"=""95550.51""","=""141110.06""","=""3s.3d""","=""3D""","=""2""","=""3p.3d""","=""3F*""","=""3""",,"=""T6298c4,LS""","=""L4575""",
"=""""","=""219.5404""","=""""","=""1.08e+06""",E,"=""95549.42""","=""141084.89""","=""3s.3d""","=""3D""","=""3""","=""3p.3d""","=""3F*""","=""2""",,"=""T6298c4,LS""","=""""",
"=""219.5456""","=""219.5457""","=""300""","=""3.83e+07""",C,"=""95550.51""","=""141084.89""","=""3s.3d""","=""3D""","=""2""","=""3p.3d""","=""3F*""","=""2""",,"=""T6298c4,LS""","=""L4575""",
"=""219.5502""","=""219.5502""","=""300""","=""2.07e+08""",C+,"=""95551.44""","=""141084.89""","=""3s.3d""","=""3D""","=""1""","=""3p.3d""","=""3F*""","=""2""",,"=""T6298c4,LS""","=""L4575""",
"=""224.3045""","=""224.3047""","=""300""","=""3.03e+07""",C+,"=""95350.60""","=""139918.98""","=""3s.4s""","=""1S""","=""0""","=""3s.7p""","=""1P*""","=""1""",,"=""T6533""","=""L4575""",
"=""228.5126""","=""228.5133""","=""50""","=""""",,"=""91274.50""","=""135022.127""","=""3s.4s""","=""3S""","=""1""","=""3s.6p""","=""3P*""","=""2""",,"=""""","=""L4575""",
"=""228.5470""","=""228.5469""","=""10""","=""""",,"=""91274.50""","=""135015.701""","=""3s.4s""","=""3S""","=""1""","=""3s.6p""","=""3P*""","=""1""",,"=""""","=""L4575""",
"=""228.569""","=""228.5647""","=""5""","=""""",,"=""91274.50""","=""135012.285""","=""3s.4s""","=""3S""","=""1""","=""3s.6p""","=""3P*""","=""0""",,"=""""","=""L3471""",
"=""231.2225""","=""231.2192""","=""1""","=""""",,"=""105441.50""","=""148677.2""","=""3s.4p""","=""3P*""","=""1""","=""3s.13s""","=""3S""","=""1""",,"=""""","=""L3471""",
"=""231.3768""","=""231.3768""","=""100""","=""""",,"=""105470.93""","=""148677.2""","=""3s.4p""","=""3P*""","=""2""","=""3s.13s""","=""3S""","=""1""",,"=""""","=""L4575""",
"=""232.4199""","=""232.4198""","=""350""","=""3.46e+07""",C+,"=""95549.42""","=""138561.8""","=""3s.3d""","=""3D""","=""3""","=""3s.6f""","=""3F*""","=""4""",,"=""T6298c4,LS""","=""L4575""",
"=""232.5436""","=""232.5437""","=""10""","=""3.85e+06""",C,"=""95549.42""","=""138538.9""","=""3s.3d""","=""3D""","=""3""","=""3s.6f""","=""3F*""","=""3""",,"=""T6298c4,LS""","=""L4575""",
"=""232.5494""","=""232.5496""","=""300""","=""3.07e+07""",C+,"=""95550.51""","=""138538.9""","=""3s.3d""","=""3D""","=""2""","=""3s.6f""","=""3F*""","=""3""",,"=""T6298c4,LS""","=""L4575""",
"=""""","=""232.6384""","=""""","=""1.52e+05""",E,"=""95549.42""","=""138521.4""","=""3s.3d""","=""3D""","=""3""","=""3s.6f""","=""3F*""","=""2""",,"=""T6298c4,LS""","=""""",
"=""232.6445""","=""232.6443""","=""10""","=""5.38e+06""",C,"=""95550.51""","=""138521.4""","=""3s.3d""","=""3D""","=""2""","=""3s.6f""","=""3F*""","=""2""",,"=""T6298c4,LS""","=""L4575""",
"=""232.6496""","=""232.6493""","=""300""","=""2.90e+07""",C+,"=""95551.44""","=""138521.4""","=""3s.3d""","=""3D""","=""1""","=""3s.6f""","=""3F*""","=""2""",,"=""T6298c4,LS""","=""L4575""",
"=""232.820""","=""232.8201""","=""3""","=""""",,"=""106920.56""","=""149859.0""","=""3s.4p""","=""1P*""","=""1""","=""3s.16s""","=""1S""","=""0""",,"=""""","=""L3471""",
"=""234.469""","=""234.4688""","=""7""","=""""",,"=""106920.56""","=""149557.1""","=""3s.4p""","=""1P*""","=""1""","=""3s.15s""","=""1S""","=""0""",,"=""""","=""L3471""",
"=""234.547""","=""234.5473""","=""3""","=""""",,"=""105470.93""","=""148093.2""","=""3s.4p""","=""3P*""","=""2""","=""3s.11d""","=""3D""","=""3""",,"=""""","=""L3471""",
"=""234.592""","=""234.5895""","=""3""","=""""",,"=""105441.50""","=""148056.1""","=""3s.4p""","=""3P*""","=""1""","=""3s.12s""","=""3S""","=""1""",,"=""""","=""L3471""",
"=""234.7516""","=""234.7516""","=""30""","=""""",,"=""105470.93""","=""148056.1""","=""3s.4p""","=""3P*""","=""2""","=""3s.12s""","=""3S""","=""1""",,"=""""","=""L4575""",
"=""236.5460""","=""236.5489""","=""10""","=""""",,"=""106920.56""","=""149182.2""","=""3s.4p""","=""1P*""","=""1""","=""3s.14s""","=""1S""","=""0""",,"=""""","=""L3471""",
"=""238.825""","=""238.8160""","=""1""","=""""",,"=""105427.52""","=""147288.0""","=""3s.4p""","=""3P*""","=""0""","=""3s.10d""","=""3D""","=""1""",,"=""""","=""L3471""",
"=""238.9035""","=""238.9035""","=""5""","=""""",,"=""105441.50""","=""147286.65""","=""3s.4p""","=""3P*""","=""1""","=""3s.10d""","=""3D""","=""2""",,"=""""","=""L4575""",
"=""239.0692""","=""239.0691""","=""25""","=""""",,"=""105470.93""","=""147287.10""","=""3s.4p""","=""3P*""","=""2""","=""3s.10d""","=""3D""","=""3""",,"=""""","=""L4575""",
"=""239.1276""","=""239.1276""","=""15""","=""""",,"=""105427.52""","=""147233.45""","=""3s.4p""","=""3P*""","=""0""","=""3s.11s""","=""3S""","=""1""",,"=""""","=""L4575""",
"=""239.2078""","=""239.2076""","=""50""","=""""",,"=""105441.50""","=""147233.45""","=""3s.4p""","=""3P*""","=""1""","=""3s.11s""","=""3S""","=""1""",,"=""""","=""L4575""",
"=""239.2234""","=""239.2232""","=""10""","=""""",,"=""106920.56""","=""148709.8""","=""3s.4p""","=""1P*""","=""1""","=""3s.13s""","=""1S""","=""0""",,"=""""","=""L4575""",
"=""239.3760""","=""239.3762""","=""100""","=""""",,"=""105470.93""","=""147233.45""","=""3s.4p""","=""3P*""","=""2""","=""3s.11s""","=""3S""","=""1""",,"=""""","=""L4575""",
"=""242.5596""","=""242.5590""","=""5""","=""""",,"=""106920.56""","=""148135.13""","=""3s.4p""","=""1P*""","=""1""","=""3s.11d""","=""1D""","=""2""",,"=""""","=""L4575""",
"=""242.7742""","=""242.7742""","=""50""","=""""",,"=""106920.56""","=""148098.6""","=""3s.4p""","=""1P*""","=""1""","=""3s.12s""","=""1S""","=""0""",,"=""""","=""L4575""",
"=""245.2584""","=""245.2584""","=""30""","=""""",,"=""105427.52""","=""146188.5""","=""3s.4p""","=""3P*""","=""0""","=""3s.9d""","=""3D""","=""1""",,"=""""","=""L4575""",
"=""245.3423""","=""245.3426""","=""100""","=""""",,"=""105441.50""","=""146188.5""","=""3s.4p""","=""3P*""","=""1""","=""3s.9d""","=""3D""","=""2""",,"=""""","=""L4575""",
"=""245.5177""","=""245.5175""","=""200""","=""""",,"=""105470.93""","=""146188.9""","=""3s.4p""","=""3P*""","=""2""","=""3s.9d""","=""3D""","=""3""",,"=""""","=""L4575""",
"=""245.7187""","=""245.7188""","=""100""","=""""",,"=""105427.52""","=""146112.14""","=""3s.4p""","=""3P*""","=""0""","=""3s.10s""","=""3S""","=""1""",,"=""""","=""L4575""",
"=""245.8037""","=""245.8032""","=""300""","=""""",,"=""105441.50""","=""146112.14""","=""3s.4p""","=""3P*""","=""1""","=""3s.10s""","=""3S""","=""1""",,"=""""","=""L4575""",
"=""245.888""","=""245.8883""","=""3""","=""""",,"=""110089.83""","=""150746.4""","=""3s.3d""","=""1D""","=""2""","=""3s.20f""","=""1F*""","=""3""",,"=""""","=""L3471""",
"=""245.9809""","=""245.9812""","=""500""","=""""",,"=""105470.93""","=""146112.14""","=""3s.4p""","=""3P*""","=""2""","=""3s.10s""","=""3S""","=""1""",,"=""""","=""L4575""",
"=""246.628""","=""246.6278""","=""3""","=""""",,"=""110089.83""","=""150624.5""","=""3s.3d""","=""1D""","=""2""","=""3s.19f""","=""1F*""","=""3""",,"=""""","=""L3471""",
"=""247.3008""","=""247.3010""","=""25""","=""""",,"=""106920.56""","=""147344.89""","=""3s.4p""","=""1P*""","=""1""","=""3s.10d""","=""1D""","=""2""",,"=""""","=""L4575""",
"=""247.5252""","=""247.5256""","=""1500""","=""4.60e+07""",C+,"=""85481.35""","=""125869.015""","=""3p2""","=""1D""","=""2""","=""3s.5p""","=""1P*""","=""1""",,"=""T6533""","=""L4575""",
"=""247.6322""","=""247.6313""","=""300""","=""""",,"=""106920.56""","=""147290.98""","=""3s.4p""","=""1P*""","=""1""","=""3s.11s""","=""1S""","=""0""",,"=""""","=""L4575""",
"=""248.535""","=""248.5354""","=""5""","=""""",,"=""110089.83""","=""150313.4""","=""3s.3d""","=""1D""","=""2""","=""3s.17f""","=""1F*""","=""3""",,"=""""","=""L3471""",
"=""249.7886""","=""249.7887""","=""10""","=""""",,"=""110089.83""","=""150111.6""","=""3s.3d""","=""1D""","=""2""","=""3s.16f""","=""1F*""","=""3""",,"=""""","=""L4575""",
"=""250.425""","=""250.4251""","=""5""","=""""",,"=""110089.83""","=""150009.9""","=""3s.3d""","=""1D""","=""2""","=""3s.17p""","=""1P*""","=""1""",,"=""""","=""L3471""",
"=""251.3145""","=""251.3147""","=""20""","=""""",,"=""110089.83""","=""149868.6""","=""3s.3d""","=""1D""","=""2""","=""3s.15f""","=""1F*""","=""3""",,"=""""","=""L4575""",
"=""252.0579""","=""252.0587""","=""45""","=""""",,"=""110089.83""","=""149751.2""","=""3s.3d""","=""1D""","=""2""","=""3s.16p""","=""1P*""","=""1""",,"=""""","=""L4575""",
"=""252.6486""","=""252.6484""","=""1000""","=""1.94e+07""",C+,"=""95350.60""","=""134919.40""","=""3s.4s""","=""1S""","=""0""","=""3s.6p""","=""1P*""","=""1""",,"=""T6533""","=""L4575""",
"=""253.2092""","=""253.2092""","=""50""","=""""",,"=""110089.83""","=""149571.0""","=""3s.3d""","=""1D""","=""2""","=""3s.14f""","=""1F*""","=""3""",,"=""""","=""L4575""",
"=""253.2629""","=""253.2635""","=""300""","=""""",,"=""95549.42""","=""135022.127""","=""3s.3d""","=""3D""","=""3""","=""3s.6p""","=""3P*""","=""2""",,"=""""","=""L4575""",
"=""253.3117""","=""253.3117""","=""5""","=""""",,"=""95550.51""","=""135015.701""","=""3s.3d""","=""3D""","=""2""","=""3s.6p""","=""3P*""","=""1""",,"=""""","=""L4575""",
"=""253.3170""","=""253.3177""","=""45""","=""""",,"=""95551.44""","=""135015.701""","=""3s.3d""","=""3D""","=""1""","=""3s.6p""","=""3P*""","=""1""",,"=""""","=""L4575""",
"=""254.0179""","=""254.0182""","=""150""","=""""",,"=""106920.56""","=""146276.0""","=""3s.4p""","=""1P*""","=""1""","=""3s.9d""","=""1D""","=""2""",,"=""""","=""L4575""",
"=""254.0706""","=""254.0705""","=""100""","=""""",,"=""110089.83""","=""149437.17""","=""3s.3d""","=""1D""","=""2""","=""3s.15p""","=""1P*""","=""1""",,"=""""","=""L4575""",
"=""254.5606""","=""254.5609""","=""450""","=""""",,"=""106920.56""","=""146192.1""","=""3s.4p""","=""1P*""","=""1""","=""3s.10s""","=""1S""","=""0""",,"=""""","=""L4575""",
"=""254.9314""","=""254.9313""","=""150""","=""""",,"=""105427.52""","=""144642.0""","=""3s.4p""","=""3P*""","=""0""","=""3s.8d""","=""3D""","=""1""",,"=""""","=""L4575""",
"=""255.0217""","=""255.0211""","=""450""","=""""",,"=""105441.50""","=""144642.18""","=""3s.4p""","=""3P*""","=""1""","=""3s.8d""","=""3D""","=""2""",,"=""""","=""L4575""",
"=""255.2109""","=""255.2109""","=""500""","=""""",,"=""105470.93""","=""144642.45""","=""3s.4p""","=""3P*""","=""2""","=""3s.8d""","=""3D""","=""3""",,"=""""","=""L4575""",
"=""255.6007""","=""255.6008""","=""50""","=""""",,"=""110089.83""","=""149201.6""","=""3s.3d""","=""1D""","=""2""","=""3s.13f""","=""1F*""","=""3""",,"=""""","=""L4575""",
"=""255.6793""","=""255.6789""","=""300""","=""""",,"=""105427.52""","=""144527.35""","=""3s.4p""","=""3P*""","=""0""","=""3s.9s""","=""3S""","=""1""",,"=""""","=""L4575""",
"=""255.7707""","=""255.7704""","=""500""","=""""",,"=""105441.50""","=""144527.35""","=""3s.4p""","=""3P*""","=""1""","=""3s.9s""","=""3S""","=""1""",,"=""""","=""L4575""",
"=""255.9627""","=""255.9631""","=""1000""","=""""",,"=""105470.93""","=""144527.35""","=""3s.4p""","=""3P*""","=""2""","=""3s.9s""","=""3S""","=""1""",,"=""""","=""L4575""",
"=""256.5694""","=""256.5693""","=""150""","=""""",,"=""110089.83""","=""149053.98""","=""3s.3d""","=""1D""","=""2""","=""3s.14p""","=""1P*""","=""1""",,"=""""","=""L4575""",
"=""258.6829""","=""258.6827""","=""150""","=""""",,"=""110089.83""","=""148735.66""","=""3s.3d""","=""1D""","=""2""","=""3s.12f""","=""1F*""","=""3""",,"=""""","=""L4575""",
"=""259.6992""","=""259.6990""","=""300""","=""""",,"=""110089.83""","=""148584.44""","=""3s.3d""","=""1D""","=""2""","=""3s.13p""","=""1P*""","=""1""",,"=""""","=""L4575""",
"=""262.2926""","=""262.2934""","=""15""","=""""",,"=""111637.33""","=""149751.2""","=""3p2""","=""1S""","=""0""","=""3s.16p""","=""1P*""","=""1""",,"=""""","=""L4575""",
"=""262.7597""","=""262.7609""","=""350""","=""""",,"=""110089.83""","=""148135.9""","=""3s.3d""","=""1D""","=""2""","=""3s.11f""","=""1F*""","=""3""",,"=""""","=""L4575""",
"=""263.1546""","=""263.1546""","=""100""","=""2.48e+08""",B+,"=""85481.35""","=""123470.5""","=""3p2""","=""1D""","=""2""","=""3s.4f""","=""1F*""","=""3""",,"=""T6533""","=""L4575""",
"=""263.5020""","=""263.5018""","=""250""","=""""",,"=""85481.35""","=""123420.45""","=""3p2""","=""1D""","=""2""","=""3s.4f""","=""3F*""","=""3""",,"=""""","=""L4575""",
"=""263.6724""","=""263.6716""","=""500""","=""""",,"=""110089.83""","=""148004.49""","=""3s.3d""","=""1D""","=""2""","=""3s.12p""","=""1P*""","=""1""",,"=""""","=""L4575""",
"=""263.7689""","=""263.7691""","=""3000""","=""2.85e+07""",C+,"=""95549.42""","=""133450.07""","=""3s.3d""","=""3D""","=""3""","=""3s.5f""","=""3F*""","=""4""",,"=""T6298c4,LS""","=""L4575""",
"=""263.8178""","=""263.8178""","=""1000""","=""3.18e+06""",C+,"=""95549.42""","=""133443.08""","=""3s.3d""","=""3D""","=""3""","=""3s.5f""","=""3F*""","=""3""",,"=""T6298c4,LS""","=""L4575""",
"=""263.8255""","=""263.8254""","=""2500""","=""2.53e+07""",C+,"=""95550.51""","=""133443.08""","=""3s.3d""","=""3D""","=""2""","=""3s.5f""","=""3F*""","=""3""",,"=""T6298c4,LS""","=""L4575""",
"=""""","=""263.8552""","=""""","=""1.25e+05""",E,"=""95549.42""","=""133437.71""","=""3s.3d""","=""3D""","=""3""","=""3s.5f""","=""3F*""","=""2""",,"=""T6298c4,LS""","=""""",
"=""263.8627""","=""263.8628""","=""500""","=""4.44e+06""",C+,"=""95550.51""","=""133437.71""","=""3s.3d""","=""3D""","=""2""","=""3s.5f""","=""3F*""","=""2""",,"=""T6298c4,LS""","=""L4575""",
"=""263.8690""","=""263.8692""","=""2000""","=""2.40e+07""",C+,"=""95551.44""","=""133437.71""","=""3s.3d""","=""3D""","=""1""","=""3s.5f""","=""3F*""","=""2""",,"=""T6298c4,LS""","=""L4575""",
"=""264.0408""","=""264.0407""","=""450""","=""""",,"=""106920.56""","=""144782.23""","=""3s.4p""","=""1P*""","=""1""","=""3s.8d""","=""1D""","=""2""",,"=""""","=""L4575""",
"=""265.0073""","=""265.0073""","=""500""","=""""",,"=""106920.56""","=""144644.14""","=""3s.4p""","=""1P*""","=""1""","=""3s.9s""","=""1S""","=""0""",,"=""""","=""L4575""",
"=""""","=""266.0355""","=""""","=""3.35e-03""",A+,"=""0.00""","=""37577.79""","=""2p6.3s2""","=""1S""","=""0""","=""3s.3p""","=""3P*""","=""2""",M2,"=""c41""","=""""",
"=""266.9157""","=""266.9155""","=""2500g""","=""3.28e+03""",A+,"=""0.00""","=""37453.91""","=""2p6.3s2""","=""1S""","=""0""","=""3s.3p""","=""3P*""","=""1""",,"=""T6947""","=""L4575""",
"=""267.1811""","=""267.1813""","=""45""","=""""",,"=""111637.33""","=""149053.98""","=""3p2""","=""1S""","=""0""","=""3s.14p""","=""1P*""","=""1""",,"=""""","=""L4575""",
"=""268.3274""","=""268.3274""","=""500""","=""""",,"=""110089.83""","=""147346.67""","=""3s.3d""","=""1D""","=""2""","=""3s.10f""","=""1F*""","=""3""",,"=""""","=""L4575""",
"=""268.8743""","=""268.8748""","=""500""","=""""",,"=""110089.83""","=""147270.82""","=""3s.3d""","=""1D""","=""2""","=""3s.11p""","=""1P*""","=""1""",,"=""""","=""L4575""",
"=""270.5770""","=""270.5769""","=""50""","=""""",,"=""111637.33""","=""148584.44""","=""3p2""","=""1S""","=""0""","=""3s.13p""","=""1P*""","=""1""",,"=""""","=""L4575""",
"=""270.6435""","=""270.6435""","=""300""","=""""",,"=""105427.52""","=""142365.54""","=""3s.4p""","=""3P*""","=""0""","=""3s.7d""","=""3D""","=""1""",,"=""""","=""L4575""",
"=""270.7452""","=""270.7449""","=""500""","=""""",,"=""105441.50""","=""142365.69""","=""3s.4p""","=""3P*""","=""1""","=""3s.7d""","=""3D""","=""2""",,"=""""","=""L4575""",
"=""270.9593""","=""270.9587""","=""1000""","=""""",,"=""105470.93""","=""142365.98""","=""3s.4p""","=""3P*""","=""2""","=""3s.7d""","=""3D""","=""3""",,"=""""","=""L4575""",
"=""271.9884""","=""271.9881""","=""350""","=""""",,"=""105427.52""","=""142182.94""","=""3s.4p""","=""3P*""","=""0""","=""3s.8s""","=""3S""","=""1""",,"=""""","=""L4575""",
"=""272.3098""","=""272.3098""","=""500""","=""""",,"=""105470.93""","=""142182.94""","=""3s.4p""","=""3P*""","=""2""","=""3s.8s""","=""3S""","=""1""",,"=""""","=""L4575""",
"=""274.8925""","=""274.8921""","=""150""","=""""",,"=""111637.33""","=""148004.49""","=""3p2""","=""1S""","=""0""","=""3s.12p""","=""1P*""","=""1""",,"=""""","=""L4575""",
"=""276.0844""","=""276.0845""","=""500""","=""""",,"=""110089.83""","=""146299.92""","=""3s.3d""","=""1D""","=""2""","=""3s.10p""","=""1P*""","=""1""",,"=""""","=""L4575""",
"=""276.2464""","=""276.2464""","=""500""","=""""",,"=""110089.83""","=""146278.70""","=""3s.3d""","=""1D""","=""2""","=""3s.9f""","=""1F*""","=""3""",,"=""""","=""L4575""",
"=""280.1178""","=""280.1181""","=""500""","=""""",,"=""106920.56""","=""142609.27""","=""3s.4p""","=""1P*""","=""1""","=""3s.7d""","=""1D""","=""2""",,"=""""","=""L4575""",
"=""280.5518""","=""280.5522""","=""150""","=""""",,"=""111637.33""","=""147270.82""","=""3p2""","=""1S""","=""0""","=""3s.11p""","=""1P*""","=""1""",,"=""""","=""L4575""",
"=""281.6185""","=""281.6185""","=""4000""","=""3.57e+08""",A,"=""59852.02""","=""95350.60""","=""3s.3p""","=""1P*""","=""1""","=""3s.4s""","=""1S""","=""0""",,"=""c47,u24""","=""L4575""",
"=""282.0646""","=""282.0641""","=""125""","=""""",,"=""106920.56""","=""142363.06""","=""3s.4p""","=""1P*""","=""1""","=""3s.8s""","=""1S""","=""0""",,"=""""","=""L4575""",
"=""286.8494""","=""286.8494""","=""1000""","=""""",,"=""110089.83""","=""144941.10""","=""3s.3d""","=""1D""","=""2""","=""3s.9p""","=""1P*""","=""1""",,"=""""","=""L4575""",
"=""288.1450""","=""288.1446""","=""500""","=""""",,"=""110089.83""","=""144784.45""","=""3s.3d""","=""1D""","=""2""","=""3s.8f""","=""1F*""","=""3""",,"=""""","=""L4575""",
"=""288.4106""","=""288.4109""","=""10""","=""""",,"=""111637.33""","=""146299.92""","=""3p2""","=""1S""","=""0""","=""3s.10p""","=""1P*""","=""1""",,"=""""","=""L4575""",
"=""290.2141""","=""290.2143""","=""""","=""""",,"=""91274.50""","=""125721.703""","=""3s.4s""","=""3S""","=""1""","=""3s.5p""","=""3P*""","=""2""",,"=""""","=""L3515""",
"=""290.3225""","=""290.3228""","=""""","=""""",,"=""91274.50""","=""125708.828""","=""3s.4s""","=""3S""","=""1""","=""3s.5p""","=""3P*""","=""1""",,"=""""","=""L3515""",
"=""290.3718""","=""290.3708""","=""""","=""""",,"=""91274.50""","=""125703.14""","=""3s.4s""","=""3S""","=""1""","=""3s.5p""","=""3P*""","=""0""",,"=""""","=""L3515""",
"=""299.4277""","=""299.4273""","=""50""","=""4.04e+06""",C,"=""105427.52""","=""138814.87""","=""3s.4p""","=""3P*""","=""0""","=""3s.6d""","=""3D""","=""1""",,"=""T6298c4,LS""","=""L4575""",
"=""299.5525""","=""299.5528""","=""400""","=""5.44e+06""",C+,"=""105441.50""","=""138814.87""","=""3s.4p""","=""3P*""","=""1""","=""3s.6d""","=""3D""","=""2""",,"=""T6298c4,LS""","=""L4575""",
"=""""","=""299.5528""","=""""","=""3.03e+06""",C,"=""105441.50""","=""138814.87""","=""3s.4p""","=""3P*""","=""1""","=""3s.6d""","=""3D""","=""1""",,"=""T6298c4,LS""","=""""",
"=""299.8150""","=""299.8149""","=""500""","=""7.26e+06""",C+,"=""105470.93""","=""138815.12""","=""3s.4p""","=""3P*""","=""2""","=""3s.6d""","=""3D""","=""3""",,"=""T6298c4,LS""","=""L4575""",
"=""""","=""299.8172""","=""""","=""2.01e+05""",D,"=""105470.93""","=""138814.87""","=""3s.4p""","=""3P*""","=""2""","=""3s.6d""","=""3D""","=""1""",,"=""T6298c4,LS""","=""""",
"=""""","=""299.8172""","=""""","=""1.81e+06""",C,"=""105470.93""","=""138814.87""","=""3s.4p""","=""3P*""","=""2""","=""3s.6d""","=""3D""","=""2""",,"=""T6298c4,LS""","=""""",
"=""300.1790""","=""300.1788""","=""30""","=""""",,"=""111637.33""","=""144941.10""","=""3p2""","=""1S""","=""0""","=""3s.9p""","=""1P*""","=""1""",,"=""""","=""L4575""",
"=""302.2789""","=""302.2792""","=""15""","=""2.68e+06""",E,"=""105427.52""","=""138499.89""","=""3s.4p""","=""3P*""","=""0""","=""3s.7s""","=""3S""","=""1""",,"=""T6298c4,LS""","=""L4575""",
"=""302.4077""","=""302.4070""","=""200""","=""8.02e+06""",D,"=""105441.50""","=""138499.89""","=""3s.4p""","=""3P*""","=""1""","=""3s.7s""","=""3S""","=""1""",,"=""T6298c4,LS""","=""L4575""",
"=""302.6761""","=""302.6765""","=""500""","=""1.33e+07""",C,"=""105470.93""","=""138499.89""","=""3s.4p""","=""3P*""","=""2""","=""3s.7s""","=""3S""","=""1""",,"=""T6298c4,LS""","=""L4575""",
"=""304.1276""","=""304.1276""","=""750""","=""""",,"=""110089.83""","=""142961.20""","=""3s.3d""","=""1D""","=""2""","=""3s.8p""","=""1P*""","=""1""",,"=""""","=""L4575""",
"=""307.4691""","=""307.4684""","=""750""","=""9.02e+06""",C,"=""110089.83""","=""142604.05""","=""3s.3d""","=""1D""","=""2""","=""3s.7f""","=""1F*""","=""3""",,"=""T6533""","=""L4575""",
"=""308.8516""","=""308.8518""","=""800""","=""1.08e+07""",B,"=""106920.56""","=""139289.15""","=""3s.4p""","=""1P*""","=""1""","=""3s.6d""","=""1D""","=""2""",,"=""T6533""","=""L4575""",
"=""313.5848""","=""313.5850""","=""75""","=""""",,"=""106920.56""","=""138800.60""","=""3s.4p""","=""1P*""","=""1""","=""3s.7s""","=""1S""","=""0""",,"=""""","=""L4575""",
"=""319.1529""","=""319.1531""","=""2""","=""""",,"=""111637.33""","=""142961.20""","=""3p2""","=""1S""","=""0""","=""3s.8p""","=""1P*""","=""1""",,"=""""","=""L4575""",
"=""327.5767""","=""327.5766""","=""80""","=""7.41e+06""",C+,"=""95350.60""","=""125869.015""","=""3s.4s""","=""1S""","=""0""","=""3s.5p""","=""1P*""","=""1""",,"=""T6533""","=""L4575""",
"=""331.3344""","=""331.3346""","=""80""","=""1.33e+06""",C,"=""95549.42""","=""125721.703""","=""3s.3d""","=""3D""","=""3""","=""3s.5p""","=""3P*""","=""2""",,"=""T6298c4,LS""","=""L3515""",
"=""331.3470""","=""331.3466""","=""2""","=""2.37e+05""",D,"=""95550.51""","=""125721.703""","=""3s.3d""","=""3D""","=""2""","=""3s.5p""","=""3P*""","=""2""",,"=""T6298c4,LS""","=""L3515""",
"=""""","=""331.3568""","=""""","=""1.58e+04""",E,"=""95551.44""","=""125721.703""","=""3s.3d""","=""3D""","=""1""","=""3s.5p""","=""3P*""","=""2""",,"=""T6298c4,LS""","=""""",
"=""331.4756""","=""331.4761""","=""2""","=""""",,"=""95549.42""","=""125708.828""","=""3s.3d""","=""3D""","=""3""","=""3s.5p""","=""3P*""","=""1""",,"=""""","=""L3515""",
"=""331.4883""","=""331.4881""","=""40""","=""1.18e+06""",C,"=""95550.51""","=""125708.828""","=""3s.3d""","=""3D""","=""2""","=""3s.5p""","=""3P*""","=""1""",,"=""T6298c4,LS""","=""L3515""",
"=""331.4981""","=""331.4983""","=""1""","=""3.94e+05""",D,"=""95551.44""","=""125708.828""","=""3s.3d""","=""3D""","=""1""","=""3s.5p""","=""3P*""","=""1""",,"=""T6298c4,LS""","=""L3515""",
"=""331.5516""","=""331.5506""","=""2""","=""""",,"=""95550.51""","=""125703.14""","=""3s.3d""","=""3D""","=""2""","=""3s.5p""","=""3P*""","=""0""",,"=""""","=""L3515""",
"=""331.5608""","=""331.5608""","=""10""","=""1.58e+06""",D,"=""95551.44""","=""125703.14""","=""3s.3d""","=""3D""","=""1""","=""3s.5p""","=""3P*""","=""0""",,"=""T6298c4,LS""","=""L3515""",
"=""335.1462""","=""335.1462""","=""50""","=""1.04e+07""",C,"=""110089.83""","=""139918.98""","=""3s.3d""","=""1D""","=""2""","=""3s.7p""","=""1P*""","=""1""",,"=""T6533""","=""L4575""",
"=""342.8894""","=""342.8900""","=""30""","=""5.78e+06""",C+,"=""110089.83""","=""139245.343""","=""3s.3d""","=""1D""","=""2""","=""3s.6f""","=""1F*""","=""3""",,"=""T6533""","=""L4575""",
"=""346.363""","=""346.3603""","=""5""","=""""",,"=""121483.50""","=""150346.9""","=""3s.4d""","=""3D""","=""3""","=""3s.17f""","=""3F*""","=""4""",,"=""""","=""L3471""",
"=""351.605""","=""351.6059""","=""2""","=""""",,"=""121483.50""","=""149916.3""","=""3s.4d""","=""3D""","=""3""","=""3s.15f""","=""3F*""","=""4""",,"=""""","=""L3471""",
"=""353.4856""","=""353.4851""","=""5""","=""8.11e+05""",C,"=""111637.33""","=""139918.98""","=""3p2""","=""1S""","=""0""","=""3s.7p""","=""1P*""","=""1""",,"=""T6533""","=""L4575""",
"=""355.200""","=""355.1951""","=""3""","=""""",,"=""121483.50""","=""149629.0""","=""3s.4d""","=""3D""","=""3""","=""3s.14f""","=""3F*""","=""4""",,"=""""","=""L3471""",
"=""358.6557""","=""358.6557""","=""200""","=""2.35e+08""",A,"=""95549.42""","=""123423.36""","=""3s.3d""","=""3D""","=""3""","=""3s.4f""","=""3F*""","=""4""",,"=""T6298c4,LS""","=""L3515""",
"=""358.6708""","=""358.6697""","=""15""","=""""",,"=""95550.51""","=""123423.36""","=""3s.3d""","=""3D""","=""2""","=""3s.4f""","=""3F*""","=""4""",,"=""""","=""L3515""",
"=""358.6811""","=""358.6817""","=""2""","=""""",,"=""95551.44""","=""123423.36""","=""3s.3d""","=""3D""","=""1""","=""3s.4f""","=""3F*""","=""4""",,"=""""","=""L3515""",
"=""358.6912""","=""358.6931+""","=""50""","=""""",,"=""95549.42""","=""123420.45""","=""3s.3d""","=""3D""","=""3""","=""3s.4f""","=""3F*""","=""3""",,"=""""","=""L3515c14""",
"=""358.6920""","=""358.6931""","=""75hfs""","=""2.62e+07""",B,"=""95549.42""","=""123420.45""","=""3s.3d""","=""3D""","=""3""","=""3s.4f""","=""3F*""","=""3""",,"=""T6298c4,LS""","=""L3515c150""",
"=""358.6936""","=""358.6931+""","=""25""","=""""",,"=""95549.42""","=""123420.45""","=""3s.3d""","=""3D""","=""3""","=""3s.4f""","=""3F*""","=""3""",,"=""""","=""L3515c14""",
"=""358.7068""","=""358.7072""","=""100""","=""2.09e+08""",B+,"=""95550.51""","=""123420.45""","=""3s.3d""","=""3D""","=""2""","=""3s.4f""","=""3F*""","=""3""",,"=""T6298c4,LS""","=""L3515""",
"=""358.7165""","=""358.7185+""","=""5""","=""""",,"=""95549.42""","=""123418.48""","=""3s.3d""","=""3D""","=""3""","=""3s.4f""","=""3F*""","=""2""",,"=""""","=""L3515c14""",
"=""358.7185""","=""358.7185""","=""15hfs""","=""1.03e+06""",C,"=""95549.42""","=""123418.48""","=""3s.3d""","=""3D""","=""3""","=""3s.4f""","=""3F*""","=""2""",,"=""T6298c4,LS""","=""L3515c150""",
"=""358.7195""","=""358.7185+""","=""10""","=""""",,"=""95549.42""","=""123418.48""","=""3s.3d""","=""3D""","=""3""","=""3s.4f""","=""3F*""","=""2""",,"=""""","=""L3515c14""",
"=""358.7309""","=""358.7325+""","=""30""","=""""",,"=""95550.51""","=""123418.48""","=""3s.3d""","=""3D""","=""2""","=""3s.4f""","=""3F*""","=""2""",,"=""""","=""L3515c14""",
"=""358.7330""","=""358.7325""","=""80hfs""","=""3.66e+07""",B,"=""95550.51""","=""123418.48""","=""3s.3d""","=""3D""","=""2""","=""3s.4f""","=""3F*""","=""2""",,"=""T6298c4,LS""","=""L3515c150""",
"=""358.7342""","=""358.7325+""","=""50""","=""""",,"=""95550.51""","=""123418.48""","=""3s.3d""","=""3D""","=""2""","=""3s.4f""","=""3F*""","=""2""",,"=""""","=""L3515c14""",
"=""358.7450""","=""358.7445""","=""70""","=""1.97e+08""",B+,"=""95551.44""","=""123418.48""","=""3s.3d""","=""3D""","=""1""","=""3s.4f""","=""3F*""","=""2""",,"=""T6298c4,LS""","=""L4575""",
"=""359.750""","=""359.7455""","=""4""","=""""",,"=""121483.50""","=""149273.0""","=""3s.4d""","=""3D""","=""3""","=""3s.13f""","=""3F*""","=""4""",,"=""""","=""L3471""",
"=""364.9184""","=""364.9204+""","=""10""","=""""",,"=""105427.52""","=""132822.95""","=""3s.4p""","=""3P*""","=""0""","=""3s.5d""","=""3D""","=""1""",,"=""""","=""L3515c14""",
"=""364.9200""","=""364.9204""","=""15hfs""","=""1.26e+07""",C+,"=""105427.52""","=""132822.95""","=""3s.4p""","=""3P*""","=""0""","=""3s.5d""","=""3D""","=""1""",,"=""T6298c4,LS""","=""L3515c150""",
"=""364.9232""","=""364.9204+""","=""5""","=""""",,"=""105427.52""","=""132822.95""","=""3s.4p""","=""3P*""","=""0""","=""3s.5d""","=""3D""","=""1""",,"=""""","=""L3515c14""",
"=""365.1065""","=""365.1087+""","=""40""","=""""",,"=""105441.50""","=""132822.80""","=""3s.4p""","=""3P*""","=""1""","=""3s.5d""","=""3D""","=""2""",,"=""""","=""L3515c14""",
"=""""","=""365.1067""","=""""","=""9.45e+06""",C+,"=""105441.50""","=""132822.95""","=""3s.4p""","=""3P*""","=""1""","=""3s.5d""","=""3D""","=""1""",,"=""T6298c4,LS""","=""""",
"=""365.1078""","=""365.1087""","=""70hfs""","=""1.70e+07""",C+,"=""105441.50""","=""132822.80""","=""3s.4p""","=""3P*""","=""1""","=""3s.5d""","=""3D""","=""2""",,"=""T6298c4,LS""","=""L3515c150""",
"=""365.1096""","=""365.1087+""","=""30""","=""""",,"=""105441.50""","=""132822.80""","=""3s.4p""","=""3P*""","=""1""","=""3s.5d""","=""3D""","=""2""",,"=""""","=""L3515c14""",
"=""365.4981""","=""365.5004+""","=""35""","=""""",,"=""105470.93""","=""132822.89""","=""3s.4p""","=""3P*""","=""2""","=""3s.5d""","=""3D""","=""3""",,"=""""","=""L3515c14""",
"=""365.4991""","=""365.5004""","=""85hfs""","=""2.26e+07""",B,"=""105470.93""","=""132822.89""","=""3s.4p""","=""3P*""","=""2""","=""3s.5d""","=""3D""","=""3""",,"=""T6298c4,LS""","=""L3515c150""",
"=""""","=""365.4996""","=""""","=""6.28e+05""",C,"=""105470.93""","=""132822.95""","=""3s.4p""","=""3P*""","=""2""","=""3s.5d""","=""3D""","=""1""",,"=""T6298c4,LS""","=""""",
"=""365.4998""","=""365.5004+""","=""50""","=""""",,"=""105470.93""","=""132822.89""","=""3s.4p""","=""3P*""","=""2""","=""3s.5d""","=""3D""","=""3""",,"=""""","=""L3515c14""",
"=""""","=""365.5016""","=""""","=""5.64e+06""",C+,"=""105470.93""","=""132822.80""","=""3s.4p""","=""3P*""","=""2""","=""3s.5d""","=""3D""","=""2""",,"=""T6298c4,LS""","=""""",
"=""365.6319""","=""365.6309""","=""2""","=""""",,"=""121483.50""","=""148825.7""","=""3s.4d""","=""3D""","=""3""","=""3s.12f""","=""3F*""","=""4""",,"=""""","=""L3471""",
"=""370.3219""","=""370.3225""","=""30""","=""3.23e+07""",B+,"=""106920.56""","=""133916.368""","=""3s.4p""","=""1P*""","=""1""","=""3s.5d""","=""1D""","=""2""",,"=""T6533""","=""L4575""",
"=""373.1952""","=""373.1954""","=""10""","=""4.95e+06""",C+,"=""105427.52""","=""132215.517""","=""3s.4p""","=""3P*""","=""0""","=""3s.6s""","=""3S""","=""1""",,"=""T6298c4,LS""","=""L4575""",
"=""373.3908""","=""373.3903""","=""20""","=""1.48e+07""",C+,"=""105441.50""","=""132215.517""","=""3s.4p""","=""3P*""","=""1""","=""3s.6s""","=""3S""","=""1""",,"=""T6298c4,LS""","=""L4575""",
"=""373.4567""","=""373.4522""","=""3""","=""""",,"=""121483.50""","=""148253.08""","=""3s.4d""","=""3D""","=""3""","=""3s.11f""","=""3F*""","=""4""",,"=""""","=""L3471""",
"=""373.4715""","=""373.4658""","=""2*""","=""""",,"=""121483.92""","=""148252.52""","=""3s.4d""","=""3D""","=""2""","=""3s.11f""","=""3F*""","=""3""",,"=""""","=""L3471""",
"=""373.4715""","=""373.4726""","=""2*""","=""""",,"=""121484.252""","=""148252.37""","=""3s.4d""","=""3D""","=""1""","=""3s.11f""","=""3F*""","=""2""",,"=""""","=""L3471""",
"=""373.8015""","=""373.8012""","=""50""","=""2.46e+07""",C+,"=""105470.93""","=""132215.517""","=""3s.4p""","=""3P*""","=""2""","=""3s.6s""","=""3S""","=""1""",,"=""T6298c4,LS""","=""L4575""",
"=""375.310""","=""375.3002""","=""2""","=""""",,"=""121366.725""","=""148004.49""","=""3s.5s""","=""1S""","=""0""","=""3s.12p""","=""1P*""","=""1""",,"=""""","=""L3471""",
"=""""","=""377.1207""","=""""","=""""",,"=""120092.919""","=""146602.10""","=""3s.5s""","=""3S""","=""1""","=""3s.10p""","=""3P*""","=""2""",,"=""""","=""""",
"=""""","=""377.1939""","=""""","=""""",,"=""120092.919""","=""146596.95""","=""3s.5s""","=""3S""","=""1""","=""3s.10p""","=""3P*""","=""1""",,"=""""","=""""",
"=""""","=""377.2238""","=""""","=""""",,"=""120092.919""","=""146594.85""","=""3s.5s""","=""3S""","=""1""","=""3s.10p""","=""3P*""","=""0""",,"=""""","=""""",
"=""384.2037""","=""384.2016""","=""6""","=""""",,"=""121483.50""","=""147504.12""","=""3s.4d""","=""3D""","=""3""","=""3s.10f""","=""3F*""","=""4""",,"=""""","=""L3471""",
"=""384.2213""","=""384.2204""","=""4""","=""""",,"=""121483.92""","=""147503.27""","=""3s.4d""","=""3D""","=""2""","=""3s.10f""","=""3F*""","=""3""",,"=""""","=""L3471""",
"=""384.2317""","=""384.2328""","=""2""","=""""",,"=""121484.252""","=""147502.76""","=""3s.4d""","=""3D""","=""1""","=""3s.10f""","=""3F*""","=""2""",,"=""""","=""L3471""",
"=""385.933""","=""385.9299""","=""6""","=""""",,"=""121366.725""","=""147270.82""","=""3s.5s""","=""1S""","=""0""","=""3s.11p""","=""1P*""","=""1""",,"=""""","=""L3471""",
"=""386.6160""","=""386.6168""","=""8""","=""4.26e+07""",B,"=""106920.56""","=""132778.633""","=""3s.4p""","=""1P*""","=""1""","=""3s.6s""","=""1S""","=""0""",,"=""T6533""","=""L4575""",
"=""390.0675""","=""390.0675""","=""100""","=""4.8e+05""",E,"=""59852.02""","=""85481.35""","=""3s.3p""","=""1P*""","=""1""","=""3p2""","=""1D""","=""2""",,"=""T6298c4""","=""L4575""",
"=""""","=""397.9988""","=""""","=""""",,"=""121483.50""","=""146602.10""","=""3s.4d""","=""3D""","=""3""","=""3s.10p""","=""3P*""","=""2""",,"=""""","=""""",
"=""""","=""398.0871""","=""""","=""""",,"=""121483.92""","=""146596.95""","=""3s.4d""","=""3D""","=""2""","=""3s.10p""","=""3P*""","=""1""",,"=""""","=""""",
"=""""","=""398.1256""","=""""","=""""",,"=""121484.252""","=""146594.85""","=""3s.4d""","=""3D""","=""1""","=""3s.10p""","=""3P*""","=""0""",,"=""""","=""""",
"=""""","=""398.8249""","=""""","=""""",,"=""120092.919""","=""145159.49""","=""3s.5s""","=""3S""","=""1""","=""3s.9p""","=""3P*""","=""2""",,"=""""","=""""",
"=""""","=""398.9591""","=""""","=""""",,"=""120092.919""","=""145151.06""","=""3s.5s""","=""3S""","=""1""","=""3s.9p""","=""3P*""","=""1""",,"=""""","=""""",
"=""""","=""399.0422""","=""""","=""""",,"=""120092.919""","=""145145.84""","=""3s.5s""","=""3S""","=""1""","=""3s.9p""","=""3P*""","=""0""",,"=""""","=""""",
"=""399.5838""","=""399.5837""","=""40""","=""7.05e+06""",C,"=""121483.50""","=""146502.47""","=""3s.4d""","=""3D""","=""3""","=""3s.9f""","=""3F*""","=""4""",,"=""T6298c4,LS""","=""L4575""",
"=""399.6075""","=""399.6074""","=""10""","=""7.85e+05""",E,"=""121483.50""","=""146500.99""","=""3s.4d""","=""3D""","=""3""","=""3s.9f""","=""3F*""","=""3""",,"=""T6298c4,LS""","=""L3471""",
"=""399.6143""","=""399.6141""","=""30""","=""6.26e+06""",D,"=""121483.92""","=""146500.99""","=""3s.4d""","=""3D""","=""2""","=""3s.9f""","=""3F*""","=""3""",,"=""T6298c4,LS""","=""L4575""",
"=""399.6182""","=""399.6194""","=""5""","=""""",,"=""121484.252""","=""146500.99""","=""3s.4d""","=""3D""","=""1""","=""3s.9f""","=""3F*""","=""3""",,"=""""","=""L3471""",
"=""""","=""399.6248""","=""""","=""3.10e+04""",E,"=""121483.50""","=""146499.90""","=""3s.4d""","=""3D""","=""3""","=""3s.9f""","=""3F*""","=""2""",,"=""T6298c4,LS""","=""""",
"=""399.6323""","=""399.6315""","=""5""","=""1.10e+06""",E,"=""121483.92""","=""146499.90""","=""3s.4d""","=""3D""","=""2""","=""3s.9f""","=""3F*""","=""2""",,"=""T6298c4,LS""","=""L3471""",
"=""399.6370""","=""399.6368""","=""20""","=""5.91e+06""",D,"=""121484.252""","=""146499.90""","=""3s.4d""","=""3D""","=""1""","=""3s.9f""","=""3F*""","=""2""",,"=""T6298c4,LS""","=""L4575""",
"=""400.57""","=""400.5748""","=""2""","=""""",,"=""124794.13""","=""149751.2""","=""3s.4d""","=""1D""","=""2""","=""3s.16p""","=""1P*""","=""1""",,"=""""","=""L3471""",
"=""400.958""","=""400.9584""","=""2""","=""""",,"=""121366.725""","=""146299.92""","=""3s.5s""","=""1S""","=""0""","=""3s.10p""","=""1P*""","=""1""",,"=""""","=""L3471""",
"=""402.65""","=""402.6318""","=""20""","=""1.16e+07""",C+,"=""110089.83""","=""134919.40""","=""3s.3d""","=""1D""","=""2""","=""3s.6p""","=""1P*""","=""1""",,"=""T6533""","=""L3471""",
"=""405.68""","=""405.6795""","=""2""","=""""",,"=""124794.13""","=""149437.17""","=""3s.4d""","=""1D""","=""2""","=""3s.15p""","=""1P*""","=""1""",,"=""""","=""L3471""",
"=""""","=""408.4141""","=""""","=""6.04e+05""",C,"=""121483.50""","=""145961.54""","=""3s.4d""","=""3D""","=""3""","=""3p.4s""","=""3P*""","=""2""",,"=""T6298c4,LS""","=""""",
"=""""","=""408.4212""","=""""","=""1.08e+05""",D,"=""121483.92""","=""145961.54""","=""3s.4d""","=""3D""","=""2""","=""3p.4s""","=""3P*""","=""2""",,"=""T6298c4,LS""","=""""",
"=""""","=""408.4267""","=""""","=""7.17e+03""",E,"=""121484.252""","=""145961.54""","=""3s.4d""","=""3D""","=""1""","=""3p.4s""","=""3P*""","=""2""",,"=""T6298c4,LS""","=""""",
"=""""","=""410.5486""","=""""","=""5.30e+05""",C,"=""121483.92""","=""145834.70""","=""3s.4d""","=""3D""","=""2""","=""3p.4s""","=""3P*""","=""1""",,"=""T6298c4,LS""","=""""",
"=""""","=""410.5542""","=""""","=""1.77e+05""",D,"=""121484.252""","=""145834.70""","=""3s.4d""","=""3D""","=""1""","=""3p.4s""","=""3P*""","=""1""",,"=""T6298c4,LS""","=""""",
"=""""","=""411.5438""","=""""","=""7.01e+05""",D,"=""121484.252""","=""145776.15""","=""3s.4d""","=""3D""","=""1""","=""3p.4s""","=""3P*""","=""0""",,"=""T6298c4,LS""","=""""",
"=""422.6813""","=""422.6816""","=""50""","=""9.37e+06""",C+,"=""121483.50""","=""145135.31""","=""3s.4d""","=""3D""","=""3""","=""3s.8f""","=""3F*""","=""4""",,"=""T6298c4,LS""","=""L4575""",
"=""422.6918""","=""422.6891""","=""2""","=""""",,"=""121483.92""","=""145135.31""","=""3s.4d""","=""3D""","=""2""","=""3s.8f""","=""3F*""","=""4""",,"=""""","=""L3515""",
"=""422.7420""","=""422.7420""","=""10""","=""1.04e+06""",D,"=""121483.50""","=""145131.93""","=""3s.4d""","=""3D""","=""3""","=""3s.8f""","=""3F*""","=""3""",,"=""T6298c4,LS""","=""L3515""",
"=""422.7492""","=""422.7495""","=""50""","=""8.31e+06""",C+,"=""121483.92""","=""145131.93""","=""3s.4d""","=""3D""","=""2""","=""3s.8f""","=""3F*""","=""3""",,"=""T6298c4,LS""","=""L4575""",
"=""422.7545""","=""422.7554""","=""5""","=""""",,"=""121484.252""","=""145131.93""","=""3s.4d""","=""3D""","=""1""","=""3s.8f""","=""3F*""","=""3""",,"=""""","=""L3515""",
"=""422.7875""","=""422.7853""","=""2""","=""4.11e+04""",E,"=""121483.50""","=""145129.51""","=""3s.4d""","=""3D""","=""3""","=""3s.8f""","=""3F*""","=""2""",,"=""T6298c4,LS""","=""L3515""",
"=""422.7945""","=""422.7928""","=""5""","=""1.46e+06""",D,"=""121483.92""","=""145129.51""","=""3s.4d""","=""3D""","=""2""","=""3s.8f""","=""3F*""","=""2""",,"=""T6298c4,LS""","=""L3515""",
"=""422.7999""","=""422.7987""","=""50""","=""7.85e+06""",C,"=""121484.252""","=""145129.51""","=""3s.4d""","=""3D""","=""1""","=""3s.8f""","=""3F*""","=""2""",,"=""T6298c4,LS""","=""L3515""",
"=""424.0708""","=""424.0700""","=""10""","=""""",,"=""121366.725""","=""144941.10""","=""3s.5s""","=""1S""","=""0""","=""3s.9p""","=""1P*""","=""1""",,"=""""","=""L4575""",
"=""428.297""","=""428.2960""","=""2""","=""""",,"=""124794.13""","=""148135.9""","=""3s.4d""","=""1D""","=""2""","=""3s.11f""","=""1F*""","=""3""",,"=""""","=""L3471""",
"=""""","=""429.3943""","=""""","=""4.85e+05""",C+,"=""111637.33""","=""134919.40""","=""3p2""","=""1S""","=""0""","=""3s.6p""","=""1P*""","=""1""",,"=""T6533""","=""""",
"=""430.7203""","=""430.7209""","=""5""","=""""",,"=""124794.13""","=""148004.49""","=""3s.4d""","=""1D""","=""2""","=""3s.12p""","=""1P*""","=""1""",,"=""""","=""L4575""",
"=""433.20""","=""433.2078""","=""2""","=""""",,"=""120092.919""","=""143170.04""","=""3s.5s""","=""3S""","=""1""","=""3s.8p""","=""3P*""","=""2""",,"=""""","=""L3471""",
"=""434.6866""","=""434.690+""","=""2""","=""""",,"=""123418.48""","=""146416.9""","=""3s.4f""","=""3F*""","=""2""","=""3s.9g""","=""3G""","=""3""",,"=""""","=""L3471c14""",
"=""434.6897""","=""434.6903""","=""5hfs""","=""4.18e+06""",D,"=""123418.48""","=""146416.9""","=""3s.4f""","=""3F*""","=""2""","=""3s.9g""","=""3G""","=""3""",,"=""T6298c4,LS""","=""L3471c150""",
"=""434.6918""","=""434.690+""","=""3""","=""""",,"=""123418.48""","=""146416.9""","=""3s.4f""","=""3F*""","=""2""","=""3s.9g""","=""3G""","=""3""",,"=""""","=""L3471c14""",
"=""""","=""434.7275""","=""""","=""4.28e+06""",D,"=""123420.45""","=""146416.9""","=""3s.4f""","=""3F*""","=""3""","=""3s.9g""","=""3G""","=""4""",,"=""T6298c4,LS""","=""""",
"=""""","=""434.7275""","=""""","=""3.67e+05""",E,"=""123420.45""","=""146416.9""","=""3s.4f""","=""3F*""","=""3""","=""3s.9g""","=""3G""","=""3""",,"=""T6298c4,LS""","=""""",
"=""""","=""434.7825""","=""""","=""5.58e+03""",E,"=""123423.36""","=""146416.9""","=""3s.4f""","=""3F*""","=""4""","=""3s.9g""","=""3G""","=""3""",,"=""T6298c4,LS""","=""""",
"=""""","=""434.7825""","=""""","=""2.85e+05""",E,"=""123423.36""","=""146416.9""","=""3s.4f""","=""3F*""","=""4""","=""3s.9g""","=""3G""","=""4""",,"=""T6298c4,LS""","=""""",
"=""""","=""434.7825""","=""""","=""4.56e+06""",C,"=""123423.36""","=""146416.9""","=""3s.4f""","=""3F*""","=""4""","=""3s.9g""","=""3G""","=""5""",,"=""T6298c4,LS""","=""""",
"=""443.282""","=""443.2846""","=""5""","=""""",,"=""124794.13""","=""147346.67""","=""3s.4d""","=""1D""","=""2""","=""3s.10f""","=""1F*""","=""3""",,"=""""","=""L3471""",
"=""444.7803""","=""444.7805""","=""200""","=""""",,"=""124794.13""","=""147270.82""","=""3s.4d""","=""1D""","=""2""","=""3s.11p""","=""1P*""","=""1""",,"=""""","=""L4575""",
"=""448.9870""","=""448.9870""","=""10""","=""""",,"=""125869.015""","=""148135.13""","=""3s.5p""","=""1P*""","=""1""","=""3s.11d""","=""1D""","=""2""",,"=""""","=""L4575""",
"=""458.5817""","=""458.5818""","=""500""","=""1.00e+07""",C+,"=""121483.50""","=""143283.75""","=""3s.4d""","=""3D""","=""3""","=""3s.7f""","=""3F*""","=""4""",,"=""T6298c4,LS""","=""L4575""",
"=""458.8082""","=""458.8110""","=""5""","=""1.12e+06""",D,"=""121483.50""","=""143272.86""","=""3s.4d""","=""3D""","=""3""","=""3s.7f""","=""3F*""","=""3""",,"=""T6298c4,LS""","=""L3471""",
"=""458.8191""","=""458.8199""","=""400""","=""8.91e+06""",C+,"=""121483.92""","=""143272.86""","=""3s.4d""","=""3D""","=""2""","=""3s.7f""","=""3F*""","=""3""",,"=""T6298c4,LS""","=""L4575""",
"=""""","=""458.9591""","=""""","=""4.40e+04""",E,"=""121483.50""","=""143265.83""","=""3s.4d""","=""3D""","=""3""","=""3s.7f""","=""3F*""","=""2""",,"=""T6298c4,LS""","=""""",
"=""458.9674""","=""458.9680""","=""200""","=""1.56e+06""",D,"=""121483.92""","=""143265.83""","=""3s.4d""","=""3D""","=""2""","=""3s.7f""","=""3F*""","=""2""",,"=""T6298c4,LS""","=""L4575""",
"=""458.9742""","=""458.9750""","=""300""","=""8.41e+06""",C,"=""121484.252""","=""143265.83""","=""3s.4d""","=""3D""","=""1""","=""3s.7f""","=""3F*""","=""2""",,"=""T6298c4,LS""","=""L4575""",
"=""460.97""","=""460.9864""","=""7""","=""""",,"=""121483.50""","=""143170.04""","=""3s.4d""","=""3D""","=""3""","=""3s.8p""","=""3P*""","=""2""",,"=""""","=""L3471""",
"=""""","=""461.0650""","=""""","=""""",,"=""121483.92""","=""143166.76""","=""3s.4d""","=""3D""","=""2""","=""3s.8p""","=""3P*""","=""1""",,"=""""","=""""",
"=""""","=""461.1010""","=""""","=""""",,"=""121484.252""","=""143165.4""","=""3s.4d""","=""3D""","=""1""","=""3s.8p""","=""3P*""","=""0""",,"=""""","=""""",
"=""462.97""","=""462.9518""","=""7""","=""""",,"=""121366.725""","=""142961.20""","=""3s.5s""","=""1S""","=""0""","=""3s.8p""","=""1P*""","=""1""",,"=""""","=""L3471""",
"=""463.15""","=""463.158""","=""5""","=""""",,"=""125703.14""","=""147288.0""","=""3s.5p""","=""3P*""","=""0""","=""3s.10d""","=""3D""","=""1""",,"=""""","=""L3471""",
"=""463.32""","=""463.3091""","=""5""","=""""",,"=""125708.828""","=""147286.65""","=""3s.5p""","=""3P*""","=""1""","=""3s.10d""","=""3D""","=""2""",,"=""""","=""L3471""",
"=""463.5763""","=""463.5760""","=""30""","=""""",,"=""125721.703""","=""147287.10""","=""3s.5p""","=""3P*""","=""2""","=""3s.10d""","=""3D""","=""3""",,"=""""","=""L4575""",
"=""""","=""463.937""","=""""","=""6.66e+06""",C+,"=""123418.48""","=""144967.1""","=""3s.4f""","=""3F*""","=""2""","=""3s.8g""","=""3G""","=""3""",,"=""T6298c4,LS""","=""""",
"=""""","=""463.979""","=""""","=""6.79e+06""",C+,"=""123420.45""","=""144967.1""","=""3s.4f""","=""3F*""","=""3""","=""3s.8g""","=""3G""","=""4""",,"=""T6298c4,LS""","=""""",
"=""""","=""463.979""","=""""","=""5.82e+05""",D,"=""123420.45""","=""144967.1""","=""3s.4f""","=""3F*""","=""3""","=""3s.8g""","=""3G""","=""3""",,"=""T6298c4,LS""","=""""",
"=""""","=""464.042""","=""""","=""8.88e+03""",E,"=""123423.36""","=""144967.1""","=""3s.4f""","=""3F*""","=""4""","=""3s.8g""","=""3G""","=""3""",,"=""T6298c4,LS""","=""""",
"=""""","=""464.042""","=""""","=""4.52e+05""",D,"=""123423.36""","=""144967.1""","=""3s.4f""","=""3F*""","=""4""","=""3s.8g""","=""3G""","=""4""",,"=""T6298c4,LS""","=""""",
"=""""","=""464.042""","=""""","=""7.24e+06""",C+,"=""123423.36""","=""144967.1""","=""3s.4f""","=""3F*""","=""4""","=""3s.8g""","=""3G""","=""5""",,"=""T6298c4,LS""","=""""",
"=""464.7321""","=""464.7322""","=""10""","=""""",,"=""125721.703""","=""147233.45""","=""3s.5p""","=""3P*""","=""2""","=""3s.11s""","=""3S""","=""1""",,"=""""","=""L4575""",
"=""464.8611""","=""464.8609""","=""400""","=""""",,"=""124794.13""","=""146299.92""","=""3s.4d""","=""1D""","=""2""","=""3s.10p""","=""1P*""","=""1""",,"=""""","=""L4575""",
"=""465.30""","=""465.3200""","=""2""","=""""",,"=""124794.13""","=""146278.70""","=""3s.4d""","=""1D""","=""2""","=""3s.9f""","=""1F*""","=""3""",,"=""""","=""L3471""",
"=""465.505""","=""465.5084""","=""2""","=""""",,"=""125869.015""","=""147344.89""","=""3s.5p""","=""1P*""","=""1""","=""3s.10d""","=""1D""","=""2""",,"=""""","=""L4575""",
"=""466.3056""","=""466.3046""","=""1000""","=""5.81e+07""",A+,"=""85481.35""","=""106920.56""","=""3p2""","=""1D""","=""2""","=""3s.4p""","=""1P*""","=""1""",,"=""c47,u24""","=""L4575""",
"=""466.6800""","=""466.6799""","=""400""","=""""",,"=""125869.015""","=""147290.98""","=""3s.5p""","=""1P*""","=""1""","=""3s.11s""","=""1S""","=""0""",,"=""""","=""L4575""",
"=""489.852""","=""489.8431""","=""10""","=""""",,"=""125703.14""","=""146112.14""","=""3s.5p""","=""3P*""","=""0""","=""3s.10s""","=""3S""","=""1""",,"=""""","=""L3471""",
"=""489.876""","=""489.891""","=""5""","=""""",,"=""125869.015""","=""146276.0""","=""3s.5p""","=""1P*""","=""1""","=""3s.9d""","=""1D""","=""2""",,"=""""","=""L4575""",
"=""489.964""","=""489.9797""","=""6""","=""""",,"=""125708.828""","=""146112.14""","=""3s.5p""","=""3P*""","=""1""","=""3s.10s""","=""3S""","=""1""",,"=""""","=""L3471""",
"=""490.277""","=""490.2891""","=""10""","=""""",,"=""125721.703""","=""146112.14""","=""3s.5p""","=""3P*""","=""2""","=""3s.10s""","=""3S""","=""1""",,"=""""","=""L3471""",
"=""491.898""","=""491.914""","=""6""","=""""",,"=""125869.015""","=""146192.1""","=""3s.5p""","=""1P*""","=""1""","=""3s.10s""","=""1S""","=""0""",,"=""""","=""L3471""",
"=""496.210""","=""496.2141""","=""6""","=""""",,"=""124794.13""","=""144941.10""","=""3s.4d""","=""1D""","=""2""","=""3s.9p""","=""1P*""","=""1""",,"=""""","=""L3471""",
"=""500.097""","=""500.1026""","=""6""","=""""",,"=""124794.13""","=""144784.45""","=""3s.4d""","=""1D""","=""2""","=""3s.8f""","=""1F*""","=""3""",,"=""""","=""L3471""",
"=""508.502""","=""508.5169""","=""8""","=""""",,"=""121483.50""","=""141143.05""","=""3s.4d""","=""3D""","=""3""","=""3p.3d""","=""3F*""","=""4""",,"=""""","=""L3471""",
"=""509.365""","=""509.3826""","=""5""","=""""",,"=""121483.92""","=""141110.06""","=""3s.4d""","=""3D""","=""2""","=""3p.3d""","=""3F*""","=""3""",,"=""""","=""L3471""",
"=""510.034""","=""510.0453""","=""3""","=""""",,"=""121484.252""","=""141084.89""","=""3s.4d""","=""3D""","=""1""","=""3p.3d""","=""3F*""","=""2""",,"=""""","=""L3471""",
"=""""","=""514.442""","=""""","=""1.17e+07""",C+,"=""123418.48""","=""142851.6""","=""3s.4f""","=""3F*""","=""2""","=""3s.7g""","=""3G""","=""3""",,"=""T6298c4,LS""","=""""",
"=""""","=""514.494""","=""""","=""1.03e+06""",D,"=""123420.45""","=""142851.6""","=""3s.4f""","=""3F*""","=""3""","=""3s.7g""","=""3G""","=""3""",,"=""T6298c4,LS""","=""""",
"=""""","=""514.494""","=""""","=""1.19e+07""",C+,"=""123420.45""","=""142851.6""","=""3s.4f""","=""3F*""","=""3""","=""3s.7g""","=""3G""","=""4""",,"=""T6298c4,LS""","=""""",
"=""""","=""514.571""","=""""","=""1.56e+04""",E,"=""123423.36""","=""142851.6""","=""3s.4f""","=""3F*""","=""4""","=""3s.7g""","=""3G""","=""3""",,"=""T6298c4,LS""","=""""",
"=""""","=""514.571""","=""""","=""7.96e+05""",D,"=""123423.36""","=""142851.6""","=""3s.4f""","=""3F*""","=""4""","=""3s.7g""","=""3G""","=""4""",,"=""T6298c4,LS""","=""""",
"=""""","=""514.571""","=""""","=""1.27e+07""",C+,"=""123423.36""","=""142851.6""","=""3s.4f""","=""3F*""","=""4""","=""3s.7g""","=""3G""","=""5""",,"=""T6298c4,LS""","=""""",
"=""""","=""515.823""","=""""","=""1.26e+07""",C+,"=""123470.5""","=""142851.6""","=""3s.4f""","=""1F*""","=""3""","=""3s.7g""","=""1G""","=""4""",,"=""T6298c4""","=""""",
"=""527.642""","=""527.6395""","=""4""","=""""",,"=""123418.48""","=""142365.54""","=""3s.4f""","=""3F*""","=""2""","=""3s.7d""","=""3D""","=""1""",,"=""""","=""L3471""",
"=""527.681""","=""527.6902""","=""4""","=""""",,"=""123420.45""","=""142365.69""","=""3s.4f""","=""3F*""","=""3""","=""3s.7d""","=""3D""","=""2""",,"=""""","=""L3471""",
"=""527.768""","=""527.7632""","=""4""","=""""",,"=""123423.36""","=""142365.98""","=""3s.4f""","=""3F*""","=""4""","=""3s.7d""","=""3D""","=""3""",,"=""""","=""L3471""",
"=""527.862""","=""527.868""","=""6""","=""1.11e+06""",D,"=""125703.14""","=""144642.0""","=""3s.5p""","=""3P*""","=""0""","=""3s.8d""","=""3D""","=""1""",,"=""T6298c4,LS""","=""L3471""",
"=""528.0214""","=""528.0216""","=""8""","=""1.49e+06""",D,"=""125708.828""","=""144642.18""","=""3s.5p""","=""3P*""","=""1""","=""3s.8d""","=""3D""","=""2""",,"=""T6298c4,LS""","=""L4575""",
"=""""","=""528.027""","=""""","=""8.32e+05""",D,"=""125708.828""","=""144642.0""","=""3s.5p""","=""3P*""","=""1""","=""3s.8d""","=""3D""","=""1""",,"=""T6298c4,LS""","=""""",
"=""528.3735""","=""528.3733""","=""100""","=""2.00e+06""",C,"=""125721.703""","=""144642.45""","=""3s.5p""","=""3P*""","=""2""","=""3s.8d""","=""3D""","=""3""",,"=""T6298c4,LS""","=""L4575""",
"=""""","=""528.3809""","=""""","=""4.99e+05""",D,"=""125721.703""","=""144642.18""","=""3s.5p""","=""3P*""","=""2""","=""3s.8d""","=""3D""","=""2""",,"=""T6298c4,LS""","=""""",
"=""""","=""528.386""","=""""","=""5.53e+04""",E,"=""125721.703""","=""144642.0""","=""3s.5p""","=""3P*""","=""2""","=""3s.8d""","=""3D""","=""1""",,"=""T6298c4,LS""","=""""",
"=""528.5842""","=""528.5838""","=""30""","=""3.28e+06""",C,"=""125869.015""","=""144782.23""","=""3s.5p""","=""1P*""","=""1""","=""3s.8d""","=""1D""","=""2""",,"=""T6298c4""","=""L4575""",
"=""531.076""","=""531.0830""","=""4""","=""""",,"=""125703.14""","=""144527.35""","=""3s.5p""","=""3P*""","=""0""","=""3s.9s""","=""3S""","=""1""",,"=""""","=""L3471""",
"=""531.232""","=""531.2436""","=""10""","=""""",,"=""125708.828""","=""144527.35""","=""3s.5p""","=""3P*""","=""1""","=""3s.9s""","=""3S""","=""1""",,"=""""","=""L3471""",
"=""531.6075""","=""531.6073""","=""15""","=""""",,"=""125721.703""","=""144527.35""","=""3s.5p""","=""3P*""","=""2""","=""3s.9s""","=""3S""","=""1""",,"=""""","=""L4575""",
"=""532.461""","=""532.4715""","=""8""","=""""",,"=""125869.015""","=""144644.14""","=""3s.5p""","=""1P*""","=""1""","=""3s.9s""","=""1S""","=""0""",,"=""""","=""L3471""",
"=""537.184""","=""537.133""","=""12*""","=""""",,"=""121483.50""","=""140095.7""","=""3s.4d""","=""3D""","=""3""","=""3s.7p""","=""3P*""","=""2""",,"=""""","=""L3471""",
"=""537.184""","=""537.254""","=""12*""","=""""",,"=""121483.92""","=""140091.9""","=""3s.4d""","=""3D""","=""2""","=""3s.7p""","=""3P*""","=""1""",,"=""""","=""L3471""",
"=""538.848""","=""538.8682""","=""2""","=""1.43e+06""",C+,"=""121366.725""","=""139918.98""","=""3s.5s""","=""1S""","=""0""","=""3s.7p""","=""1P*""","=""1""",,"=""T6533""","=""L3471""",
"=""559.3302""","=""559.330""","=""800""","=""9.26e+07""",A,"=""106920.56""","=""124794.13""","=""3s.4p""","=""1P*""","=""1""","=""3s.4d""","=""1D""","=""2""",,"=""T6533""","=""L4575""",
"=""561.3291""","=""561.329""","=""100""","=""3.43e+06""",C+,"=""124794.13""","=""142604.05""","=""3s.4d""","=""1D""","=""2""","=""3s.7f""","=""1F*""","=""3""",,"=""T6533""","=""L4575""",
"=""585.362""","=""585.376""","=""100""","=""1.28e+07""",B,"=""121483.50""","=""138561.8""","=""3s.4d""","=""3D""","=""3""","=""3s.6f""","=""3F*""","=""4""",,"=""T6298c4,LS""","=""L3471""",
"=""586.153""","=""586.177""","=""80""","=""1.14e+07""",B,"=""121483.92""","=""138538.9""","=""3s.4d""","=""3D""","=""2""","=""3s.6f""","=""3F*""","=""3""",,"=""T6298c4,LS""","=""L3471""",
"=""""","=""586.162""","=""""","=""1.43e+06""",C+,"=""121483.50""","=""138538.9""","=""3s.4d""","=""3D""","=""3""","=""3s.6f""","=""3F*""","=""3""",,"=""T6298c4,LS""","=""""",
"=""""","=""586.764""","=""""","=""5.61e+04""",D,"=""121483.50""","=""138521.4""","=""3s.4d""","=""3D""","=""3""","=""3s.6f""","=""3F*""","=""2""",,"=""T6298c4,LS""","=""""",
"=""""","=""586.779""","=""""","=""1.99e+06""",C+,"=""121483.92""","=""138521.4""","=""3s.4d""","=""3D""","=""2""","=""3s.6f""","=""3F*""","=""2""",,"=""T6298c4,LS""","=""""",
"=""586.781""","=""586.790""","=""50""","=""1.07e+07""",B,"=""121484.252""","=""138521.4""","=""3s.4d""","=""3D""","=""1""","=""3s.6f""","=""3F*""","=""2""",,"=""T6298c4,LS""","=""L3471""",
"=""597.1980""","=""597.197""","=""80""","=""5.81e+06""",C+,"=""125869.015""","=""142609.27""","=""3s.5p""","=""1P*""","=""1""","=""3s.7d""","=""1D""","=""2""",,"=""T6298c4""","=""L4575""",
"=""599.970""","=""599.987+""","=""3""","=""""",,"=""125703.14""","=""142365.54""","=""3s.5p""","=""3P*""","=""0""","=""3s.7d""","=""3D""","=""1""",,"=""""","=""L3515c14""",
"=""599.975""","=""599.987""","=""5hfs""","=""2.07e+06""",C,"=""125703.14""","=""142365.54""","=""3s.5p""","=""3P*""","=""0""","=""3s.7d""","=""3D""","=""1""",,"=""T6298c4,LS""","=""L3515c150""",
"=""599.983""","=""599.987+""","=""2""","=""""",,"=""125703.14""","=""142365.54""","=""3s.5p""","=""3P*""","=""0""","=""3s.7d""","=""3D""","=""1""",,"=""""","=""L3515c14""",
"=""600.118""","=""600.127""","=""2""","=""""",,"=""132778.633""","=""149437.17""","=""3s.6s""","=""1S""","=""0""","=""3s.15p""","=""1P*""","=""1""",,"=""""","=""L3471""",
"=""600.176""","=""600.187""","=""60""","=""2.79e+06""",C,"=""125708.828""","=""142365.69""","=""3s.5p""","=""3P*""","=""1""","=""3s.7d""","=""3D""","=""2""",,"=""T6298c4,LS""","=""L3515""",
"=""600.188""","=""600.192""","=""40""","=""1.55e+06""",D,"=""125708.828""","=""142365.54""","=""3s.5p""","=""3P*""","=""1""","=""3s.7d""","=""3D""","=""1""",,"=""T6298c4,LS""","=""L3515""",
"=""600.6410""","=""600.641""","=""200""","=""3.71e+06""",C+,"=""125721.703""","=""142365.98""","=""3s.5p""","=""3P*""","=""2""","=""3s.7d""","=""3D""","=""3""",,"=""T6298c4,LS""","=""L4575""",
"=""""","=""600.651""","=""""","=""9.28e+05""",D,"=""125721.703""","=""142365.69""","=""3s.5p""","=""3P*""","=""2""","=""3s.7d""","=""3D""","=""2""",,"=""T6298c4,LS""","=""""",
"=""""","=""600.657""","=""""","=""1.03e+05""",E,"=""125721.703""","=""142365.54""","=""3s.5p""","=""3P*""","=""2""","=""3s.7d""","=""3D""","=""1""",,"=""T6298c4,LS""","=""""",
"=""606.1124""","=""606.112""","=""30""","=""8.38e+06""",C,"=""125869.015""","=""142363.06""","=""3s.5p""","=""1P*""","=""1""","=""3s.8s""","=""1S""","=""0""",,"=""T6298c4""","=""L4575""",
"=""606.632""","=""606.636+""","=""15""","=""""",,"=""125703.14""","=""142182.94""","=""3s.5p""","=""3P*""","=""0""","=""3s.8s""","=""3S""","=""1""",,"=""""","=""L3515c14""",
"=""606.637""","=""606.636""","=""25hfs""","=""8.88e+05""",D,"=""125703.14""","=""142182.94""","=""3s.5p""","=""3P*""","=""0""","=""3s.8s""","=""3S""","=""1""",,"=""T6298c4,LS""","=""L3515c150""",
"=""606.644""","=""606.636+""","=""10""","=""""",,"=""125703.14""","=""142182.94""","=""3s.5p""","=""3P*""","=""0""","=""3s.8s""","=""3S""","=""1""",,"=""""","=""L3515c14""",
"=""606.843""","=""606.845+""","=""40""","=""""",,"=""125708.828""","=""142182.94""","=""3s.5p""","=""3P*""","=""1""","=""3s.8s""","=""3S""","=""1""",,"=""""","=""L3515c14""",
"=""606.847""","=""606.845""","=""65hfs""","=""2.66e+06""",C,"=""125708.828""","=""142182.94""","=""3s.5p""","=""3P*""","=""1""","=""3s.8s""","=""3S""","=""1""",,"=""T6298c4,LS""","=""L3515c150""",
"=""606.853""","=""606.845+""","=""25""","=""""",,"=""125708.828""","=""142182.94""","=""3s.5p""","=""3P*""","=""1""","=""3s.8s""","=""3S""","=""1""",,"=""""","=""L3515c14""",
"=""607.3198""","=""607.320""","=""50""","=""4.43e+06""",C,"=""125721.703""","=""142182.94""","=""3s.5p""","=""3P*""","=""2""","=""3s.8s""","=""3S""","=""1""",,"=""T6298c4,LS""","=""L4575""",
"=""618.157""","=""618.16+""","=""50""","=""""",,"=""123418.48""","=""139591.1""","=""3s.4f""","=""3F*""","=""2""","=""3s.6g""","=""3G""","=""3""",,"=""""","=""L3515c14""",
"=""618.163""","=""618.158""","=""110hfs""","=""2.41e+07""",B+,"=""123418.48""","=""139591.1""","=""3s.4f""","=""3F*""","=""2""","=""3s.6g""","=""3G""","=""3""",,"=""T6298c4,LS""","=""L3515c150""",
"=""618.168""","=""618.16+""","=""60""","=""""",,"=""123418.48""","=""139591.1""","=""3s.4f""","=""3F*""","=""2""","=""3s.6g""","=""3G""","=""3""",,"=""""","=""L3515c14""",
"=""""","=""618.233""","=""""","=""2.09e+06""",C+,"=""123420.45""","=""139591.1""","=""3s.4f""","=""3F*""","=""3""","=""3s.6g""","=""3G""","=""3""",,"=""T6298c4,LS""","=""""",
"=""""","=""618.233""","=""""","=""2.44e+07""",B+,"=""123420.45""","=""139591.1""","=""3s.4f""","=""3F*""","=""3""","=""3s.6g""","=""3G""","=""4""",,"=""T6298c4,LS""","=""""",
"=""""","=""618.345""","=""""","=""3.21e+04""",D,"=""123423.36""","=""139591.1""","=""3s.4f""","=""3F*""","=""4""","=""3s.6g""","=""3G""","=""3""",,"=""T6298c4,LS""","=""""",
"=""""","=""618.345""","=""""","=""1.63e+06""",C+,"=""123423.36""","=""139591.1""","=""3s.4f""","=""3F*""","=""4""","=""3s.6g""","=""3G""","=""4""",,"=""T6298c4,LS""","=""""",
"=""""","=""618.345""","=""""","=""2.61e+07""",B+,"=""123423.36""","=""139591.1""","=""3s.4f""","=""3F*""","=""4""","=""3s.6g""","=""3G""","=""5""",,"=""T6298c4,LS""","=""""",
"=""""","=""620.153""","=""""","=""2.59e+07""",B+,"=""123470.5""","=""139591.1""","=""3s.4f""","=""1F*""","=""3""","=""3s.6g""","=""1G""","=""4""",,"=""T6298c4""","=""""",
"=""622.618""","=""622.619""","=""50""","=""6.25e+07""",B+,"=""105427.52""","=""121484.252""","=""3s.4p""","=""3P*""","=""0""","=""3s.4d""","=""3D""","=""1""",,"=""T6298c4,LS""","=""L4575""",
"=""""","=""623.162""","=""""","=""4.67e+07""",B+,"=""105441.50""","=""121484.252""","=""3s.4p""","=""3P*""","=""1""","=""3s.4d""","=""3D""","=""1""",,"=""T6298c4,LS""","=""""",
"=""623.1745""","=""623.175""","=""75""","=""8.40e+07""",A,"=""105441.50""","=""121483.92""","=""3s.4p""","=""3P*""","=""1""","=""3s.4d""","=""3D""","=""2""",,"=""T6298c4,LS""","=""L4575""",
"=""""","=""624.307""","=""""","=""3.11e+06""",C+,"=""105470.93""","=""121484.252""","=""3s.4p""","=""3P*""","=""2""","=""3s.4d""","=""3D""","=""1""",,"=""T6298c4,LS""","=""""",
"=""""","=""624.320""","=""""","=""2.79e+07""",B+,"=""105470.93""","=""121483.92""","=""3s.4p""","=""3P*""","=""2""","=""3s.4d""","=""3D""","=""2""",,"=""T6298c4,LS""","=""""",
"=""624.336""","=""624.337""","=""100""","=""1.11e+08""",A,"=""105470.93""","=""121483.50""","=""3s.4p""","=""3P*""","=""2""","=""3s.4d""","=""3D""","=""3""",,"=""T6298c4,LS""","=""L3515""",
"=""""","=""631.990""","=""""","=""2.16e+05""",C+,"=""123470.5""","=""139289.15""","=""3s.4f""","=""1F*""","=""3""","=""3s.6d""","=""1D""","=""2""",,"=""T6533""","=""""",
"=""633.5701""","=""633.571""","=""30""","=""1.53e+07""",B,"=""110089.83""","=""125869.015""","=""3s.3d""","=""1D""","=""2""","=""3s.5p""","=""1P*""","=""1""",,"=""T6533""","=""L4575""",
"=""""","=""649.313""","=""""","=""2.16e+03""",E,"=""123418.48""","=""138815.12""","=""3s.4f""","=""3F*""","=""2""","=""3s.6d""","=""3D""","=""3""",,"=""T6298c4,LS""","=""""",
"=""""","=""649.323""","=""""","=""1.07e+05""",C,"=""123418.48""","=""138814.87""","=""3s.4f""","=""3F*""","=""2""","=""3s.6d""","=""3D""","=""2""",,"=""T6298c4,LS""","=""""",
"=""""","=""649.323""","=""""","=""9.59e+05""",C+,"=""123418.48""","=""138814.87""","=""3s.4f""","=""3F*""","=""2""","=""3s.6d""","=""3D""","=""1""",,"=""T6298c4,LS""","=""""",
"=""""","=""649.396""","=""""","=""7.64e+04""",C,"=""123420.45""","=""138815.12""","=""3s.4f""","=""3F*""","=""3""","=""3s.6d""","=""3D""","=""3""",,"=""T6298c4,LS""","=""""",
"=""""","=""649.407""","=""""","=""8.52e+05""",C+,"=""123420.45""","=""138814.87""","=""3s.4f""","=""3F*""","=""3""","=""3s.6d""","=""3D""","=""2""",,"=""T6298c4,LS""","=""""",
"=""649.545""","=""649.519""","=""""","=""8.80e+05""",C+,"=""123423.36""","=""138815.12""","=""3s.4f""","=""3F*""","=""4""","=""3s.6d""","=""3D""","=""3""",,"=""T6298c4,LS""","=""L3471""",
"=""660.964""","=""660.981""","=""""","=""2.20e+06""",C+,"=""124794.13""","=""139918.98""","=""3s.4d""","=""1D""","=""2""","=""3s.7p""","=""1P*""","=""1""",,"=""T6533""","=""L3515""",
"=""669.639""","=""669.64302""","=""2""","=""2.74e+05""",C+,"=""120092.919""","=""135022.127""","=""3s.5s""","=""3S""","=""1""","=""3s.6p""","=""3P*""","=""2""",,"=""T6298c4,LS""","=""L3471""",
"=""669.946""","=""669.93138""","=""1""","=""2.73e+05""",C,"=""120092.919""","=""135015.701""","=""3s.5s""","=""3S""","=""1""","=""3s.6p""","=""3P*""","=""1""",,"=""T6298c4,LS""","=""L3471""",
"=""""","=""670.08477""","=""""","=""2.74e+05""",C,"=""120092.919""","=""135012.285""","=""3s.5s""","=""3S""","=""1""","=""3s.6p""","=""3P*""","=""0""",,"=""T6298c4,LS""","=""""",
"=""""","=""677.710""","=""""","=""""",,"=""132822.89""","=""147574.4""","=""3s.5d""","=""3D""","=""3""","=""3s.11p""","=""3P*""","=""2""",,"=""""","=""""",
"=""681.669""","=""681.689""","=""10""","=""1.20e+07""",B,"=""105427.52""","=""120092.919""","=""3s.4p""","=""3P*""","=""0""","=""3s.5s""","=""3S""","=""1""",,"=""T6298c4,LS""","=""L3515""",
"=""682.348""","=""682.339""","=""50""","=""3.59e+07""",B+,"=""105441.50""","=""120092.919""","=""3s.4p""","=""3P*""","=""1""","=""3s.5s""","=""3S""","=""1""",,"=""T6298c4,LS""","=""L3515""",
"=""683.714""","=""683.713""","=""80""","=""5.94e+07""",B+,"=""105470.93""","=""120092.919""","=""3s.4p""","=""3P*""","=""2""","=""3s.5s""","=""3S""","=""1""",,"=""T6298c4,LS""","=""L3515""",
"=""691.793""","=""691.793""","=""10""","=""9.90e+06""",B+,"=""124794.13""","=""139245.343""","=""3s.4d""","=""1D""","=""2""","=""3s.6f""","=""1F*""","=""3""",,"=""T6533""","=""L3515""",
"=""691.996""","=""692.034""","=""1""","=""1.00e+08""",A,"=""106920.56""","=""121366.725""","=""3s.4p""","=""1P*""","=""1""","=""3s.5s""","=""1S""","=""0""",,"=""T6533""","=""L3471""",
"=""""","=""702.464""","=""""","=""2.15e+05""",C+,"=""111637.33""","=""125869.015""","=""3p2""","=""1S""","=""0""","=""3s.5p""","=""1P*""","=""1""",,"=""T6533""","=""""",
"=""704.206""","=""704.208""","=""100""","=""5.78e+07""",A+,"=""91274.50""","=""105470.93""","=""3s.4s""","=""3S""","=""1""","=""3s.4p""","=""3P*""","=""2""",,"=""c47""","=""L3515""",
"=""705.660""","=""705.671""","=""50""","=""5.74e+07""",A,"=""91274.50""","=""105441.50""","=""3s.4s""","=""3S""","=""1""","=""3s.4p""","=""3P*""","=""1""",,"=""c47""","=""L3515""",
"=""706.364""","=""706.368""","=""10""","=""5.73e+07""",A,"=""91274.50""","=""105427.52""","=""3s.4s""","=""3S""","=""1""","=""3s.4p""","=""3P*""","=""0""",,"=""c47""","=""L3515""",
"=""""","=""713.289""","=""""","=""2.59e+06""",C,"=""133437.71""","=""147453.4""","=""3s.5f""","=""3F*""","=""2""","=""3s.10g""","=""3G""","=""3""",,"=""T6298c4,LS""","=""""",
"=""""","=""713.563""","=""""","=""2.27e+05""",E,"=""133443.08""","=""147453.4""","=""3s.5f""","=""3F*""","=""3""","=""3s.10g""","=""3G""","=""3""",,"=""T6298c4,LS""","=""""",
"=""""","=""713.563""","=""""","=""2.64e+06""",C,"=""133443.08""","=""147453.4""","=""3s.5f""","=""3F*""","=""3""","=""3s.10g""","=""3G""","=""4""",,"=""T6298c4,LS""","=""""",
"=""""","=""713.919""","=""""","=""3.45e+03""",E,"=""133450.07""","=""147453.4""","=""3s.5f""","=""3F*""","=""4""","=""3s.10g""","=""3G""","=""3""",,"=""T6298c4,LS""","=""""",
"=""""","=""713.919""","=""""","=""1.75e+05""",E,"=""133450.07""","=""147453.4""","=""3s.5f""","=""3F*""","=""4""","=""3s.10g""","=""3G""","=""4""",,"=""T6298c4,LS""","=""""",
"=""""","=""713.919""","=""""","=""2.81e+06""",C,"=""133450.07""","=""147453.4""","=""3s.5f""","=""3F*""","=""4""","=""3s.10g""","=""3G""","=""5""",,"=""T6298c4,LS""","=""""",
"=""""","=""725.931""","=""""","=""2.68e+06""",C,"=""133681.78""","=""147453.4""","=""3s.5f""","=""1F*""","=""3""","=""3s.10g""","=""1G""","=""4""",,"=""T6298c4""","=""""",
"=""""","=""727.283""","=""""","=""1.50e+05""",C,"=""132215.517""","=""145961.54""","=""3s.6s""","=""3S""","=""1""","=""3p.4s""","=""3P*""","=""2""",,"=""T6298c4,LS""","=""""",
"=""""","=""730.815""","=""""","=""2.56e+06""",C,"=""132822.89""","=""146502.47""","=""3s.5d""","=""3D""","=""3""","=""3s.9f""","=""3F*""","=""4""",,"=""T6298c4,LS""","=""""",
"=""""","=""730.890""","=""""","=""2.27e+06""",C,"=""132822.80""","=""146500.99""","=""3s.5d""","=""3D""","=""2""","=""3s.9f""","=""3F*""","=""3""",,"=""T6298c4,LS""","=""""",
"=""""","=""730.894""","=""""","=""2.85e+05""",E,"=""132822.89""","=""146500.99""","=""3s.5d""","=""3D""","=""3""","=""3s.9f""","=""3F*""","=""3""",,"=""T6298c4,LS""","=""""",
"=""""","=""730.948""","=""""","=""3.99e+05""",E,"=""132822.80""","=""146499.90""","=""3s.5d""","=""3D""","=""2""","=""3s.9f""","=""3F*""","=""2""",,"=""T6298c4,LS""","=""""",
"=""""","=""730.953""","=""""","=""1.12e+04""",E,"=""132822.89""","=""146499.90""","=""3s.5d""","=""3D""","=""3""","=""3s.9f""","=""3F*""","=""2""",,"=""T6298c4,LS""","=""""",
"=""""","=""730.956""","=""""","=""2.15e+06""",C,"=""132822.95""","=""146499.90""","=""3s.5d""","=""3D""","=""1""","=""3s.9f""","=""3F*""","=""2""",,"=""T6298c4,LS""","=""""",
"=""""","=""734.056""","=""""","=""1.46e+05""",C,"=""132215.517""","=""145834.70""","=""3s.6s""","=""3S""","=""1""","=""3p.4s""","=""3P*""","=""1""",,"=""T6298c4,LS""","=""""",
"=""""","=""737.226""","=""""","=""1.44e+05""",D,"=""132215.517""","=""145776.15""","=""3s.6s""","=""3S""","=""1""","=""3p.4s""","=""3P*""","=""0""",,"=""T6298c4,LS""","=""""",
"=""""","=""737.659""","=""""","=""4.80e+05""",C+,"=""121366.725""","=""134919.40""","=""3s.5s""","=""1S""","=""0""","=""3s.6p""","=""1P*""","=""1""",,"=""T6533""","=""""",
"=""""","=""738.424""","=""""","=""1.06e+06""",C+,"=""121483.50""","=""135022.127""","=""3s.4d""","=""3D""","=""3""","=""3s.6p""","=""3P*""","=""2""",,"=""T6298c4,LS""","=""""",
"=""""","=""738.447""","=""""","=""1.88e+05""",C+,"=""121483.92""","=""135022.127""","=""3s.4d""","=""3D""","=""2""","=""3s.6p""","=""3P*""","=""2""",,"=""T6298c4,LS""","=""""",
"=""""","=""738.46495""","=""""","=""1.25e+04""",D,"=""121484.252""","=""135022.127""","=""3s.4d""","=""3D""","=""1""","=""3s.6p""","=""3P*""","=""2""",,"=""T6298c4,LS""","=""""",
"=""""","=""738.798""","=""""","=""9.40e+05""",C+,"=""121483.92""","=""135015.701""","=""3s.4d""","=""3D""","=""2""","=""3s.6p""","=""3P*""","=""1""",,"=""T6298c4,LS""","=""""",
"=""""","=""738.81564""","=""""","=""3.14e+05""",C+,"=""121484.252""","=""135015.701""","=""3s.4d""","=""3D""","=""1""","=""3s.6p""","=""3P*""","=""1""",,"=""T6298c4,LS""","=""""",
"=""""","=""739.00220""","=""""","=""1.25e+06""",C+,"=""121484.252""","=""135012.285""","=""3s.4d""","=""3D""","=""1""","=""3s.6p""","=""3P*""","=""0""",,"=""T6298c4,LS""","=""""",
"=""744.942""","=""744.944""","=""50""","=""1.16e+07""",A,"=""125869.015""","=""139289.15""","=""3s.5p""","=""1P*""","=""1""","=""3s.6d""","=""1D""","=""2""",,"=""T6533""","=""L3515""",
"=""747.141""","=""747.141""","=""90""","=""5.57e+07""",B+,"=""110089.83""","=""123470.5""","=""3s.3d""","=""1D""","=""2""","=""3s.4f""","=""1F*""","=""3""",,"=""T6298c4""","=""L3515""",
"=""""","=""760.899""","=""""","=""3.09e+04""",D,"=""132822.80""","=""145961.54""","=""3s.5d""","=""3D""","=""2""","=""3p.4s""","=""3P*""","=""2""",,"=""T6298c4,LS""","=""""",
"=""""","=""760.904""","=""""","=""1.72e+05""",C+,"=""132822.89""","=""145961.54""","=""3s.5d""","=""3D""","=""3""","=""3p.4s""","=""3P*""","=""2""",,"=""T6298c4,LS""","=""""",
"=""""","=""760.907""","=""""","=""2.05e+03""",E,"=""132822.95""","=""145961.54""","=""3s.5d""","=""3D""","=""1""","=""3p.4s""","=""3P*""","=""2""",,"=""T6298c4,LS""","=""""",
"=""762.448""","=""762.466""","=""5""","=""4.59e+06""",B,"=""125703.14""","=""138814.87""","=""3s.5p""","=""3P*""","=""0""","=""3s.6d""","=""3D""","=""1""",,"=""T6298c4,LS""","=""L3515""",
"=""762.785""","=""762.797""","=""10""","=""6.20e+06""",B,"=""125708.828""","=""138814.87""","=""3s.5p""","=""3P*""","=""1""","=""3s.6d""","=""3D""","=""2""",,"=""T6298c4,LS""","=""L3515""",
"=""""","=""762.797""","=""""","=""3.45e+06""",C+,"=""125708.828""","=""138814.87""","=""3s.5p""","=""3P*""","=""1""","=""3s.6d""","=""3D""","=""1""",,"=""T6298c4,LS""","=""""",
"=""763.533""","=""763.532""","=""20""","=""8.25e+06""",B+,"=""125721.703""","=""138815.12""","=""3s.5p""","=""3P*""","=""2""","=""3s.6d""","=""3D""","=""3""",,"=""T6298c4,LS""","=""L3515""",
"=""""","=""763.547""","=""""","=""2.29e+05""",C,"=""125721.703""","=""138814.87""","=""3s.5p""","=""3P*""","=""2""","=""3s.6d""","=""3D""","=""1""",,"=""T6298c4,LS""","=""""",
"=""""","=""763.547""","=""""","=""2.06e+06""",C+,"=""125721.703""","=""138814.87""","=""3s.5p""","=""3P*""","=""2""","=""3s.6d""","=""3D""","=""2""",,"=""T6298c4,LS""","=""""",
"=""""","=""768.316""","=""""","=""1.50e+05""",C,"=""132822.80""","=""145834.70""","=""3s.5d""","=""3D""","=""2""","=""3p.4s""","=""3P*""","=""1""",,"=""T6298c4,LS""","=""""",
"=""""","=""768.325""","=""""","=""4.99e+04""",D,"=""132822.95""","=""145834.70""","=""3s.5d""","=""3D""","=""1""","=""3p.4s""","=""3P*""","=""1""",,"=""T6298c4,LS""","=""""",
"=""""","=""770.252""","=""""","=""3.68e+06""",C+,"=""133437.71""","=""146416.9""","=""3s.5f""","=""3F*""","=""2""","=""3s.9g""","=""3G""","=""3""",,"=""T6298c4,LS""","=""""",
"=""""","=""770.571""","=""""","=""3.22e+05""",E,"=""133443.08""","=""146416.9""","=""3s.5f""","=""3F*""","=""3""","=""3s.9g""","=""3G""","=""3""",,"=""T6298c4,LS""","=""""",
"=""""","=""770.571""","=""""","=""3.75e+06""",C+,"=""133443.08""","=""146416.9""","=""3s.5f""","=""3F*""","=""3""","=""3s.9g""","=""3G""","=""4""",,"=""T6298c4,LS""","=""""",
"=""""","=""770.986""","=""""","=""4.90e+03""",E,"=""133450.07""","=""146416.9""","=""3s.5f""","=""3F*""","=""4""","=""3s.9g""","=""3G""","=""3""",,"=""T6298c4,LS""","=""""",
"=""""","=""770.986""","=""""","=""2.50e+05""",E,"=""133450.07""","=""146416.9""","=""3s.5f""","=""3F*""","=""4""","=""3s.9g""","=""3G""","=""4""",,"=""T6298c4,LS""","=""""",
"=""""","=""770.986""","=""""","=""4.00e+06""",C+,"=""133450.07""","=""146416.9""","=""3s.5f""","=""3F*""","=""4""","=""3s.9g""","=""3G""","=""5""",,"=""T6298c4,LS""","=""""",
"=""""","=""771.798""","=""""","=""1.97e+05""",C,"=""132822.95""","=""145776.15""","=""3s.5d""","=""3D""","=""1""","=""3p.4s""","=""3P*""","=""0""",,"=""T6298c4,LS""","=""""",
"=""""","=""773.088""","=""""","=""1.43e+07""",C+,"=""125869.015""","=""138800.60""","=""3s.5p""","=""1P*""","=""1""","=""3s.7s""","=""1S""","=""0""",,"=""T6298c4""","=""""",
"=""781.231""","=""781.233""","=""5""","=""1.55e+06""",C,"=""125703.14""","=""138499.89""","=""3s.5p""","=""3P*""","=""0""","=""3s.7s""","=""3S""","=""1""",,"=""T6298c4,LS""","=""L3515""",
"=""781.583""","=""781.581""","=""10""","=""4.64e+06""",C+,"=""125708.828""","=""138499.89""","=""3s.5p""","=""3P*""","=""1""","=""3s.7s""","=""3S""","=""1""",,"=""T6298c4,LS""","=""L3515""",
"=""782.372""","=""782.368""","=""20""","=""7.70e+06""",C+,"=""125721.703""","=""138499.89""","=""3s.5p""","=""3P*""","=""2""","=""3s.7s""","=""3S""","=""1""",,"=""T6298c4,LS""","=""L3515""",
"=""808.691""","=""808.686""","=""5""","=""2.02e+06""",C,"=""133916.368""","=""146278.70""","=""3s.5d""","=""1D""","=""2""","=""3s.9f""","=""1F*""","=""3""",,"=""T6298c4""","=""L3515""",
"=""811.972""","=""811.965""","=""15""","=""2.91e+06""",C+,"=""132822.89""","=""145135.31""","=""3s.5d""","=""3D""","=""3""","=""3s.8f""","=""3F*""","=""4""",,"=""T6298c4,LS""","=""L3515""",
"=""""","=""812.188""","=""""","=""3.24e+05""",C,"=""132822.89""","=""145131.93""","=""3s.5d""","=""3D""","=""3""","=""3s.8f""","=""3F*""","=""3""",,"=""T6298c4,LS""","=""""",
"=""812.189""","=""812.182+""","=""2""","=""""",,"=""132822.80""","=""145131.93""","=""3s.5d""","=""3D""","=""2""","=""3s.8f""","=""3F*""","=""3""",,"=""""","=""L3515c14""",
"=""812.203""","=""812.182""","=""7hfs""","=""2.58e+06""",C+,"=""132822.80""","=""145131.93""","=""3s.5d""","=""3D""","=""2""","=""3s.8f""","=""3F*""","=""3""",,"=""T6298c4,LS""","=""L3515c150""",
"=""812.208""","=""812.182+""","=""5""","=""""",,"=""132822.80""","=""145131.93""","=""3s.5d""","=""3D""","=""2""","=""3s.8f""","=""3F*""","=""3""",,"=""""","=""L3515c14""",
"=""812.352""","=""812.341""","=""1*""","=""4.54e+05""",C,"=""132822.80""","=""145129.51""","=""3s.5d""","=""3D""","=""2""","=""3s.8f""","=""3F*""","=""2""",,"=""T6298c4,LS""","=""L3515""",
"=""812.352""","=""812.347""","=""1*""","=""1.28e+04""",E,"=""132822.89""","=""145129.51""","=""3s.5d""","=""3D""","=""3""","=""3s.8f""","=""3F*""","=""2""",,"=""T6298c4,LS""","=""L3515""",
"=""812.352""","=""812.351""","=""1*""","=""2.44e+06""",C+,"=""132822.95""","=""145129.51""","=""3s.5d""","=""3D""","=""1""","=""3s.8f""","=""3F*""","=""2""",,"=""T6298c4,LS""","=""L3515""",
"=""835.4318""","=""835.432""","=""100""","=""4.27e+07""",A,"=""121483.50""","=""133450.07""","=""3s.4d""","=""3D""","=""3""","=""3s.5f""","=""3F*""","=""4""",,"=""T6298c4,LS""","=""L4575""",
"=""835.923""","=""835.920""","=""5""","=""4.75e+06""",B+,"=""121483.50""","=""133443.08""","=""3s.4d""","=""3D""","=""3""","=""3s.5f""","=""3F*""","=""3""",,"=""T6298c4,LS""","=""L3515""",
"=""835.9492""","=""835.949""","=""50""","=""3.79e+07""",A,"=""121483.92""","=""133443.08""","=""3s.4d""","=""3D""","=""2""","=""3s.5f""","=""3F*""","=""3""",,"=""T6298c4,LS""","=""L4575""",
"=""""","=""836.296""","=""""","=""1.87e+05""",C+,"=""121483.50""","=""133437.71""","=""3s.4d""","=""3D""","=""3""","=""3s.5f""","=""3F*""","=""2""",,"=""T6298c4,LS""","=""""",
"=""836.3251""","=""836.325""","=""5""","=""6.64e+06""",B+,"=""121483.92""","=""133437.71""","=""3s.4d""","=""3D""","=""2""","=""3s.5f""","=""3F*""","=""2""",,"=""T6298c4,LS""","=""L4575""",
"=""836.3469""","=""836.348""","=""50""","=""3.58e+07""",A,"=""121484.252""","=""133437.71""","=""3s.4d""","=""3D""","=""1""","=""3s.5f""","=""3F*""","=""2""",,"=""T6298c4,LS""","=""L4575""",
"=""864.0705""","=""864.070""","=""100""","=""3.00e+07""",A+,"=""95350.60""","=""106920.56""","=""3s.4s""","=""1S""","=""0""","=""3s.4p""","=""1P*""","=""1""",,"=""c47,u24""","=""L4575""",
"=""867.106""","=""867.11+""","=""5""","=""""",,"=""133437.71""","=""144967.1""","=""3s.5f""","=""3F*""","=""2""","=""3s.8g""","=""3G""","=""3""",,"=""""","=""L3515c14""",
"=""867.121""","=""867.110""","=""15hfs""","=""5.52e+06""",C+,"=""133437.71""","=""144967.1""","=""3s.5f""","=""3F*""","=""2""","=""3s.8g""","=""3G""","=""3""",,"=""T6298c4,LS""","=""L3515c150""",
"=""867.128""","=""867.11+""","=""10""","=""""",,"=""133437.71""","=""144967.1""","=""3s.5f""","=""3F*""","=""2""","=""3s.8g""","=""3G""","=""3""",,"=""""","=""L3515c14""",
"=""""","=""867.514""","=""""","=""4.83e+05""",C,"=""133443.08""","=""144967.1""","=""3s.5f""","=""3F*""","=""3""","=""3s.8g""","=""3G""","=""3""",,"=""T6298c4,LS""","=""""",
"=""""","=""867.514""","=""""","=""5.62e+06""",C+,"=""133443.08""","=""144967.1""","=""3s.5f""","=""3F*""","=""3""","=""3s.8g""","=""3G""","=""4""",,"=""T6298c4,LS""","=""""",
"=""""","=""868.041""","=""""","=""7.34e+03""",E,"=""133450.07""","=""144967.1""","=""3s.5f""","=""3F*""","=""4""","=""3s.8g""","=""3G""","=""3""",,"=""T6298c4,LS""","=""""",
"=""""","=""868.041""","=""""","=""3.75e+05""",C,"=""133450.07""","=""144967.1""","=""3s.5f""","=""3F*""","=""4""","=""3s.8g""","=""3G""","=""4""",,"=""T6298c4,LS""","=""""",
"=""""","=""868.041""","=""""","=""5.99e+06""",B,"=""133450.07""","=""144967.1""","=""3s.5f""","=""3F*""","=""4""","=""3s.8g""","=""3G""","=""5""",,"=""T6298c4,LS""","=""""",
"=""""","=""880.303""","=""""","=""1.65e+06""",C,"=""134919.40""","=""146276.0""","=""3s.6p""","=""1P*""","=""1""","=""3s.9d""","=""1D""","=""2""",,"=""T6298c4""","=""""",
"=""""","=""892.234""","=""""","=""6.16e+02""",E,"=""133437.71""","=""144642.45""","=""3s.5f""","=""3F*""","=""2""","=""3s.8d""","=""3D""","=""3""",,"=""T6298c4,LS""","=""""",
"=""""","=""892.256""","=""""","=""3.07e+04""",E,"=""133437.71""","=""144642.18""","=""3s.5f""","=""3F*""","=""2""","=""3s.8d""","=""3D""","=""2""",,"=""T6298c4,LS""","=""""",
"=""""","=""892.270""","=""""","=""2.75e+05""",D,"=""133437.71""","=""144642.0""","=""3s.5f""","=""3F*""","=""2""","=""3s.8d""","=""3D""","=""1""",,"=""T6298c4,LS""","=""""",
"=""""","=""892.662""","=""""","=""2.19e+04""",E,"=""133443.08""","=""144642.45""","=""3s.5f""","=""3F*""","=""3""","=""3s.8d""","=""3D""","=""3""",,"=""T6298c4,LS""","=""""",
"=""""","=""892.684""","=""""","=""2.45e+05""",D,"=""133443.08""","=""144642.18""","=""3s.5f""","=""3F*""","=""3""","=""3s.8d""","=""3D""","=""2""",,"=""T6298c4,LS""","=""""",
"=""""","=""893.220""","=""""","=""2.52e+05""",C,"=""133450.07""","=""144642.45""","=""3s.5f""","=""3F*""","=""4""","=""3s.8d""","=""3D""","=""3""",,"=""T6298c4,LS""","=""""",
"=""""","=""894.512""","=""""","=""5.58e+05""",E,"=""135012.285""","=""146188.5""","=""3s.6p""","=""3P*""","=""0""","=""3s.9d""","=""3D""","=""1""",,"=""T6298c4,LS""","=""""",
"=""""","=""894.785""","=""""","=""4.18e+05""",E,"=""135015.701""","=""146188.5""","=""3s.6p""","=""3P*""","=""1""","=""3s.9d""","=""3D""","=""1""",,"=""T6298c4,LS""","=""""",
"=""""","=""894.785""","=""""","=""7.54e+05""",D,"=""135015.701""","=""146188.5""","=""3s.6p""","=""3P*""","=""1""","=""3s.9d""","=""3D""","=""2""",,"=""T6298c4,LS""","=""""",
"=""""","=""895.268""","=""""","=""1.00e+06""",C,"=""135022.127""","=""146188.9""","=""3s.6p""","=""3P*""","=""2""","=""3s.9d""","=""3D""","=""3""",,"=""T6298c4,LS""","=""""",
"=""""","=""895.300""","=""""","=""2.79e+04""",E,"=""135022.127""","=""146188.5""","=""3s.6p""","=""3P*""","=""2""","=""3s.9d""","=""3D""","=""1""",,"=""T6298c4,LS""","=""""",
"=""""","=""895.300""","=""""","=""2.50e+05""",E,"=""135022.127""","=""146188.5""","=""3s.6p""","=""3P*""","=""2""","=""3s.9d""","=""3D""","=""2""",,"=""T6298c4,LS""","=""""",
"=""""","=""912.614""","=""""","=""""",,"=""132215.517""","=""143170.04""","=""3s.6s""","=""3S""","=""1""","=""3s.8p""","=""3P*""","=""2""",,"=""""","=""""",
"=""""","=""919.873""","=""""","=""3.42e+06""",C+,"=""133916.368""","=""144784.45""","=""3s.5d""","=""1D""","=""2""","=""3s.8f""","=""1F*""","=""3""",,"=""T6298c4""","=""""",
"=""""","=""928.663""","=""""","=""6.46e+07""",A,"=""123418.48""","=""134183.7""","=""3s.4f""","=""3F*""","=""2""","=""3s.5g""","=""3G""","=""3""",,"=""T6298c4,LS""","=""""",
"=""""","=""928.833""","=""""","=""5.66e+06""",B+,"=""123420.45""","=""134183.7""","=""3s.4f""","=""3F*""","=""3""","=""3s.5g""","=""3G""","=""3""",,"=""T6298c4,LS""","=""""",
"=""""","=""928.833""","=""""","=""6.61e+07""",A,"=""123420.45""","=""134183.7""","=""3s.4f""","=""3F*""","=""3""","=""3s.5g""","=""3G""","=""4""",,"=""T6298c4,LS""","=""""",
"=""""","=""929.084""","=""""","=""8.62e+04""",C+,"=""123423.36""","=""134183.7""","=""3s.4f""","=""3F*""","=""4""","=""3s.5g""","=""3G""","=""3""",,"=""T6298c4,LS""","=""""",
"=""""","=""929.084""","=""""","=""4.40e+06""",B+,"=""123423.36""","=""134183.7""","=""3s.4f""","=""3F*""","=""4""","=""3s.5g""","=""3G""","=""4""",,"=""T6298c4,LS""","=""""",
"=""""","=""929.084""","=""""","=""7.01e+07""",A,"=""123423.36""","=""134183.7""","=""3s.4f""","=""3F*""","=""4""","=""3s.5g""","=""3G""","=""5""",,"=""T6298c4,LS""","=""""",
"=""""","=""933.172""","=""""","=""7.15e+07""",A,"=""123470.5""","=""134183.7""","=""3s.4f""","=""1F*""","=""3""","=""3s.5g""","=""1G""","=""4""",,"=""T6298c4""","=""""",
"=""""","=""955.682""","=""""","=""1.91e+06""",C+,"=""132822.89""","=""143283.75""","=""3s.5d""","=""3D""","=""3""","=""3s.7f""","=""3F*""","=""4""",,"=""T6298c4,LS""","=""""",
"=""""","=""956.670""","=""""","=""1.69e+06""",C+,"=""132822.80""","=""143272.86""","=""3s.5d""","=""3D""","=""2""","=""3s.7f""","=""3F*""","=""3""",,"=""T6298c4,LS""","=""""",
"=""""","=""956.678""","=""""","=""2.12e+05""",D,"=""132822.89""","=""143272.86""","=""3s.5d""","=""3D""","=""3""","=""3s.7f""","=""3F*""","=""3""",,"=""T6298c4,LS""","=""""",
"=""""","=""957.054""","=""""","=""3.87e+05""",B,"=""123470.5""","=""133916.368""","=""3s.4f""","=""1F*""","=""3""","=""3s.5d""","=""1D""","=""2""",,"=""T6533""","=""""",
"=""""","=""957.314""","=""""","=""2.96e+05""",D,"=""132822.80""","=""143265.83""","=""3s.5d""","=""3D""","=""2""","=""3s.7f""","=""3F*""","=""2""",,"=""T6298c4,LS""","=""""",
"=""""","=""957.322""","=""""","=""8.36e+03""",E,"=""132822.89""","=""143265.83""","=""3s.5d""","=""3D""","=""3""","=""3s.7f""","=""3F*""","=""2""",,"=""T6298c4,LS""","=""""",
"=""""","=""957.328""","=""""","=""1.60e+06""",C+,"=""132822.95""","=""143265.83""","=""3s.5d""","=""3D""","=""1""","=""3s.7f""","=""3F*""","=""2""",,"=""T6298c4,LS""","=""""",
