obs_wl_vac(nm),unc_obs_wl,ritz_wl_vac(nm),unc_ritz_wl,intens,Aki(s^-1),Acc,Ei(cm-1),Ek(cm-1),conf_i,term_i,J_i,conf_k,term_k,J_k,Type,tp_ref,line_ref,
"=""199.3007""","=""0.0010""","=""199.2997""","=""0.0009""","=""7""","=""1.23e+07""",,"=""179349.2""","=""229524.9""","=""3p5.3d""","=""1D*""","=""2""","=""3p5.(2P*<1/2>).4f""","=""2[5/2]""","=""2""",,"=""T8304""","=""L12188""",
"=""199.3714""","=""0.0010""","=""199.3708""","=""0.0006""","=""15""","=""4.16e+06""",,"=""179349.2""","=""229507.0""","=""3p5.3d""","=""1D*""","=""2""","=""3p5.(2P*<1/2>).4f""","=""2[5/2]""","=""3""",,"=""T8304""","=""L12188""",
"=""199.4285""","=""0.0010""","=""199.4284""","=""0.0009""","=""25""","=""7.14e+08""",,"=""179349.2""","=""229492.5""","=""3p5.3d""","=""1D*""","=""2""","=""3p5.(2P*<1/2>).4f""","=""2[7/2]""","=""3""",,"=""T8304""","=""L12188""",
"=""199.5557""","=""0.0010""","=""199.5562""","=""0.0006""","=""2""","=""4.85e+06""",,"=""179395.8""","=""229507.0""","=""3p5.3d""","=""3D*""","=""3""","=""3p5.(2P*<1/2>).4f""","=""2[5/2]""","=""3""",,"=""T8304""","=""L12188""",
obs_wl_air(nm),unc_obs_wl,ritz_wl_air(nm),unc_ritz_wl,intens,Aki(s^-1),Acc,Ei(cm-1),Ek(cm-1),conf_i,term_i,J_i,conf_k,term_k,J_k,Type,tp_ref,line_ref,
"=""203.4679""","=""0.0010""","=""203.4671""","=""0.0009""","=""5""","=""8.81e+07""",,"=""180392.7""","=""229524.9""","=""3p5.3d""","=""3D*""","=""2""","=""3p5.(2P*<1/2>).4f""","=""2[5/2]""","=""2""",,"=""T8304""","=""L12188""",
"=""203.5408""","=""0.0010""","=""203.5413""","=""0.0006""","=""50""","=""1.20e+09""",,"=""180392.7""","=""229507.0""","=""3p5.3d""","=""3D*""","=""2""","=""3p5.(2P*<1/2>).4f""","=""2[5/2]""","=""3""",,"=""T8304""","=""L12188""",
"=""203.6014""","=""0.0010""","=""203.6014""","=""0.0009""","=""10""","=""3.89e+05""",,"=""180392.7""","=""229492.5""","=""3p5.3d""","=""3D*""","=""2""","=""3p5.(2P*<1/2>).4f""","=""2[7/2]""","=""3""",,"=""T8304""","=""L12188""",
"=""203.7005""","=""0.0010""","=""203.7001""","=""0.0009""","=""45""","=""6.74e+08""",,"=""180448.9""","=""229524.9""","=""3p5.3d""","=""3D*""","=""1""","=""3p5.(2P*<1/2>).4f""","=""2[5/2]""","=""2""",,"=""T8304""","=""L12188""",
"=""204.4832""","=""0.0010""","=""204.4823""","=""0.0006""","=""10""","=""7.49e+07""",,"=""180618.7""","=""229507.0""","=""3p5.3d""","=""1F*""","=""3""","=""3p5.(2P*<1/2>).4f""","=""2[5/2]""","=""3""",,"=""T8304""","=""L12188""",
"=""204.5283""","=""0.0010""","=""204.5288""","=""0.0013""","=""40""","=""1.80e+09""",,"=""180618.7""","=""229495.9""","=""3p5.3d""","=""1F*""","=""3""","=""3p5.(2P*<1/2>).4f""","=""2[7/2]""","=""4""",,"=""T8304""","=""L12188""",
"=""204.5430""","=""0.0010""","=""204.5430""","=""0.0009""","=""15""","=""7.78e+07""",,"=""180618.7""","=""229492.5""","=""3p5.3d""","=""1F*""","=""3""","=""3p5.(2P*<1/2>).4f""","=""2[7/2]""","=""3""",,"=""T8304""","=""L12188""",
"=""207.6798""","=""0.0010""","=""207.6802""","=""0.0006""","=""60""","=""9.73e+08""",,"=""179349.2""","=""227484.8""","=""3p5.3d""","=""1D*""","=""2""","=""3p5.(2P*<3/2>).4f""","=""2[7/2]""","=""3""",,"=""T8304""","=""L12188""",
"=""207.8694""","=""0.0010""","=""207.8698""","=""0.0006""","=""70""","=""1.85e+09""",,"=""179395.8""","=""227487.5""","=""3p5.3d""","=""3D*""","=""3""","=""3p5.(2P*<3/2>).4f""","=""2[7/2]""","=""4""",,"=""T8304""","=""L12188""",
"=""208.1885""","=""0.0010""","=""208.1889""","=""0.0006""","=""25""","=""2.39e+08""",,"=""179349.2""","=""227367.2""","=""3p5.3d""","=""1D*""","=""2""","=""3p5.(2P*<3/2>).4f""","=""2[5/2]""","=""2""",,"=""T8304""","=""L12188""",
"=""208.2891""","=""0.0010""","=""208.2900""","=""0.0010""","=""25""","=""1.26e+07""",,"=""179349.2""","=""227343.9""","=""3p5.3d""","=""1D*""","=""2""","=""3p5.(2P*<3/2>).4f""","=""2[5/2]""","=""3""",,"=""T8304""","=""L12188""",
"=""208.3942""","=""0.0010""","=""208.3912""","=""0.0006""","=""15""","=""3.79e+06""",,"=""179395.8""","=""227367.2""","=""3p5.3d""","=""3D*""","=""3""","=""3p5.(2P*<3/2>).4f""","=""2[5/2]""","=""2""",,"=""T8304""","=""L12188""",
"=""208.4933""","=""0.0010""","=""208.4925""","=""0.0010""","=""60""","=""3.69e+08""",,"=""179395.8""","=""227343.9""","=""3p5.3d""","=""3D*""","=""3""","=""3p5.(2P*<3/2>).4f""","=""2[5/2]""","=""3""",,"=""T8304""","=""L12188""",
"=""208.9855""","=""0.0010""","=""208.9864""","=""0.0010""","=""50""","=""5.71e+08""",,"=""179395.8""","=""227230.6""","=""3p5.3d""","=""3D*""","=""3""","=""3p5.(2P*<3/2>).4f""","=""2[9/2]""","=""4""",,"=""T8304""","=""L12188""",
"=""209.4558""","=""0.0010""","=""209.4567""","=""0.0006""","=""4""","=""2.27e+07""",,"=""179395.8""","=""227123.2""","=""3p5.3d""","=""3D*""","=""3""","=""3p5.(2P*<3/2>).4f""","=""2[3/2]""","=""2""",,"=""T8304""","=""L12188""",
"=""212.2827""","=""0.0010""","=""212.2827""","=""0.0006""","=""15""","=""9.37e+05""",,"=""180392.7""","=""227484.8""","=""3p5.3d""","=""3D*""","=""2""","=""3p5.(2P*<3/2>).4f""","=""2[7/2]""","=""3""",,"=""T8304""","=""L12188""",
"=""212.8138""","=""0.0010""","=""212.8142""","=""0.0006""","=""15""","=""1.66e+07""",,"=""180392.7""","=""227367.2""","=""3p5.3d""","=""3D*""","=""2""","=""3p5.(2P*<3/2>).4f""","=""2[5/2]""","=""2""",,"=""T8304""","=""L12188""",
"=""212.9190""","=""0.0010""","=""212.9199""","=""0.0010""","=""40""","=""4.61e+08""",,"=""180392.7""","=""227343.9""","=""3p5.3d""","=""3D*""","=""2""","=""3p5.(2P*<3/2>).4f""","=""2[5/2]""","=""3""",,"=""T8304""","=""L12188""",
"=""213.0687""","=""0.0010""","=""213.0692""","=""0.0006""","=""50""","=""4.00e+08""",,"=""180448.9""","=""227367.2""","=""3p5.3d""","=""3D*""","=""1""","=""3p5.(2P*<3/2>).4f""","=""2[5/2]""","=""2""",,"=""T8304""","=""L12188""",
"=""213.2947""","=""0.0010""","=""213.2942""","=""0.0006""","=""10""","=""5.12e+07""",,"=""180618.7""","=""227487.5""","=""3p5.3d""","=""1F*""","=""3""","=""3p5.(2P*<3/2>).4f""","=""2[7/2]""","=""4""",,"=""T8304""","=""L12188""",
"=""213.3061""","=""0.0010""","=""213.3065""","=""0.0006""","=""10""","=""1.09e+08""",,"=""180618.7""","=""227484.8""","=""3p5.3d""","=""1F*""","=""3""","=""3p5.(2P*<3/2>).4f""","=""2[7/2]""","=""3""",,"=""T8304""","=""L12188""",
"=""213.8427""","=""0.0010""","=""213.8432""","=""0.0006""","=""1""","=""1.06e+07""",,"=""180618.7""","=""227367.2""","=""3p5.3d""","=""1F*""","=""3""","=""3p5.(2P*<3/2>).4f""","=""2[5/2]""","=""2""",,"=""T8304""","=""L12188""",
"=""213.9246""","=""0.0010""","=""213.9256""","=""0.0006""","=""20""","=""1.64e+08""",,"=""180392.7""","=""227123.2""","=""3p5.3d""","=""3D*""","=""2""","=""3p5.(2P*<3/2>).4f""","=""2[3/2]""","=""2""",,"=""T8304""","=""L12188""",
"=""213.9494""","=""0.0010""","=""213.9498""","=""0.0010""","=""10""","=""3.98e+07""",,"=""180618.7""","=""227343.9""","=""3p5.3d""","=""1F*""","=""3""","=""3p5.(2P*<3/2>).4f""","=""2[5/2]""","=""3""",,"=""T8304""","=""L12188""",
"=""214.0277""","=""0.0010""","=""214.0277""","=""0.0010""","=""7""","=""1.62e+07""",,"=""180392.7""","=""227100.9""","=""3p5.3d""","=""3D*""","=""2""","=""3p5.(2P*<3/2>).4f""","=""2[3/2]""","=""1""",,"=""T8304""","=""L12188""",
"=""214.1823""","=""0.0010""","=""214.1832""","=""0.0006""","=""5""","=""2.03e+07""",,"=""180448.9""","=""227123.2""","=""3p5.3d""","=""3D*""","=""1""","=""3p5.(2P*<3/2>).4f""","=""2[3/2]""","=""2""",,"=""T8304""","=""L12188""",
"=""214.2860""","=""0.0010""","=""214.2856""","=""0.0010""","=""15""","=""8.69e+07""",,"=""180448.9""","=""227100.9""","=""3p5.3d""","=""3D*""","=""1""","=""3p5.(2P*<3/2>).4f""","=""2[3/2]""","=""1""",,"=""T8304""","=""L12188""",
"=""214.4699""","=""0.0010""","=""214.4699""","=""0.0010""","=""50""","=""6.90e+08""",,"=""180618.7""","=""227230.6""","=""3p5.3d""","=""1F*""","=""3""","=""3p5.(2P*<3/2>).4f""","=""2[9/2]""","=""4""",,"=""T8304""","=""L12188""",
"=""214.9667""","=""0.0010""","=""214.9653""","=""0.0007""","=""0""","=""2.99e+06""",,"=""180618.7""","=""227123.2""","=""3p5.3d""","=""1F*""","=""3""","=""3p5.(2P*<3/2>).4f""","=""2[3/2]""","=""2""",,"=""T8304""","=""L12188""",
"=""218.932""","=""0.003""","=""""","=""""","=""6""","=""""",,"=""""","=""""","=""""","=""""","=""""","=""""","=""""","=""""",,"=""""","=""L3490""",
"=""220.984""","=""0.003""","=""""","=""""","=""4""","=""""",,"=""""","=""""","=""""","=""""","=""""","=""""","=""""","=""""",,"=""""","=""L3490""",
"=""226.434""","=""0.003""","=""""","=""""","=""5""","=""""",,"=""""","=""""","=""""","=""""","=""""","=""""","=""""","=""""",,"=""""","=""L3490""",
"=""229.679""","=""0.003""","=""""","=""""","=""1""","=""""",,"=""""","=""""","=""""","=""""","=""""","=""""","=""""","=""""",,"=""""","=""L3490""",
"=""234.230""","=""0.003""","=""""","=""""","=""3""","=""""",,"=""""","=""""","=""""","=""""","=""""","=""""","=""""","=""""",,"=""""","=""L3490""",
"=""235.870""","=""0.003""","=""""","=""""","=""1""","=""""",,"=""""","=""""","=""""","=""""","=""""","=""""","=""""","=""""",,"=""""","=""L3490""",
"=""250.460""","=""0.003""","=""""","=""""","=""3""","=""""",,"=""""","=""""","=""""","=""""","=""""","=""""","=""""","=""""",,"=""""","=""L3490""",
"=""274.355""","=""0.003""","=""""","=""""","=""4""","=""""",,"=""""","=""""","=""""","=""""","=""""","=""""","=""""","=""""",,"=""""","=""L3490""",
"=""277.789""","=""0.003""","=""277.7884""","=""0.0017""","=""2""","=""2.82e+07""",,"=""183204.1""","=""219192.1""","=""3p5.4p""","=""3S""","=""1""","=""3p5.4d""","=""3D*""","=""2""",,"=""T8304""","=""L3490""",
"=""280.899""","=""0.003""","=""""","=""""","=""3""","=""""",,"=""""","=""""","=""""","=""""","=""""","=""""","=""""","=""""",,"=""""","=""L3490""",
"=""295.088""","=""0.003""","=""""","=""""","=""2""","=""""",,"=""""","=""""","=""""","=""""","=""""","=""""","=""""","=""""",,"=""""","=""L3490""",
"=""303.043""","=""0.003""","=""""","=""""","=""2""","=""""",,"=""""","=""""","=""""","=""""","=""""","=""""","=""""","=""""",,"=""""","=""L3490""",
"=""304.716""","=""0.003""","=""304.7123""","=""0.0021""","=""2""","=""1.92e+07""",,"=""186383.8""","=""219192.1""","=""3p5.4p""","=""3D""","=""3""","=""3p5.4d""","=""3D*""","=""2""",,"=""T8304""","=""L3490""",
"=""306.218""","=""0.003""","=""306.2141""","=""0.0013""","=""5""","=""8.82e+08""",,"=""183204.1""","=""215851.5""","=""3p5.4p""","=""3S""","=""1""","=""3p5.4d""","=""3P*""","=""2""",,"=""T8304""","=""L3490""",
"=""307.500""","=""0.003""","=""307.5017""","=""0.0021""","=""3""","=""4.30e+07""",,"=""186681.4""","=""219192.1""","=""3p5.4p""","=""3D""","=""2""","=""3p5.4d""","=""3D*""","=""2""",,"=""T8304""","=""L3490""",
"=""310.500""","=""0.003""","=""310.4998""","=""0.0014""","=""6""","=""4.97e+08""",,"=""183204.1""","=""215400.9""","=""3p5.4p""","=""3S""","=""1""","=""3p5.4d""","=""3P*""","=""1""",,"=""T8304""","=""L3490""",
"=""314.275""","=""0.003""","=""314.2706""","=""0.0014""","=""2""","=""1.98e+08""",,"=""183204.1""","=""215014.6""","=""3p5.4p""","=""3S""","=""1""","=""3p5.(2P*<1/2>).5s""","=""2[1/2]*""","=""1""",,"=""T8304""","=""L3490""",
"=""315.715""","=""0.003""","=""315.7137""","=""0.0022""","=""2""","=""2.73e+07""",,"=""187527.0""","=""219192.1""","=""3p5.4p""","=""3D""","=""1""","=""3p5.4d""","=""3D*""","=""2""",,"=""T8304""","=""L3490""",
"=""317.181""","=""0.003""","=""317.1812""","=""0.0023""","=""2""","=""1.09e+08""",,"=""183204.1""","=""214722.7""","=""3p5.4p""","=""3S""","=""1""","=""3p5.(2P*<1/2>).5s""","=""2[1/2]*""","=""0""",,"=""T8304""","=""L3490""",
"=""319.007""","=""0.003""","=""319.0041""","=""0.0023""","=""5""","=""3.19e+08""",,"=""186383.8""","=""217722.3""","=""3p5.4p""","=""3D""","=""3""","=""3p5.4d""","=""3D*""","=""3""",,"=""T8304""","=""L3490""",
"=""322.060""","=""0.003""","=""322.0533""","=""0.0023""","=""4bl*""","=""2.52e+08""",,"=""188150.3""","=""219192.1""","=""3p5.4p""","=""1D""","=""2""","=""3p5.4d""","=""3D*""","=""2""",,"=""T8304""","=""L12188""",
"=""322.060""","=""0.003""","=""322.0626""","=""0.0023""","=""4bl*""","=""1.79e+08""",,"=""186681.4""","=""217722.3""","=""3p5.4p""","=""3D""","=""2""","=""3p5.4d""","=""3D*""","=""3""",,"=""T8304""","=""L12188""",
"=""325.881""","=""0.003""","=""325.8715""","=""0.0024""","=""3""","=""2.53e+07""",,"=""186383.8""","=""217061.9""","=""3p5.4p""","=""3D""","=""3""","=""3p5.4d""","=""3F*""","=""2""",,"=""T8304""","=""L3490""",
"=""329.065""","=""0.003""","=""329.0637""","=""0.0024""","=""5""","=""4.72e+08""",,"=""186681.4""","=""217061.9""","=""3p5.4p""","=""3D""","=""2""","=""3p5.4d""","=""3F*""","=""2""",,"=""T8304""","=""L3490""",
"=""330.160""","=""0.003""","=""330.1537""","=""0.0015""","=""3""","=""9.17e+06""",,"=""164492.0""","=""194772.2""","=""3p5.3d""","=""3P*""","=""1""","=""3p5.4p""","=""1S""","=""0""",,"=""T8304""","=""L3490""",
"=""333.767""","=""0.003""","=""333.7649""","=""0.0025""","=""1""","=""4.78e+05""",,"=""189239.5""","=""219192.1""","=""3p5.4p""","=""1P""","=""1""","=""3p5.4d""","=""3D*""","=""2""",,"=""T8304""","=""L3490""",
"=""335.651""","=""0.003""","=""335.6486""","=""0.0016""","=""2""","=""5.88e+07""",,"=""183204.1""","=""212988.6""","=""3p5.4p""","=""3S""","=""1""","=""3p5.(2P*<3/2>).5s""","=""2[3/2]*""","=""1""",,"=""T8304""","=""L3490""",
"=""338.062""","=""0.003""","=""338.061""","=""0.003""","=""6""","=""1.59e+09""",,"=""188150.3""","=""217722.3""","=""3p5.4p""","=""1D""","=""2""","=""3p5.4d""","=""3D*""","=""3""",,"=""T8304""","=""L3490""",
"=""338.486""","=""0.003""","=""338.485""","=""0.003""","=""6bl*""","=""1.10e+09""",,"=""187527.0""","=""217061.9""","=""3p5.4p""","=""3D""","=""1""","=""3p5.4d""","=""3F*""","=""2""",,"=""T8304""","=""L12188""",
"=""338.486""","=""0.003""","=""338.488""","=""0.003""","=""6bl*""","=""5.25e+07""",,"=""189657.4""","=""219192.1""","=""3p5.4p""","=""3P""","=""2""","=""3p5.4d""","=""3D*""","=""2""",,"=""T8304""","=""L12188""",
"=""339.263""","=""0.003""","=""339.2572""","=""0.0016""","=""3""","=""3.72e+07""",,"=""186383.8""","=""215851.5""","=""3p5.4p""","=""3D""","=""3""","=""3p5.4d""","=""3P*""","=""2""",,"=""T8304""","=""L3490""",
"=""340.424""","=""0.003""","=""340.4194""","=""0.0016""","=""6""","=""2.20e+08""",,"=""183204.1""","=""212571.2""","=""3p5.4p""","=""3S""","=""1""","=""3p5.(2P*<3/2>).5s""","=""2[3/2]*""","=""2""",,"=""T8304""","=""L3490""",
"=""342.713""","=""0.003""","=""342.7185""","=""0.0017""","=""2""","=""1.72e+07""",,"=""186681.4""","=""215851.5""","=""3p5.4p""","=""3D""","=""2""","=""3p5.4d""","=""3P*""","=""2""",,"=""T8304""","=""L3490""",
"=""344.005""","=""0.003""","=""344.000""","=""0.003""","=""7""","=""1.12e+09""",,"=""190130.7""","=""219192.1""","=""3p5.4p""","=""3P""","=""1""","=""3p5.4d""","=""3D*""","=""2""",,"=""T8304""","=""L3490""",
"=""345.785""","=""0.003""","=""345.783""","=""0.003""","=""2""","=""8.91e+06""",,"=""188150.3""","=""217061.9""","=""3p5.4p""","=""1D""","=""2""","=""3p5.4d""","=""3F*""","=""2""",,"=""T8304""","=""L3490""",
"=""352.851""","=""0.003""","=""352.8420""","=""0.0018""","=""1""","=""2.39e+07""",,"=""186681.4""","=""215014.6""","=""3p5.4p""","=""3D""","=""2""","=""3p5.(2P*<1/2>).5s""","=""2[1/2]*""","=""1""",,"=""T8304""","=""L3490""",
"=""352.953""","=""0.003""","=""352.9504""","=""0.0018""","=""3""","=""3.13e+07""",,"=""187527.0""","=""215851.5""","=""3p5.4p""","=""3D""","=""1""","=""3p5.4d""","=""3P*""","=""2""",,"=""T8304""","=""L3490""",
"=""353.075""","=""0.003""","=""353.0700""","=""0.0018""","=""7""","=""2.26e+08""",,"=""166457.3""","=""194772.2""","=""3p5.4s""","=""1P*""","=""1""","=""3p5.4p""","=""1S""","=""0""",,"=""T8304""","=""L3490""",
"=""356.215""","=""0.003""","=""356.215""","=""0.003""","=""4""","=""6.49e+07""",,"=""189657.4""","=""217722.3""","=""3p5.4p""","=""3P""","=""2""","=""3p5.4d""","=""3D*""","=""3""",,"=""T8304""","=""L3490""",
"=""358.660""","=""0.003""","=""358.6562""","=""0.0018""","=""2""","=""2.52e+07""",,"=""187527.0""","=""215400.9""","=""3p5.4p""","=""3D""","=""1""","=""3p5.4d""","=""3P*""","=""1""",,"=""T8304""","=""L3490""",
"=""359.322""","=""0.003""","=""359.320""","=""0.003""","=""2""","=""3.46e+06""",,"=""189239.5""","=""217061.9""","=""3p5.4p""","=""1P""","=""1""","=""3p5.4d""","=""3F*""","=""2""",,"=""T8304""","=""L3490""",
"=""360.888""","=""0.003""","=""360.8923""","=""0.0018""","=""5""","=""3.64e+08""",,"=""188150.3""","=""215851.5""","=""3p5.4p""","=""1D""","=""2""","=""3p5.4d""","=""3P*""","=""2""",,"=""T8304""","=""L3490""",
"=""361.849""","=""0.003""","=""361.8485""","=""0.0019""","=""6""","=""8.14e+07""",,"=""162502.7""","=""190130.7""","=""3p5.4s""","=""3P*""","=""2""","=""3p5.4p""","=""3P""","=""1""",,"=""T8304""","=""L3490""",
"=""362.642""","=""0.003""","=""362.645""","=""0.004""","=""4""","=""5.38e+08""",,"=""201957.6""","=""229524.9""","=""3p5.3d""","=""1P*""","=""1""","=""3p5.(2P*<1/2>).4f""","=""2[5/2]""","=""2""",,"=""T8304""","=""L3490""",
"=""363.700""","=""0.003""","=""363.6967""","=""0.0019""","=""3""","=""7.62e+06""",,"=""187527.0""","=""215014.6""","=""3p5.4p""","=""3D""","=""1""","=""3p5.(2P*<1/2>).5s""","=""2[1/2]*""","=""1""",,"=""T8304""","=""L3490""",
"=""364.795""","=""0.003""","=""364.800""","=""0.003""","=""2""","=""5.37e+05""",,"=""189657.4""","=""217061.9""","=""3p5.4p""","=""3P""","=""2""","=""3p5.4d""","=""3F*""","=""2""",,"=""T8304""","=""L3490""",
"=""366.860""","=""0.003""","=""366.8599""","=""0.0019""","=""3""","=""3.67e+07""",,"=""188150.3""","=""215400.9""","=""3p5.4p""","=""1D""","=""2""","=""3p5.4d""","=""3P*""","=""1""",,"=""T8304""","=""L3490""",
"=""367.605""","=""0.003""","=""367.601""","=""0.003""","=""3""","=""8.36e+07""",,"=""187527.0""","=""214722.7""","=""3p5.4p""","=""3D""","=""1""","=""3p5.(2P*<1/2>).5s""","=""2[1/2]*""","=""0""",,"=""T8304""","=""L3490""",
"=""368.154""","=""0.003""","=""368.1556""","=""0.0019""","=""6""","=""1.56e+08""",,"=""162502.7""","=""189657.4""","=""3p5.4s""","=""3P*""","=""2""","=""3p5.4p""","=""3P""","=""2""",,"=""T8304""","=""L3490""",
"=""371.660""","=""0.003""","=""371.6622""","=""0.0020""","=""5""","=""1.48e+07""",,"=""163232.2""","=""190130.7""","=""3p5.4s""","=""3P*""","=""1""","=""3p5.4p""","=""3P""","=""1""",,"=""T8304""","=""L3490""",
"=""372.134""","=""0.003""","=""372.1354""","=""0.0020""","=""5""","=""1.44e+08""",,"=""188150.3""","=""215014.6""","=""3p5.4p""","=""1D""","=""2""","=""3p5.(2P*<1/2>).5s""","=""2[1/2]*""","=""1""",,"=""T8304""","=""L3490""",
"=""373.913""","=""0.003""","=""373.9100""","=""0.0020""","=""5""","=""2.36e+07""",,"=""162502.7""","=""189239.5""","=""3p5.4s""","=""3P*""","=""2""","=""3p5.4p""","=""1P""","=""1""",,"=""T8304""","=""L3490""",
"=""374.442""","=""0.003""","=""374.4450""","=""0.0020""","=""5""","=""1.07e+07""",,"=""163432.1""","=""190130.7""","=""3p5.3d""","=""3P*""","=""0""","=""3p5.4p""","=""3P""","=""1""",,"=""T8304""","=""L3490""",
"=""375.662""","=""0.003""","=""375.6636""","=""0.0020""","=""3""","=""4.40e+07""",,"=""189239.5""","=""215851.5""","=""3p5.4p""","=""1P""","=""1""","=""3p5.4d""","=""3P*""","=""2""",,"=""T8304""","=""L3490""",
"=""376.736""","=""0.003""","=""376.7423""","=""0.0020""","=""6""","=""1.01e+08""",,"=""163232.2""","=""189768.0""","=""3p5.4s""","=""3P*""","=""1""","=""3p5.4p""","=""3P""","=""0""",,"=""T8304""","=""L3490""",
"=""378.319""","=""0.003""","=""378.3192""","=""0.0020""","=""6""","=""1.49e+08""",,"=""163232.2""","=""189657.4""","=""3p5.4s""","=""3P*""","=""1""","=""3p5.4p""","=""3P""","=""2""",,"=""T8304""","=""L3490""",
"=""380.014""","=""0.003""","=""380.0162""","=""0.0020""","=""6""","=""2.75e+08""",,"=""186681.4""","=""212988.6""","=""3p5.4p""","=""3D""","=""2""","=""3p5.(2P*<3/2>).5s""","=""2[3/2]*""","=""1""",,"=""T8304""","=""L3490""",
"=""381.656""","=""0.003""","=""381.6570""","=""0.0021""","=""6""","=""2.42e+08""",,"=""189657.4""","=""215851.5""","=""3p5.4p""","=""3P""","=""2""","=""3p5.4d""","=""3P*""","=""2""",,"=""T8304""","=""L3490""",
"=""381.750""","=""0.003""","=""381.7547""","=""0.0021""","=""7""","=""5.73e+08""",,"=""186383.8""","=""212571.2""","=""3p5.4p""","=""3D""","=""3""","=""3p5.(2P*<3/2>).5s""","=""2[3/2]*""","=""2""",,"=""T8304""","=""L3490""",
"=""382.130""","=""0.003""","=""382.1341""","=""0.0021""","=""3""","=""6.88e+06""",,"=""189239.5""","=""215400.9""","=""3p5.4p""","=""1P""","=""1""","=""3p5.4d""","=""3P*""","=""1""",,"=""T8304""","=""L3490""",
"=""384.402""","=""0.003""","=""384.3984""","=""0.0021""","=""1""","=""1.12e+07""",,"=""163232.2""","=""189239.5""","=""3p5.4s""","=""3P*""","=""1""","=""3p5.4p""","=""1P""","=""1""",,"=""T8304""","=""L3490""",
"=""386.141""","=""0.003""","=""386.1430""","=""0.0021""","=""3""","=""1.26e+08""",,"=""186681.4""","=""212571.2""","=""3p5.4p""","=""3D""","=""2""","=""3p5.(2P*<3/2>).5s""","=""2[3/2]*""","=""2""",,"=""T8304""","=""L3490""",
"=""387.374""","=""0.003""","=""387.3760""","=""0.0021""","=""5""","=""2.91e+07""",,"=""163432.1""","=""189239.5""","=""3p5.3d""","=""3P*""","=""0""","=""3p5.4p""","=""1P""","=""1""",,"=""T8304""","=""L3490""",
"=""387.862""","=""0.003""","=""387.8614""","=""0.0021""","=""4""","=""9.88e+07""",,"=""189239.5""","=""215014.6""","=""3p5.4p""","=""1P""","=""1""","=""3p5.(2P*<1/2>).5s""","=""2[1/2]*""","=""1""",,"=""T8304""","=""L3490""",
"=""388.342""","=""0.003""","=""388.3375""","=""0.0021""","=""3""","=""1.71e+08""",,"=""189657.4""","=""215400.9""","=""3p5.4p""","=""3P""","=""2""","=""3p5.4d""","=""3P*""","=""1""",,"=""T8304""","=""L3490""",
"=""388.684""","=""0.003""","=""388.6803""","=""0.0021""","=""2""","=""2.01e+07""",,"=""190130.7""","=""215851.5""","=""3p5.4p""","=""3P""","=""1""","=""3p5.4d""","=""3P*""","=""2""",,"=""T8304""","=""L3490""",
"=""389.792""","=""0.003""","=""389.7896""","=""0.0021""","=""8""","=""3.63e+08""",,"=""162502.7""","=""188150.3""","=""3p5.4s""","=""3P*""","=""2""","=""3p5.4p""","=""1D""","=""2""",,"=""T8304""","=""L3490""",
"=""389.928""","=""0.003""","=""389.9249""","=""0.0022""","=""3""","=""5.16e+06""",,"=""164492.0""","=""190130.7""","=""3p5.3d""","=""3P*""","=""1""","=""3p5.4p""","=""3P""","=""1""",,"=""T8304""","=""L3490""",
"=""390.011""","=""0.003""","=""390.0131""","=""0.0022""","=""3""","=""7.75e+07""",,"=""189768.0""","=""215400.9""","=""3p5.4p""","=""3P""","=""0""","=""3p5.4d""","=""3P*""","=""1""",,"=""T8304""","=""L3490""",
"=""392.300""","=""0.003""","=""392.304""","=""0.003""","=""5""","=""5.55e+07""",,"=""189239.5""","=""214722.7""","=""3p5.4p""","=""1P""","=""1""","=""3p5.(2P*<1/2>).5s""","=""2[1/2]*""","=""0""",,"=""T8304""","=""L3490""",
"=""392.636""","=""0.003""","=""392.6371""","=""0.0022""","=""5""","=""1.36e+08""",,"=""187527.0""","=""212988.6""","=""3p5.4p""","=""3D""","=""1""","=""3p5.(2P*<3/2>).5s""","=""2[3/2]*""","=""1""",,"=""T8304""","=""L3490""",
"=""393.436""","=""0.003""","=""393.441""","=""0.003""","=""5""","=""7.10e+08""",,"=""201957.6""","=""227367.2""","=""3p5.3d""","=""1P*""","=""1""","=""3p5.(2P*<3/2>).4f""","=""2[5/2]""","=""2""",,"=""T8304""","=""L3490""",
"=""394.253""","=""0.003""","=""394.2537""","=""0.0022""","=""6""","=""1.86e+08""",,"=""189657.4""","=""215014.6""","=""3p5.4p""","=""3P""","=""2""","=""3p5.(2P*<1/2>).5s""","=""2[1/2]*""","=""1""",,"=""T8304""","=""L3490""",
"=""395.521""","=""0.003""","=""395.5203""","=""0.0022""","=""6""","=""8.86e+07""",,"=""164492.0""","=""189768.0""","=""3p5.3d""","=""3P*""","=""1""","=""3p5.4p""","=""3P""","=""0""",,"=""T8304""","=""L3490""",
"=""395.610""","=""0.003""","=""395.6111""","=""0.0022""","=""3""","=""9.07e+07""",,"=""190130.7""","=""215400.9""","=""3p5.4p""","=""3P""","=""1""","=""3p5.4d""","=""3P*""","=""1""",,"=""T8304""","=""L3490""",
"=""395.984""","=""0.003""","=""395.9809""","=""0.0022""","=""3""","=""3.25e+06""",,"=""189768.0""","=""215014.6""","=""3p5.4p""","=""3P""","=""0""","=""3p5.(2P*<1/2>).5s""","=""2[1/2]*""","=""1""",,"=""T8304""","=""L3490""",
"=""396.672""","=""0.003""","=""396.6691""","=""0.0022""","=""6""","=""4.71e+07""",,"=""164927.9""","=""190130.7""","=""3p5.3d""","=""3P*""","=""2""","=""3p5.4p""","=""3P""","=""1""",,"=""T8304""","=""L3490""",
"=""397.258""","=""0.003""","=""397.255""","=""0.004""","=""6bl*""","=""5.88e+08""",,"=""201957.6""","=""227123.2""","=""3p5.3d""","=""1P*""","=""1""","=""3p5.(2P*<3/2>).4f""","=""2[3/2]""","=""2""",,"=""T8304""","=""L12188""",
"=""397.258""","=""0.003""","=""397.2586""","=""0.0022""","=""6bl*""","=""4.43e+07""",,"=""164492.0""","=""189657.4""","=""3p5.3d""","=""3P*""","=""1""","=""3p5.4p""","=""3P""","=""2""",,"=""T8304""","=""L12188""",
"=""399.180""","=""0.003""","=""399.1812""","=""0.0023""","=""4""","=""2.29e+07""",,"=""187527.0""","=""212571.2""","=""3p5.4p""","=""3D""","=""1""","=""3p5.(2P*<3/2>).5s""","=""2[3/2]*""","=""2""",,"=""T8304""","=""L12188""",
"=""399.510""","=""0.003""","=""399.4986""","=""0.0023""","=""6""","=""4.61e+07""",,"=""162502.7""","=""187527.0""","=""3p5.4s""","=""3P*""","=""2""","=""3p5.4p""","=""3D""","=""1""",,"=""T8304""","=""L3490""",
"=""400.124""","=""0.003""","=""400.122""","=""0.004""","=""7""","=""1.50e+08""",,"=""165145.4""","=""190130.7""","=""3p5.4s""","=""3P*""","=""0""","=""3p5.4p""","=""3P""","=""1""",,"=""T8304""","=""L3490""",
"=""401.210""","=""0.003""","=""401.2013""","=""0.0023""","=""5""","=""4.37e+07""",,"=""163232.2""","=""188150.3""","=""3p5.4s""","=""3P*""","=""1""","=""3p5.4p""","=""1D""","=""2""",,"=""T8304""","=""L3490""",
"=""401.752""","=""0.003""","=""401.7527""","=""0.0023""","=""4""","=""6.75e+07""",,"=""190130.7""","=""215014.6""","=""3p5.4p""","=""3P""","=""1""","=""3p5.(2P*<1/2>).5s""","=""2[1/2]*""","=""1""",,"=""T8304""","=""L3490""",
"=""402.488""","=""0.003""","=""402.4903""","=""0.0023""","=""4""","=""1.10e+08""",,"=""188150.3""","=""212988.6""","=""3p5.4p""","=""1D""","=""2""","=""3p5.(2P*<3/2>).5s""","=""2[3/2]*""","=""1""",,"=""T8304""","=""L3490""",
"=""403.969""","=""0.003""","=""403.9671""","=""0.0023""","=""4""","=""4.08e+07""",,"=""164492.0""","=""189239.5""","=""3p5.3d""","=""3P*""","=""1""","=""3p5.4p""","=""1P""","=""1""",,"=""T8304""","=""L3490""",
"=""404.259""","=""0.003""","=""404.2611""","=""0.0023""","=""6""","=""9.30e+07""",,"=""164927.9""","=""189657.4""","=""3p5.3d""","=""3P*""","=""2""","=""3p5.4p""","=""3P""","=""2""",,"=""T8304""","=""L3490""",
"=""406.523""","=""0.003""","=""406.522""","=""0.004""","=""4""","=""2.30e+07""",,"=""190130.7""","=""214722.7""","=""3p5.4p""","=""3P""","=""1""","=""3p5.(2P*<1/2>).5s""","=""2[1/2]*""","=""0""",,"=""T8304""","=""L3490""",
"=""409.369""","=""0.003""","=""409.3698""","=""0.0024""","=""5""","=""1.60e+08""",,"=""188150.3""","=""212571.2""","=""3p5.4p""","=""1D""","=""2""","=""3p5.(2P*<3/2>).5s""","=""2[3/2]*""","=""2""",,"=""T8304""","=""L3490""",
"=""411.214""","=""0.003""","=""411.2103""","=""0.0024""","=""4""","=""1.36e+07""",,"=""164927.9""","=""189239.5""","=""3p5.3d""","=""3P*""","=""2""","=""3p5.4p""","=""1P""","=""1""",,"=""T8304""","=""L3490""",
"=""411.499""","=""0.003""","=""411.4946""","=""0.0024""","=""6""","=""2.34e+08""",,"=""163232.2""","=""187527.0""","=""3p5.4s""","=""3P*""","=""1""","=""3p5.4p""","=""3D""","=""1""",,"=""T8304""","=""L3490""",
"=""413.472""","=""0.003""","=""413.4705""","=""0.0024""","=""7""","=""2.31e+08""",,"=""162502.7""","=""186681.4""","=""3p5.4s""","=""3P*""","=""2""","=""3p5.4p""","=""3D""","=""2""",,"=""T8304""","=""L3490""",
"=""414.919""","=""0.003""","=""414.9086""","=""0.0024""","=""7bl*""","=""1.68e+08""",,"=""163432.1""","=""187527.0""","=""3p5.3d""","=""3P*""","=""0""","=""3p5.4p""","=""3D""","=""1""",,"=""T8304""","=""L12188""",
"=""414.919""","=""0.003""","=""414.922""","=""0.004""","=""7bl*""","=""4.41e+07""",,"=""165145.4""","=""189239.5""","=""3p5.4s""","=""3P*""","=""0""","=""3p5.4p""","=""1P""","=""1""",,"=""T8304""","=""L12188""",
"=""418.624""","=""0.003""","=""418.6232""","=""0.0025""","=""8""","=""1.03e+09""",,"=""162502.7""","=""186383.8""","=""3p5.4s""","=""3P*""","=""2""","=""3p5.4p""","=""3D""","=""3""",,"=""T8304""","=""L3490""",
"=""420.949""","=""0.003""","=""420.950""","=""0.003""","=""4""","=""4.37e+07""",,"=""189239.5""","=""212988.6""","=""3p5.4p""","=""1P""","=""1""","=""3p5.(2P*<3/2>).5s""","=""2[3/2]*""","=""1""",,"=""T8304""","=""L3490""",
"=""422.297""","=""0.003""","=""422.296""","=""0.003""","=""7""","=""2.30e+08""",,"=""166457.3""","=""190130.7""","=""3p5.4s""","=""1P*""","=""1""","=""3p5.4p""","=""3P""","=""1""",,"=""T8304""","=""L3490""",
"=""422.567""","=""0.003""","=""422.566""","=""0.003""","=""7""","=""9.42e+07""",,"=""164492.0""","=""188150.3""","=""3p5.3d""","=""3P*""","=""1""","=""3p5.4p""","=""1D""","=""2""",,"=""T8304""","=""L3490""",
"=""426.340""","=""0.003""","=""426.334""","=""0.003""","=""7""","=""3.91e+08""",,"=""163232.2""","=""186681.4""","=""3p5.4s""","=""3P*""","=""1""","=""3p5.4p""","=""3D""","=""2""",,"=""T8304""","=""L3490""",
"=""428.489""","=""0.003""","=""428.481""","=""0.003""","=""3bl*""","=""9.52e+06""",,"=""189239.5""","=""212571.2""","=""3p5.4p""","=""1P""","=""1""","=""3p5.(2P*<3/2>).5s""","=""2[3/2]*""","=""2""",,"=""T8304""","=""L12188""",
"=""428.489""","=""0.003""","=""428.490""","=""0.003""","=""3bl*""","=""6.97e+06""",,"=""189657.4""","=""212988.6""","=""3p5.4p""","=""3P""","=""2""","=""3p5.(2P*<3/2>).5s""","=""2[3/2]*""","=""1""",,"=""T8304""","=""L12188""",
"=""428.870""","=""0.003""","=""428.867""","=""0.003""","=""4""","=""1.16e+07""",,"=""166457.3""","=""189768.0""","=""3p5.4s""","=""1P*""","=""1""","=""3p5.4p""","=""3P""","=""0""",,"=""T8304""","=""L3490""",
"=""430.500""","=""0.003""","=""430.498""","=""0.003""","=""7""","=""8.66e+07""",,"=""164927.9""","=""188150.3""","=""3p5.3d""","=""3P*""","=""2""","=""3p5.4p""","=""1D""","=""2""",,"=""T8304""","=""L3490""",
"=""430.527""","=""0.003""","=""430.531""","=""0.003""","=""0""","=""4.52e+07""",,"=""189768.0""","=""212988.6""","=""3p5.4p""","=""3P""","=""0""","=""3p5.(2P*<3/2>).5s""","=""2[3/2]*""","=""1""",,"=""T8304""","=""L12188""",
"=""430.910""","=""0.003""","=""430.911""","=""0.003""","=""7""","=""4.19e+08""",,"=""166457.3""","=""189657.4""","=""3p5.4s""","=""1P*""","=""1""","=""3p5.4p""","=""3P""","=""2""",,"=""T8304""","=""L3490""",
"=""434.003""","=""0.003""","=""434.000""","=""0.003""","=""5""","=""6.52e+07""",,"=""164492.0""","=""187527.0""","=""3p5.3d""","=""3P*""","=""1""","=""3p5.4p""","=""3D""","=""1""",,"=""T8304""","=""L3490""",
"=""436.296""","=""0.003""","=""436.296""","=""0.003""","=""3""","=""5.88e+07""",,"=""189657.4""","=""212571.2""","=""3p5.4p""","=""3P""","=""2""","=""3p5.(2P*<3/2>).5s""","=""2[3/2]*""","=""2""",,"=""T8304""","=""L3490""",
"=""438.816""","=""0.003""","=""438.816""","=""0.003""","=""7""","=""1.80e+08""",,"=""166457.3""","=""189239.5""","=""3p5.4s""","=""1P*""","=""1""","=""3p5.4p""","=""1P""","=""1""",,"=""T8304""","=""L3490""",
"=""442.373""","=""0.003""","=""442.371""","=""0.003""","=""3""","=""7.76e+06""",,"=""164927.9""","=""187527.0""","=""3p5.3d""","=""3P*""","=""2""","=""3p5.4p""","=""3D""","=""1""",,"=""T8304""","=""L3490""",
"=""445.500""","=""0.003""","=""445.498""","=""0.003""","=""2""","=""2.93e+07""",,"=""190130.7""","=""212571.2""","=""3p5.4p""","=""3P""","=""1""","=""3p5.(2P*<3/2>).5s""","=""2[3/2]*""","=""2""",,"=""T8304""","=""L3490""",
"=""446.665""","=""0.003""","=""446.670""","=""0.004""","=""5""","=""5.20e+07""",,"=""165145.4""","=""187527.0""","=""3p5.4s""","=""3P*""","=""0""","=""3p5.4p""","=""3D""","=""1""",,"=""T8304""","=""L3490""",
"=""450.533""","=""0.003""","=""450.525""","=""0.006""","=""6bl*""","=""8.27e+04""",,"=""215014.6""","=""237204.7""","=""3p5.(2P*<1/2>).5s""","=""2[1/2]*""","=""1""","=""3p5.(2P*<3/2>).5f""","=""2[3/2]""","=""1""",,"=""T8304""","=""L12188""",
"=""450.533""","=""0.003""","=""450.539""","=""0.003""","=""6bl*""","=""6.16e+07""",,"=""164492.0""","=""186681.4""","=""3p5.3d""","=""3P*""","=""1""","=""3p5.4p""","=""3D""","=""2""",,"=""T8304""","=""L12188""",
"=""459.565""","=""0.003""","=""459.567""","=""0.003""","=""5""","=""1.24e+07""",,"=""164927.9""","=""186681.4""","=""3p5.3d""","=""3P*""","=""2""","=""3p5.4p""","=""3D""","=""2""",,"=""T8304""","=""L3490""",
"=""460.845""","=""0.003""","=""460.849""","=""0.003""","=""8""","=""2.10e+08""",,"=""166457.3""","=""188150.3""","=""3p5.4s""","=""1P*""","=""1""","=""3p5.4p""","=""1D""","=""2""",,"=""T8304""","=""L3490""",
"=""465.938""","=""0.003""","=""465.942""","=""0.003""","=""5""","=""1.49e+07""",,"=""164927.9""","=""186383.8""","=""3p5.3d""","=""3P*""","=""2""","=""3p5.4p""","=""3D""","=""3""",,"=""T8304""","=""L3490""",
"=""474.492""","=""0.003""","=""474.482""","=""0.003""","=""4""","=""4.28e+05""",,"=""166457.3""","=""187527.0""","=""3p5.4s""","=""1P*""","=""1""","=""3p5.4p""","=""3D""","=""1""",,"=""T8304""","=""L3490""",
"=""482.923""","=""0.003""","=""482.924""","=""0.003""","=""9""","=""2.52e+08""",,"=""162502.7""","=""183204.1""","=""3p5.4s""","=""3P*""","=""2""","=""3p5.4p""","=""3S""","=""1""",,"=""T8304""","=""L3490""",
"=""493.875""","=""0.003""","=""493.875""","=""0.003""","=""3""","=""4.29e+07""",,"=""194772.2""","=""215014.6""","=""3p5.4p""","=""1S""","=""0""","=""3p5.(2P*<1/2>).5s""","=""2[1/2]*""","=""1""",,"=""T8304""","=""L3490""",
"=""494.324""","=""0.003""","=""494.322""","=""0.003""","=""6""","=""1.25e+07""",,"=""166457.3""","=""186681.4""","=""3p5.4s""","=""1P*""","=""1""","=""3p5.4p""","=""3D""","=""2""",,"=""T8304""","=""L3490""",
"=""500.560""","=""0.003""","=""500.564""","=""0.004""","=""8""","=""1.11e+08""",,"=""163232.2""","=""183204.1""","=""3p5.4s""","=""3P*""","=""1""","=""3p5.4p""","=""3S""","=""1""",,"=""T8304""","=""L3490""",
"=""505.627""","=""0.003""","=""505.625""","=""0.004""","=""7""","=""3.28e+07""",,"=""163432.1""","=""183204.1""","=""3p5.3d""","=""3P*""","=""0""","=""3p5.4p""","=""3S""","=""1""",,"=""T8304""","=""L3490""",
"=""531.024""","=""0.003""","=""531.024""","=""0.004""","=""5""","=""1.50e+07""",,"=""170831.1""","=""189657.4""","=""3p5.3d""","=""3F*""","=""3""","=""3p5.4p""","=""3P""","=""2""",,"=""T8304""","=""L3490""",
"=""547.013""","=""0.003""","=""547.008""","=""0.004""","=""6""","=""2.07e+07""",,"=""164927.9""","=""183204.1""","=""3p5.3d""","=""3P*""","=""2""","=""3p5.4p""","=""3S""","=""1""",,"=""T8304""","=""L3490""",
"=""548.806""","=""0.003""","=""548.803""","=""0.004""","=""2""","=""2.63e+07""",,"=""194772.2""","=""212988.6""","=""3p5.4p""","=""1S""","=""0""","=""3p5.(2P*<3/2>).5s""","=""2[3/2]*""","=""1""",,"=""T8304""","=""L3490""",
"=""551.269""","=""0.003""","=""551.273""","=""0.004""","=""2""","=""2.06e+06""",,"=""171522.6""","=""189657.4""","=""3p5.3d""","=""3F*""","=""2""","=""3p5.4p""","=""3P""","=""2""",,"=""T8304""","=""L3490""",
"=""553.601""","=""0.003""","=""553.596""","=""0.007""","=""3""","=""2.11e+06""",,"=""165145.4""","=""183204.1""","=""3p5.4s""","=""3P*""","=""0""","=""3p5.4p""","=""3S""","=""1""",,"=""T8304""","=""L3490""",
"=""564.273""","=""0.003""","=""564.276""","=""0.005""","=""5""","=""1.38e+07""",,"=""171522.6""","=""189239.5""","=""3p5.3d""","=""3F*""","=""2""","=""3p5.4p""","=""1P""","=""1""",,"=""T8304""","=""L12188""",
"=""577.232""","=""0.003""","=""577.234""","=""0.005""","=""4""","=""8.32e+06""",,"=""170831.1""","=""188150.3""","=""3p5.3d""","=""3F*""","=""3""","=""3p5.4p""","=""1D""","=""2""",,"=""T8304""","=""L3490""",
"=""596.964""","=""0.003""","=""596.964""","=""0.005""","=""2""","=""1.35e+06""",,"=""166457.3""","=""183204.1""","=""3p5.4s""","=""1P*""","=""1""","=""3p5.4p""","=""3S""","=""1""",,"=""T8304""","=""L3490""",
"=""601.241""","=""0.003""","=""601.240""","=""0.005""","=""1""","=""1.19e+06""",,"=""171522.6""","=""188150.3""","=""3p5.3d""","=""3F*""","=""2""","=""3p5.4p""","=""1D""","=""2""",,"=""T8304""","=""L3490""",
"=""612.027""","=""0.003""","=""612.028""","=""0.005""","=""8""","=""1.68e+08""",,"=""170049.2""","=""186383.8""","=""3p5.3d""","=""3F*""","=""4""","=""3p5.4p""","=""3D""","=""3""",,"=""T8304""","=""L3490""",
"=""624.659""","=""0.003""","=""624.655""","=""0.006""","=""6""","=""6.13e+07""",,"=""171522.6""","=""187527.0""","=""3p5.3d""","=""3F*""","=""2""","=""3p5.4p""","=""3D""","=""1""",,"=""T8304""","=""L3490""",
"=""630.729""","=""0.003""","=""630.728""","=""0.006""","=""7""","=""8.91e+07""",,"=""170831.1""","=""186681.4""","=""3p5.3d""","=""3F*""","=""3""","=""3p5.4p""","=""3D""","=""2""",,"=""T8304""","=""L3490""",
"=""642.796""","=""0.003""","=""642.798""","=""0.006""","=""5""","=""1.56e+07""",,"=""170831.1""","=""186383.8""","=""3p5.3d""","=""3F*""","=""3""","=""3p5.4p""","=""3D""","=""3""",,"=""T8304""","=""L3490""",
"=""659.500""","=""0.003""","=""659.501""","=""0.006""","=""2""","=""1.18e+07""",,"=""171522.6""","=""186681.4""","=""3p5.3d""","=""3F*""","=""2""","=""3p5.4p""","=""3D""","=""2""",,"=""T8304""","=""L3490""",
