Wavelength (nm),Sum,Mg I (7.9e-03),Mg II (7.2e-01),Mg III (2.7e-01)
200.11,2.131e-9,,,2.131e-9
200.16,5.155e-9,,,5.155e-9
200.21,1.101e-8,,,1.101e-8
200.26,2.076e-8,,,2.076e-8
200.31,3.458e-8,,,3.458e-8
200.36,5.085e-8,,,5.085e-8
200.41,6.603e-8,,,6.603e-8
200.46,7.571e-8,,,7.571e-8
200.51,7.666e-8,,,7.666e-8
200.56,6.854e-8,,,6.854e-8
200.61,5.411e-8,,,5.411e-8
200.66,3.773e-8,,,3.773e-8
200.72,2.076e-8,,,2.076e-8
200.77,1.101e-8,,,1.101e-8
200.82,5.155e-9,,,5.155e-9
200.87,2.131e-9,,,2.131e-9
200.92,7.782e-10,,,7.782e-10
200.97,2.509e-10,,,2.509e-10
201.02,7.142e-11,,,7.142e-11
201.07,1.795e-11,,,1.795e-11
201.12,3.985e-12,,,3.985e-12
201.17,7.812e-13,,,7.812e-13
201.22,1.352e-13,,,1.352e-13
201.27,2.067e-14,,,2.067e-14
201.32,2.789e-15,,,2.789e-15
201.37,9.436e-8,9.436e-8,,3.324e-16
201.42,1.694e-6,1.694e-6,,3.498e-17
201.47,2.691e-5,2.691e-5,,3.251e-18
201.52,3.785e-4,3.785e-4,,2.668e-19
201.57,4.714e-3,4.714e-3,,1.933e-20
201.62,5.197e-2,5.197e-2,,1.237e-21
201.67,5.072e-1,5.072e-1,,6.988e-23
201.72,4.382e+0,4.382e+0,,
201.77,3.352e+1,3.352e+1,,
201.82,2.270e+2,2.270e+2,,
201.87,1.361e+3,1.361e+3,,
201.92,7.223e+3,7.223e+3,,
201.97,3.394e+4,3.394e+4,,
202.02,1.412e+5,1.412e+5,,
202.07,5.199e+5,5.199e+5,,
202.12,1.695e+6,1.695e+6,,
202.17,4.892e+6,4.892e+6,,
202.22,1.250e+7,1.250e+7,,
202.27,2.828e+7,2.828e+7,,
202.32,5.663e+7,5.663e+7,,
202.37,1.004e+8,1.004e+8,,
202.42,1.576e+8,1.576e+8,,
202.47,2.189e+8,2.189e+8,,
202.52,2.693e+8,2.693e+8,,
202.57,2.933e+8,2.933e+8,,
202.62,2.828e+8,2.828e+8,,
202.67,2.414e+8,2.414e+8,,
202.72,1.824e+8,1.824e+8,,1.002e-22
202.77,1.220e+8,1.220e+8,,1.815e-21
202.82,7.225e+7,7.225e+7,,2.916e-20
202.87,3.788e+7,3.788e+7,,4.153e-19
202.92,1.758e+7,1.758e+7,,5.246e-18
202.97,7.224e+6,7.224e+6,,5.876e-17
203.02,2.628e+6,2.628e+6,,5.837e-16
203.07,8.464e+5,8.464e+5,,5.141e-15
203.12,2.413e+5,2.413e+5,,4.015e-14
203.17,6.091e+4,6.091e+4,,2.780e-13
203.22,1.361e+4,1.361e+4,,1.708e-12
203.27,2.692e+3,2.692e+3,,9.298e-12
203.32,4.715e+2,4.715e+2,,4.490e-11
203.37,7.311e+1,7.311e+1,,1.923e-10
203.42,1.003e+1,1.003e+1,,7.300e-10
203.47,1.219e+0,1.219e+0,,2.458e-9
203.52,1.312e-1,1.312e-1,,7.339e-9
203.57,1.249e-2,1.249e-2,,1.943e-8
203.62,1.053e-3,1.053e-3,,4.561e-8
203.67,7.871e-5,7.862e-5,,9.495e-8
203.72,5.370e-6,5.195e-6,,1.753e-7
203.77,5.908e-7,3.039e-7,,2.869e-7
203.82,4.322e-7,1.574e-8,,4.165e-7
203.87,5.361e-7,,,5.361e-7
203.92,6.118e-7,,,6.118e-7
203.97,6.192e-7,,,6.192e-7
204.02,5.558e-7,,,5.558e-7
204.07,4.423e-7,,,4.423e-7
204.12,3.121e-7,,,3.121e-7
204.17,1.953e-7,,,1.953e-7
204.22,1.084e-7,,,1.084e-7
204.27,5.333e-8,,,5.333e-8
204.32,2.327e-8,,,2.327e-8
204.37,9.002e-9,,,9.002e-9
204.42,3.089e-9,,,3.089e-9
204.47,9.396e-10,,,9.396e-10
204.52,2.535e-10,,,2.535e-10
204.57,6.064e-11,,,6.064e-11
204.62,1.286e-11,,,1.286e-11
204.67,2.425e-12,,,2.425e-12
204.72,4.467e-13,,,4.467e-13
204.77,3.495e-13,,,3.495e-13
204.82,1.738e-12,,,1.738e-12
204.87,9.180e-12,,,9.180e-12
204.92,4.326e-11,,,4.326e-11
204.97,1.811e-10,,,1.811e-10
205.02,6.737e-10,,,6.737e-10
205.07,2.226e-9,,,2.226e-9
205.12,6.535e-9,,,6.535e-9
205.17,1.704e-8,,,1.704e-8
205.22,3.949e-8,,,3.949e-8
205.27,8.128e-8,,,8.128e-8
205.32,1.486e-7,,,1.486e-7
205.37,2.414e-7,,,2.414e-7
205.42,3.485e-7,,,3.485e-7
205.47,4.468e-7,,,4.468e-7
205.52,5.089e-7,,,5.089e-7
205.57,5.149e-7,,,5.149e-7
205.62,4.629e-7,,,4.629e-7
205.67,3.697e-7,,,3.697e-7
205.72,2.623e-7,,,2.623e-7
205.77,1.653e-7,,,1.653e-7
205.82,9.264e-8,,,9.264e-8
205.87,4.636e-8,,,4.636e-8
205.92,2.157e-8,,,2.157e-8
205.97,1.235e-8,,,1.235e-8
206.02,1.669e-8,,,1.669e-8
206.07,4.035e-8,,,4.035e-8
206.12,9.994e-8,,,9.994e-8
206.17,2.240e-7,,,2.240e-7
206.22,4.473e-7,,,4.473e-7
206.27,7.946e-7,,,7.946e-7
206.32,1.255e-6,,,1.255e-6
206.37,1.764e-6,,,1.764e-6
206.42,2.204e-6,,,2.204e-6
206.47,2.449e-6,,,2.449e-6
206.52,2.421e-6,,,2.421e-6
206.57,2.128e-6,,,2.128e-6
206.62,1.663e-6,,,1.663e-6
206.67,1.156e-6,,,1.156e-6
206.72,7.150e-7,,,7.150e-7
206.77,3.932e-7,,,3.932e-7
206.82,1.923e-7,,,1.923e-7
206.87,8.362e-8,,,8.362e-8
206.92,3.235e-8,,,3.235e-8
206.97,1.113e-8,,,1.113e-8
207.02,3.404e-9,,,3.404e-9
207.07,9.262e-10,,,9.262e-10
207.12,2.241e-10,,,2.241e-10
207.17,4.823e-11,,,4.823e-11
207.22,9.231e-12,,,9.231e-12
207.27,1.571e-12,,,1.571e-12
207.32,2.378e-13,,,2.378e-13
207.37,3.202e-14,,,3.202e-14
207.42,3.834e-15,,,3.834e-15
207.47,4.083e-16,,,4.083e-16
207.52,3.955e-17,,,3.955e-17
207.57,1.303e-17,,,1.303e-17
207.62,9.649e-17,,,9.649e-17
207.67,8.446e-16,,,8.446e-16
207.72,6.607e-15,,,6.607e-15
207.77,4.607e-14,,,4.607e-14
207.82,2.864e-13,,,2.864e-13
207.87,1.587e-12,,,1.587e-12
207.92,7.841e-12,,,7.841e-12
207.97,3.453e-11,,,3.453e-11
208.02,1.355e-10,,,1.355e-10
208.07,4.743e-10,,,4.743e-10
208.12,1.480e-9,,,1.480e-9
208.17,4.115e-9,,,4.115e-9
208.22,1.020e-8,,,1.020e-8
208.27,2.254e-8,,,2.254e-8
208.32,4.441e-8,,,4.441e-8
208.37,7.799e-8,,,7.799e-8
208.42,1.221e-7,,,1.221e-7
208.47,1.704e-7,,,1.704e-7
208.52,2.120e-7,,,2.120e-7
208.57,2.352e-7,,,2.352e-7
208.62,2.328e-7,,,2.328e-7
208.67,2.064e-7,,,2.064e-7
208.72,1.660e-7,,,1.660e-7
208.77,1.272e-7,,,1.272e-7
208.82,1.069e-7,,,1.069e-7
208.87,1.215e-7,,,1.215e-7
208.92,1.848e-7,,,1.848e-7
208.97,3.047e-7,,,3.047e-7
209.02,4.764e-7,,,4.764e-7
209.07,6.753e-7,,,6.753e-7
209.12,8.572e-7,,,8.572e-7
209.17,9.717e-7,,,9.717e-7
209.22,9.830e-7,,,9.830e-7
209.27,8.874e-7,,,8.874e-7
209.32,7.158e-7,,,7.158e-7
209.37,5.182e-7,,,5.182e-7
209.42,3.424e-7,,,3.424e-7
209.47,2.186e-7,,,2.186e-7
209.52,1.563e-7,,,1.563e-7
209.57,1.495e-7,,,1.495e-7
209.62,1.828e-7,,,1.828e-7
209.67,2.360e-7,,,2.360e-7
209.72,2.870e-7,,,2.870e-7
209.77,3.162e-7,,,3.162e-7
209.82,3.122e-7,,,3.122e-7
209.87,2.754e-7,,,2.754e-7
209.92,2.170e-7,,,2.170e-7
209.97,1.526e-7,,,1.526e-7
210.02,9.575e-8,,,9.575e-8
210.07,5.364e-8,,,5.364e-8
210.12,2.683e-8,,,2.683e-8
210.17,1.198e-8,,,1.198e-8
210.22,4.771e-9,,,4.771e-9
210.27,1.697e-9,,,1.697e-9
210.32,5.388e-10,,,5.388e-10
210.37,1.527e-10,,,1.527e-10
210.42,3.864e-11,,,3.864e-11
210.47,8.896e-12,,,8.896e-12
210.52,2.787e-12,,,2.787e-12
210.57,5.658e-12,,,5.658e-12
210.62,2.483e-11,,,2.483e-11
210.67,1.028e-10,,,1.028e-10
210.72,3.811e-10,,,3.811e-10
210.77,1.264e-9,,,1.264e-9
210.82,3.745e-9,,,3.745e-9
210.87,9.924e-9,,,9.924e-9
210.92,2.351e-8,,,2.351e-8
210.97,4.980e-8,,,4.980e-8
211.02,9.429e-8,,,9.429e-8
211.07,1.596e-7,,,1.596e-7
211.12,2.416e-7,,,2.416e-7
211.17,3.269e-7,,,3.269e-7
211.22,3.955e-7,,,3.955e-7
211.27,4.278e-7,,,4.278e-7
211.32,4.136e-7,,,4.136e-7
211.37,3.576e-7,,,3.576e-7
211.42,2.764e-7,,,2.764e-7
211.47,1.910e-7,,,1.910e-7
211.52,1.180e-7,,,1.180e-7
211.57,6.515e-8,,,6.515e-8
211.62,3.217e-8,,,3.217e-8
211.67,1.420e-8,,,1.420e-8
211.72,5.605e-9,,,5.605e-9
211.77,1.978e-9,,,1.978e-9
211.82,6.239e-10,,,6.239e-10
211.87,1.760e-10,,,1.760e-10
211.92,4.437e-11,,,4.437e-11
211.97,1.000e-11,,,1.000e-11
212.02,2.016e-12,,,2.016e-12
212.07,3.632e-13,,,3.632e-13
212.12,5.851e-14,,,5.851e-14
212.17,8.427e-15,,,8.427e-15
212.22,1.085e-15,,,1.085e-15
212.27,1.251e-16,,,1.251e-16
212.32,1.563e-17,,,1.563e-17
212.37,2.932e-17,,,2.932e-17
212.42,2.557e-16,,,2.557e-16
212.47,2.081e-15,,,2.081e-15
212.52,1.518e-14,,,1.518e-14
212.57,9.924e-14,,,9.924e-14
212.62,5.812e-13,,,5.812e-13
212.67,3.050e-12,,,3.050e-12
212.72,1.434e-11,,,1.434e-11
212.77,6.043e-11,,,6.043e-11
212.82,2.281e-10,,,2.281e-10
212.87,7.717e-10,,,7.717e-10
212.92,2.339e-9,,,2.339e-9
212.97,6.352e-9,,,6.352e-9
213.02,1.546e-8,,,1.546e-8
213.07,3.370e-8,,,3.370e-8
213.12,6.585e-8,,,6.585e-8
213.17,1.153e-7,,,1.153e-7
213.22,1.808e-7,,,1.808e-7
213.27,2.541e-7,,,2.541e-7
213.32,3.200e-7,,,3.200e-7
213.37,3.611e-7,,,3.611e-7
213.42,3.651e-7,,,3.651e-7
213.47,3.307e-7,,,3.307e-7
213.52,2.684e-7,,,2.684e-7
213.57,1.952e-7,,,1.952e-7
213.62,1.272e-7,,,1.272e-7
213.67,7.430e-8,,,7.430e-8
213.72,3.888e-8,,,3.888e-8
213.77,1.823e-8,,,1.823e-8
213.82,7.656e-9,,,7.656e-9
213.87,2.882e-9,,,2.882e-9
213.92,9.718e-10,,,9.718e-10
213.97,2.937e-10,,,2.937e-10
214.02,7.952e-11,,,7.952e-11
214.07,1.929e-11,,,1.929e-11
214.12,4.194e-12,,,4.194e-12
214.17,8.169e-13,,,8.169e-13
214.22,1.426e-13,,,1.426e-13
214.27,2.230e-14,,,2.230e-14
214.32,3.124e-15,,,3.124e-15
214.37,3.923e-16,,,3.923e-16
214.42,4.413e-17,,,4.413e-17
214.47,4.448e-18,,,4.448e-18
214.52,4.018e-19,,,4.018e-19
214.57,3.251e-20,,,3.251e-20
214.62,2.358e-21,,,2.358e-21
214.67,1.532e-22,,,1.532e-22
216.47,1.933e-22,,,1.933e-22
216.52,2.843e-21,,,2.843e-21
216.57,3.763e-20,,,3.763e-20
216.62,4.483e-19,,,4.483e-19
216.67,4.807e-18,,,4.807e-18
216.72,4.638e-17,,,4.638e-17
216.77,4.027e-16,,,4.027e-16
216.82,3.147e-15,,,3.147e-15
216.87,2.213e-14,,,2.213e-14
216.92,1.400e-13,,,1.400e-13
216.97,7.976e-13,,,7.976e-13
217.02,4.088e-12,,,4.088e-12
217.07,1.886e-11,,,1.886e-11
217.12,7.827e-11,,,7.827e-11
217.17,2.924e-10,,,2.924e-10
217.22,9.829e-10,,,9.829e-10
217.27,2.974e-9,,,2.974e-9
217.32,8.097e-9,,,8.097e-9
217.37,1.984e-8,,,1.984e-8
217.42,4.375e-8,,,4.375e-8
217.47,8.681e-8,,,8.681e-8
217.52,1.550e-7,,,1.550e-7
217.57,2.491e-7,,,2.491e-7
217.62,3.603e-7,,,3.603e-7
217.67,4.690e-7,,,4.690e-7
217.72,5.494e-7,,,5.494e-7
217.77,5.791e-7,,,5.791e-7
217.82,5.494e-7,,,5.494e-7
217.87,4.690e-7,,,4.690e-7
217.92,3.603e-7,,,3.603e-7
217.97,2.491e-7,,,2.491e-7
218.02,1.550e-7,,,1.550e-7
218.07,8.681e-8,,,8.681e-8
218.12,4.375e-8,,,4.375e-8
218.17,1.984e-8,,,1.984e-8
218.22,8.097e-9,,,8.097e-9
218.27,2.974e-9,,,2.974e-9
218.32,9.829e-10,,,9.829e-10
218.37,2.924e-10,,,2.924e-10
218.42,7.827e-11,,,7.827e-11
218.47,1.886e-11,,,1.886e-11
218.52,4.088e-12,,,4.088e-12
218.57,7.976e-13,,,7.976e-13
218.62,1.400e-13,,,1.400e-13
218.67,2.213e-14,,,2.213e-14
218.72,3.147e-15,,,3.147e-15
218.77,4.027e-16,,,4.027e-16
218.82,4.638e-17,,,4.638e-17
218.87,4.807e-18,,,4.807e-18
218.92,4.483e-19,,,4.483e-19
218.97,3.763e-20,,,3.763e-20
219.02,2.843e-21,,,2.843e-21
219.07,1.933e-22,,,1.933e-22
224.02,7.459e-9,,7.459e-9,
224.07,1.053e-7,,1.053e-7,
224.12,1.348e-6,,1.348e-6,
224.17,1.563e-5,,1.563e-5,
224.22,1.643e-4,,1.643e-4,
224.27,1.565e-3,,1.565e-3,
224.32,1.351e-2,,1.351e-2,
224.37,1.057e-1,,1.057e-1,
224.42,7.492e-1,,7.492e-1,
224.47,4.814e+0,,4.814e+0,
224.52,2.803e+1,,2.803e+1,
224.57,1.479e+2,,1.479e+2,
224.62,7.075e+2,,7.075e+2,
224.67,3.066e+3,,3.066e+3,
224.72,1.204e+4,,1.204e+4,
224.77,4.287e+4,,4.287e+4,
224.82,1.383e+5,,1.383e+5,
224.87,4.044e+5,,4.044e+5,
224.92,1.071e+6,,1.071e+6,
224.97,2.573e+6,,2.573e+6,
225.02,5.599e+6,,5.599e+6,
225.07,1.104e+7,,1.104e+7,
225.12,1.973e+7,,1.973e+7,
225.17,3.197e+7,,3.197e+7,
225.22,4.692e+7,,4.692e+7,
225.27,6.242e+7,,6.242e+7,
225.32,7.526e+7,,7.526e+7,
225.37,8.223e+7,,8.223e+7,
225.42,8.143e+7,,8.143e+7,
225.47,7.307e+7,,7.307e+7,
225.52,5.943e+7,,5.943e+7,
225.57,4.380e+7,,4.380e+7,
225.62,2.926e+7,,2.926e+7,
225.67,1.771e+7,,1.771e+7,
225.72,9.715e+6,,9.715e+6,
225.77,4.830e+6,,4.830e+6,
225.82,2.176e+6,,2.176e+6,
225.87,8.887e+5,,8.887e+5,
225.92,3.289e+5,,3.289e+5,
225.97,1.103e+5,,1.103e+5,
226.02,3.352e+4,,3.352e+4,
226.07,9.233e+3,,9.233e+3,
226.12,2.305e+3,,2.305e+3,
226.17,5.214e+2,,5.214e+2,
226.22,1.069e+2,,1.069e+2,
226.27,1.986e+1,,1.986e+1,
226.32,3.345e+0,,3.345e+0,
226.37,5.104e-1,,5.104e-1,
226.42,7.059e-2,,7.059e-2,
226.47,8.847e-3,,8.847e-3,
226.52,1.005e-3,,1.005e-3,
226.57,1.034e-4,,1.034e-4,
226.62,9.650e-6,,9.650e-6,
226.67,8.159e-7,,8.159e-7,
226.72,6.251e-8,,6.251e-8,
226.77,1.790e-9,,1.790e-9,
231.58,6.507e-8,,6.507e-8,
231.63,7.902e-7,,7.902e-7,
231.68,8.751e-6,,8.751e-6,
231.73,8.839e-5,,8.839e-5,
231.78,8.142e-4,,8.142e-4,
231.83,6.839e-3,,6.839e-3,
231.88,5.239e-2,,5.239e-2,
231.93,3.661e-1,,3.661e-1,
231.98,2.332e+0,,2.332e+0,
232.03,1.355e+1,,1.355e+1,
232.08,7.183e+1,,7.183e+1,
232.13,3.471e+2,,3.471e+2,
232.18,1.530e+3,,1.530e+3,
232.23,6.150e+3,,6.150e+3,
232.28,2.255e+4,,2.255e+4,
232.33,7.538e+4,,7.538e+4,
232.38,2.298e+5,,2.298e+5,
232.43,6.391e+5,,6.391e+5,
232.48,1.621e+6,,1.621e+6,
232.53,3.748e+6,,3.748e+6,
232.58,7.905e+6,,7.905e+6,
232.63,1.520e+7,,1.520e+7,
232.68,2.667e+7,,2.667e+7,
232.73,4.267e+7,,4.267e+7,
232.78,6.226e+7,,6.226e+7,
232.83,8.284e+7,,8.284e+7,
232.88,1.005e+8,,1.005e+8,
232.93,1.112e+8,,1.112e+8,
232.98,1.123e+8,,1.123e+8,
233.03,1.033e+8,,1.033e+8,
233.08,8.674e+7,,8.674e+7,
233.13,6.640e+7,,6.640e+7,
233.18,4.636e+7,,4.636e+7,
233.23,2.952e+7,,2.952e+7,
233.28,1.714e+7,,1.714e+7,
233.33,9.076e+6,,9.076e+6,
233.38,4.383e+6,,4.383e+6,
233.43,1.931e+6,,1.931e+6,
233.48,7.755e+5,,7.755e+5,
233.53,2.841e+5,,2.841e+5,
233.58,9.490e+4,,9.490e+4,
233.63,2.891e+4,,2.891e+4,
233.68,8.034e+3,,8.034e+3,
233.73,2.036e+3,,2.036e+3,
233.78,4.705e+2,,4.705e+2,
233.83,9.916e+1,,9.916e+1,
233.88,1.906e+1,,1.906e+1,
233.93,3.341e+0,,3.341e+0,
233.98,5.341e-1,,5.341e-1,
234.03,7.786e-2,,7.786e-2,
234.08,1.035e-2,,1.035e-2,
234.13,1.255e-3,,1.255e-3,
234.18,1.388e-4,,1.388e-4,
234.23,1.400e-5,,1.400e-5,
234.28,1.288e-6,,1.288e-6,
234.33,1.080e-7,,1.080e-7,
234.38,8.263e-9,,8.263e-9,
238.08,1.184e-22,,,1.184e-22
238.13,1.395e-21,,,1.395e-21
238.18,1.506e-20,,,1.506e-20
238.23,1.491e-19,,,1.491e-19
238.28,1.352e-18,,,1.352e-18
238.33,1.124e-17,,,1.124e-17
238.38,8.565e-17,,,8.565e-17
238.43,5.982e-16,,,5.982e-16
238.48,3.829e-15,,,3.829e-15
238.53,2.246e-14,,,2.246e-14
238.58,1.208e-13,,,1.208e-13
238.63,5.953e-13,,,5.953e-13
238.68,2.689e-12,,,2.689e-12
238.73,1.113e-11,,,1.113e-11
238.78,4.223e-11,,,4.223e-11
238.83,1.469e-10,,,1.469e-10
238.88,4.681e-10,,,4.681e-10
238.93,1.368e-9,,,1.368e-9
238.98,3.662e-9,,,3.662e-9
239.03,8.985e-9,,,8.985e-9
239.08,2.021e-8,,,2.021e-8
239.13,4.166e-8,,,4.166e-8
239.18,7.871e-8,,,7.871e-8
239.23,1.363e-7,,,1.363e-7
239.28,2.163e-7,,,2.163e-7
239.33,3.147e-7,,,3.147e-7
239.38,4.196e-7,,,4.196e-7
239.43,5.127e-7,,,5.127e-7
239.48,5.742e-7,,,5.742e-7
239.53,5.894e-7,,,5.894e-7
239.58,5.545e-7,,,5.545e-7
239.63,4.782e-7,,,4.782e-7
239.68,3.779e-7,,,3.779e-7
239.73,2.737e-7,,,2.737e-7
239.78,1.817e-7,,,1.817e-7
239.83,1.106e-7,,,1.106e-7
239.88,6.167e-8,,,6.167e-8
239.93,3.152e-8,,,3.152e-8
239.98,1.477e-8,,,1.477e-8
240.03,6.341e-9,,,6.341e-9
240.08,2.495e-9,,,2.495e-9
240.13,9.000e-10,,,9.000e-10
240.18,2.975e-10,,,2.975e-10
240.23,9.015e-11,,,9.015e-11
240.28,2.503e-11,,,2.503e-11
240.33,6.372e-12,,,6.372e-12
240.38,1.486e-12,,,1.486e-12
240.43,3.178e-13,,,3.178e-13
240.48,6.228e-14,,,6.228e-14
240.53,1.119e-14,,,1.119e-14
240.58,1.841e-15,,,1.841e-15
240.63,2.778e-16,,,2.778e-16
240.68,3.842e-17,,,3.842e-17
240.73,4.869e-18,,,4.869e-18
240.78,5.656e-19,,,5.656e-19
240.83,6.021e-20,,,6.021e-20
240.88,5.876e-21,,,5.876e-21
240.93,5.255e-22,,,5.255e-22
240.98,4.307e-23,,,4.307e-23
243.48,2.784e-8,,2.784e-8,
243.53,3.146e-7,,3.146e-7,
243.58,3.271e-6,,3.271e-6,
243.63,3.128e-5,,3.128e-5,
243.68,2.753e-4,,2.753e-4,
243.73,2.229e-3,,2.229e-3,
243.78,1.661e-2,,1.661e-2,
243.83,1.138e-1,,1.138e-1,
243.88,7.179e-1,,7.179e-1,
243.93,4.165e+0,,4.165e+0,
243.98,2.223e+1,,2.223e+1,
244.03,1.092e+2,,1.092e+2,
244.08,4.934e+2,,4.934e+2,
244.13,2.051e+3,,2.051e+3,
244.18,7.846e+3,,7.846e+3,
244.23,2.761e+4,,2.761e+4,
244.28,8.941e+4,,8.941e+4,
244.33,2.663e+5,,2.663e+5,
244.38,7.300e+5,,7.300e+5,
244.43,1.841e+6,,1.841e+6,
244.48,4.271e+6,,4.271e+6,
244.53,9.117e+6,,9.117e+6,
244.58,1.790e+7,,1.790e+7,
244.63,3.235e+7,,3.235e+7,
244.68,5.378e+7,,5.378e+7,
244.73,8.226e+7,,8.226e+7,
244.78,1.158e+8,,1.158e+8,
244.83,1.499e+8,,1.499e+8,
244.88,1.785e+8,,1.785e+8,
244.93,1.957e+8,,1.957e+8,
244.98,1.973e+8,,1.973e+8,
245.03,1.831e+8,,1.831e+8,
245.08,1.563e+8,,1.563e+8,
245.13,1.227e+8,,1.227e+8,
245.18,8.867e+7,,8.867e+7,
245.23,5.895e+7,,5.895e+7,
245.28,3.605e+7,,3.605e+7,2.071e-23
245.33,2.029e+7,,2.029e+7,2.334e-22
245.38,1.050e+7,,1.050e+7,2.423e-21
245.43,5.003e+6,,5.003e+6,2.317e-20
245.48,2.193e+6,,2.193e+6,2.041e-19
245.53,8.842e+5,,8.842e+5,1.656e-18
245.58,3.280e+5,,3.280e+5,1.238e-17
245.63,1.120e+5,,1.120e+5,8.524e-17
245.68,3.516e+4,,3.516e+4,5.406e-16
245.73,1.016e+4,,1.016e+4,3.159e-15
245.78,2.701e+3,,2.701e+3,1.700e-14
245.83,6.605e+2,,6.605e+2,8.430e-14
245.88,1.486e+2,,1.486e+2,3.850e-13
245.93,3.077e+1,,3.077e+1,1.620e-12
245.98,5.861e+0,,5.861e+0,6.279e-12
246.03,1.027e+0,,1.027e+0,2.242e-11
246.08,1.656e-1,,1.656e-1,7.372e-11
246.13,2.457e-2,,2.457e-2,2.233e-10
246.18,3.353e-3,,3.353e-3,6.233e-10
246.23,4.211e-4,,4.211e-4,1.602e-9
246.28,4.866e-5,,4.865e-5,3.794e-9
246.33,5.180e-6,,5.172e-6,8.277e-9
246.38,5.225e-7,,5.058e-7,1.663e-8
246.43,7.630e-8,,4.551e-8,3.079e-8
246.48,5.250e-8,,,5.250e-8
246.53,8.247e-8,,,8.247e-8
246.58,1.193e-7,,,1.193e-7
246.63,1.591e-7,,,1.591e-7
246.68,1.953e-7,,,1.953e-7
246.73,2.209e-7,,,2.209e-7
246.78,2.301e-7,,,2.301e-7
246.83,2.209e-7,,,2.209e-7
246.88,1.953e-7,,,1.953e-7
246.93,1.591e-7,,,1.591e-7
246.98,1.193e-7,,,1.193e-7
247.03,8.247e-8,,,8.247e-8
247.08,5.250e-8,,,5.250e-8
247.13,3.079e-8,,,3.079e-8
247.18,1.663e-8,,,1.663e-8
247.23,8.277e-9,,,8.277e-9
247.28,3.794e-9,,,3.794e-9
247.33,1.602e-9,,,1.602e-9
247.38,6.233e-10,,,6.233e-10
247.43,2.233e-10,,,2.233e-10
247.48,7.372e-11,,,7.372e-11
247.53,2.242e-11,,,2.242e-11
247.58,6.279e-12,,,6.279e-12
247.63,1.620e-12,,,1.620e-12
247.68,3.850e-13,,,3.850e-13
247.73,8.430e-14,,,8.430e-14
247.78,1.700e-14,,,1.700e-14
247.83,3.159e-15,,,3.159e-15
247.88,5.408e-16,,,5.408e-16
247.93,8.647e-17,,,8.647e-17
247.98,1.957e-17,,,1.957e-17
248.03,4.041e-17,,,4.041e-17
248.08,1.929e-16,,,1.929e-16
248.13,8.844e-16,,,8.844e-16
248.18,3.743e-15,,,3.743e-15
248.23,1.462e-14,,,1.462e-14
248.28,5.267e-14,,,5.267e-14
248.33,1.750e-13,,,1.750e-13
248.38,5.367e-13,,,5.367e-13
248.43,1.518e-12,,,1.518e-12
248.48,3.962e-12,,,3.962e-12
248.53,9.540e-12,,,9.540e-12
248.58,2.119e-11,,,2.119e-11
248.63,4.342e-11,,,4.342e-11
248.68,8.209e-11,,,8.209e-11
248.73,1.432e-10,,,1.432e-10
248.78,2.303e-10,,,2.303e-10
248.83,3.419e-10,,,3.419e-10
248.88,4.682e-10,,,4.682e-10
248.93,5.915e-10,,,5.915e-10
248.98,6.894e-10,,,6.894e-10
249.03,7.413e-10,,,7.413e-10
249.08,7.354e-10,,,7.354e-10
249.13,6.730e-10,,,6.730e-10
249.18,5.682e-10,,,5.682e-10
249.23,4.425e-10,,,4.425e-10
249.28,3.180e-10,,,3.180e-10
249.33,2.108e-10,,,2.108e-10
249.38,1.289e-10,,,1.289e-10
249.43,7.274e-11,,,7.274e-11
249.48,3.786e-11,,,3.786e-11
249.53,1.818e-11,,,1.818e-11
249.58,8.055e-12,,,8.055e-12
249.63,3.292e-12,,,3.292e-12
249.68,1.241e-12,,,1.241e-12
249.73,4.318e-13,,,4.318e-13
249.78,1.386e-13,,,1.386e-13
249.83,4.102e-14,,,4.102e-14
249.88,1.120e-14,,,1.120e-14
249.93,2.823e-15,,,2.823e-15
249.98,6.563e-16,,,6.563e-16
250.03,1.407e-16,,,1.407e-16
250.08,2.785e-17,,,2.785e-17
250.13,5.083e-18,,,5.083e-18
250.18,8.559e-19,,,8.559e-19
250.23,1.330e-19,,,1.330e-19
250.28,1.906e-20,,,1.906e-20
250.33,2.520e-21,,,2.520e-21
250.38,3.073e-22,,,3.073e-22
250.43,3.459e-23,,,3.459e-23
250.48,3.591e-24,,,3.591e-24
250.53,3.439e-25,,,3.439e-25
251.38,4.746e-24,,,4.746e-24
251.43,5.069e-23,,,5.069e-23
251.48,5.006e-22,,,5.006e-22
251.53,4.573e-21,,,4.573e-21
251.58,3.863e-20,,,3.863e-20
251.63,3.018e-19,,,3.018e-19
251.68,2.180e-18,,,2.180e-18
251.73,1.457e-17,,,1.457e-17
251.78,9.002e-17,,,9.002e-17
251.83,5.145e-16,,,5.145e-16
251.88,2.719e-15,,,2.719e-15
251.93,1.329e-14,,,1.329e-14
251.98,6.007e-14,,,6.007e-14
252.03,2.511e-13,,,2.511e-13
252.08,9.709e-13,,,9.709e-13
252.13,3.471e-12,,,3.471e-12
252.18,1.148e-11,,,1.148e-11
252.23,3.510e-11,,,3.510e-11
252.28,9.926e-11,,,9.926e-11
252.33,2.596e-10,,,2.596e-10
252.38,6.279e-10,,,6.279e-10
252.43,1.405e-9,,,1.405e-9
252.48,2.906e-9,,,2.906e-9
252.53,5.559e-9,,,5.559e-9
252.58,9.836e-9,,,9.836e-9
252.63,1.609e-8,,,1.609e-8
252.68,2.435e-8,,,2.435e-8
252.73,3.408e-8,,,3.408e-8
252.78,4.411e-8,,,4.411e-8
252.83,5.280e-8,,,5.280e-8
252.88,5.845e-8,,,5.845e-8
252.93,5.984e-8,,,5.984e-8
252.98,5.665e-8,,,5.665e-8
253.03,4.960e-8,,,4.960e-8
253.08,4.016e-8,,,4.016e-8
253.13,3.008e-8,,,3.008e-8
253.18,2.083e-8,,,2.083e-8
253.23,1.334e-8,,,1.334e-8
253.28,7.902e-9,,,7.902e-9
253.33,4.329e-9,,,4.329e-9
253.38,2.193e-9,,,2.193e-9
253.43,1.027e-9,,,1.027e-9
253.48,4.452e-10,,,4.452e-10
253.53,1.784e-10,,,1.784e-10
253.58,6.611e-11,,,6.611e-11
253.63,2.266e-11,,,2.266e-11
253.68,7.181e-12,,,7.181e-12
253.73,2.105e-12,,,2.105e-12
253.78,5.706e-13,,,5.706e-13
253.83,1.430e-13,,,1.430e-13
253.88,3.317e-14,,,3.317e-14
253.93,7.111e-15,,,7.111e-15
253.98,1.410e-15,,,1.410e-15
254.03,2.586e-16,,,2.586e-16
254.08,4.386e-17,,,4.386e-17
254.13,6.879e-18,,,6.879e-18
254.18,9.978e-19,,,9.978e-19
254.23,1.339e-19,,,1.339e-19
254.28,1.661e-20,,,1.661e-20
254.33,1.905e-21,,,1.905e-21
254.38,2.022e-22,,,2.022e-22
254.43,1.984e-23,,,1.984e-23
260.23,1.060e-25,,,1.060e-25
260.28,1.010e-24,,,1.010e-24
260.33,8.948e-24,,,8.948e-24
260.38,7.368e-23,,,7.368e-23
260.43,5.640e-22,,,5.640e-22
260.48,4.014e-21,,,4.014e-21
260.53,2.655e-20,,,2.655e-20
260.58,1.633e-19,,,1.633e-19
260.63,9.336e-19,,,9.336e-19
260.68,4.962e-18,,,4.962e-18
260.73,2.452e-17,,,2.452e-17
260.78,1.126e-16,,,1.126e-16
260.83,4.810e-16,,,4.810e-16
260.88,1.910e-15,,,1.910e-15
260.93,7.048e-15,,,7.048e-15
260.98,2.418e-14,,,2.418e-14
261.03,7.713e-14,,,7.713e-14
261.08,2.287e-13,,,2.287e-13
261.13,6.305e-13,,,6.305e-13
261.18,1.616e-12,,,1.616e-12
261.23,3.849e-12,,,3.849e-12
261.28,8.525e-12,,,8.525e-12
261.33,1.755e-11,,,1.755e-11
261.38,3.360e-11,,,3.360e-11
261.43,5.979e-11,,,5.979e-11
261.48,9.891e-11,,,9.891e-11
261.53,1.521e-10,,,1.521e-10
261.58,2.175e-10,,,2.175e-10
261.63,2.890e-10,,,2.890e-10
261.68,3.571e-10,,,3.571e-10
261.73,4.102e-10,,,4.102e-10
261.78,4.381e-10,,,4.381e-10
261.83,4.349e-10,,,4.349e-10
261.88,4.014e-10,,,4.014e-10
261.93,3.443e-10,,,3.443e-10
261.98,2.747e-10,,,2.747e-10
262.03,2.036e-10,,,2.036e-10
262.08,1.404e-10,,,1.404e-10
262.13,8.996e-11,,,8.996e-11
262.18,5.359e-11,,,5.359e-11
262.23,2.968e-11,,,2.968e-11
262.28,1.528e-11,,,1.528e-11
262.33,7.314e-12,,,7.314e-12
262.38,3.255e-12,,,3.255e-12
262.44,1.119e-12,,,1.119e-12
262.49,4.240e-13,,,4.240e-13
262.54,1.494e-13,,,1.494e-13
262.59,4.893e-14,,,4.893e-14
262.64,1.490e-14,,,1.490e-14
262.69,4.217e-15,,,4.217e-15
262.74,1.110e-15,,,1.110e-15
262.79,2.715e-16,,,2.715e-16
262.84,6.175e-17,,,6.175e-17
262.89,1.306e-17,,,1.306e-17
262.94,2.566e-18,,,2.566e-18
262.99,4.689e-19,,,4.689e-19
263.04,7.966e-20,,,7.966e-20
263.09,1.258e-20,,,1.258e-20
263.14,1.847e-21,,,1.847e-21
263.19,2.521e-22,,,2.521e-22
263.24,3.198e-23,,,3.198e-23
263.29,3.773e-24,,,3.773e-24
263.34,4.137e-25,,,4.137e-25
263.39,4.217e-26,,,4.217e-26
264.49,1.255e-7,,1.255e-7,
264.54,1.144e-6,,1.144e-6,
264.59,9.726e-6,,9.726e-6,
264.64,7.702e-5,,7.702e-5,
264.69,5.683e-4,,5.683e-4,
264.74,3.908e-3,,3.908e-3,
264.79,2.504e-2,,2.504e-2,
264.84,1.495e-1,,1.495e-1,
264.89,8.316e-1,,8.316e-1,
264.94,4.311e+0,,4.311e+0,
264.99,2.082e+1,,2.082e+1,
265.04,9.372e+1,,9.372e+1,
265.09,3.931e+2,,3.931e+2,
265.14,1.536e+3,,1.536e+3,
265.19,5.594e+3,,5.594e+3,
265.24,1.898e+4,,1.898e+4,
265.29,6.002e+4,,6.002e+4,
265.34,1.768e+5,,1.768e+5,
265.39,4.855e+5,,4.855e+5,
265.44,1.242e+6,,1.242e+6,
265.49,2.961e+6,,2.961e+6,
265.54,6.576e+6,,6.576e+6,
265.59,1.361e+7,,1.361e+7,
265.64,2.625e+7,,2.625e+7,
265.69,4.717e+7,,4.717e+7,
265.74,7.900e+7,,7.900e+7,
265.79,1.233e+8,,1.233e+8,
265.84,1.792e+8,,1.792e+8,
265.89,2.428e+8,,2.428e+8,
265.94,3.065e+8,,3.065e+8,
265.99,3.606e+8,,3.606e+8,
266.04,3.953e+8,,3.953e+8,
266.09,4.038e+8,,4.038e+8,
266.14,3.843e+8,,3.843e+8,
266.19,3.408e+8,,3.408e+8,
266.24,2.816e+8,,2.816e+8,
266.29,2.169e+8,,2.169e+8,
266.34,1.556e+8,,1.556e+8,
266.39,1.040e+8,,1.040e+8,
266.44,6.482e+7,,6.482e+7,
266.49,3.763e+7,,3.763e+7,
266.54,2.036e+7,,2.036e+7,
266.59,1.026e+7,,1.026e+7,
266.64,4.820e+6,,4.820e+6,
266.69,2.109e+6,,2.109e+6,
266.74,8.602e+5,,8.602e+5,
266.79,3.269e+5,,3.269e+5,
266.84,1.158e+5,,1.158e+5,
266.89,3.819e+4,,3.819e+4,
266.94,1.174e+4,,1.174e+4,
266.99,3.364e+3,,3.364e+3,
267.04,8.981e+2,,8.981e+2,
267.09,2.234e+2,,2.234e+2,
267.14,5.179e+1,,5.179e+1,
267.19,1.118e+1,,1.118e+1,
267.24,2.251e+0,,2.251e+0,
267.29,4.222e-1,,4.222e-1,
267.34,7.377e-2,,7.377e-2,
267.39,1.201e-2,,1.201e-2,
267.44,1.823e-3,,1.823e-3,
267.49,2.577e-4,,2.577e-4,
267.54,3.395e-5,,3.395e-5,
267.59,4.167e-6,,4.167e-6,
267.64,4.767e-7,,4.767e-7,
267.69,5.081e-8,,5.081e-8,
271.54,7.151e-10,7.151e-10,,
271.59,6.394e-9,6.394e-9,,
271.64,5.346e-8,5.346e-8,,
271.69,4.197e-7,4.197e-7,,
271.74,3.072e-6,3.072e-6,,
271.79,2.103e-5,2.103e-5,,
271.84,1.347e-4,1.347e-4,,
271.89,8.067e-4,8.067e-4,,
271.94,4.521e-3,4.521e-3,,
271.99,2.371e-2,2.371e-2,,
272.04,1.163e-1,1.163e-1,,
272.09,5.340e-1,5.340e-1,,
272.14,2.295e+0,2.295e+0,,
272.19,9.230e+0,9.230e+0,,
272.24,3.476e+1,3.476e+1,,
272.29,1.226e+2,1.226e+2,,
272.34,4.048e+2,4.048e+2,,
272.39,1.253e+3,1.253e+3,,
272.44,3.635e+3,3.635e+3,,
272.49,9.889e+3,9.889e+3,,
272.54,2.524e+4,2.524e+4,,
272.59,6.049e+4,6.049e+4,,
272.64,1.361e+5,1.361e+5,,
272.69,2.881e+5,2.881e+5,,
272.74,5.736e+5,5.736e+5,,
272.79,1.075e+6,1.075e+6,,
272.84,1.900e+6,1.900e+6,,
272.89,3.168e+6,3.168e+6,,
272.94,4.989e+6,4.989e+6,,
272.99,7.434e+6,7.434e+6,,
273.04,1.049e+7,1.049e+7,,
273.09,1.407e+7,1.407e+7,,
273.14,1.796e+7,1.796e+7,,
273.19,2.192e+7,2.192e+7,,
273.24,2.571e+7,2.571e+7,,
273.29,2.915e+7,2.915e+7,,
273.34,3.217e+7,3.217e+7,,
273.39,3.479e+7,3.479e+7,,
273.44,3.700e+7,3.700e+7,,
273.49,3.873e+7,3.873e+7,,
273.54,3.976e+7,3.976e+7,,
273.59,3.975e+7,3.975e+7,,
273.64,3.840e+7,3.840e+7,,
273.69,3.556e+7,3.556e+7,,
273.74,3.136e+7,3.136e+7,,
273.79,2.620e+7,2.620e+7,,
273.84,2.064e+7,2.064e+7,,
273.89,1.531e+7,1.531e+7,,
273.94,1.066e+7,1.066e+7,,
273.99,6.963e+6,6.963e+6,,
274.04,4.262e+6,4.262e+6,,
274.09,2.443e+6,2.443e+6,,
274.14,1.311e+6,1.311e+6,,
274.19,6.582e+5,6.582e+5,,
274.24,3.093e+5,3.093e+5,,
274.29,1.360e+5,1.360e+5,,
274.34,5.594e+4,5.594e+4,,
274.39,2.153e+4,2.153e+4,,
274.44,7.750e+3,7.750e+3,,
274.49,2.610e+3,2.610e+3,,
274.54,8.221e+2,8.221e+2,,
274.59,2.423e+2,2.423e+2,,
274.64,6.678e+1,6.678e+1,,
274.69,1.722e+1,1.722e+1,,
274.74,4.153e+0,4.153e+0,,
274.79,9.370e-1,9.370e-1,,
274.84,1.977e-1,1.977e-1,,
274.89,3.904e-2,3.904e-2,,
274.94,7.209e-3,7.209e-3,,
274.99,1.245e-3,1.245e-3,,
275.04,2.012e-4,2.012e-4,,
275.09,3.041e-5,3.041e-5,,
275.14,4.299e-6,4.299e-6,,
275.19,5.686e-7,5.686e-7,,
275.24,7.034e-8,7.034e-8,,
275.29,8.140e-9,8.140e-9,,
275.99,3.154e-8,3.154e-8,,
276.04,2.698e-7,2.698e-7,,
276.09,2.163e-6,2.163e-6,,
276.14,1.627e-5,1.627e-5,,
276.19,1.146e-4,1.146e-4,,
276.24,7.570e-4,7.570e-4,,
276.29,4.684e-3,4.684e-3,,
276.34,2.717e-2,2.717e-2,,
276.39,1.477e-1,1.477e-1,,
276.44,7.528e-1,7.528e-1,,
276.49,3.596e+0,3.596e+0,,
276.54,1.610e+1,1.610e+1,,
276.59,6.759e+1,6.759e+1,,
276.64,2.660e+2,2.660e+2,,
276.69,9.815e+2,9.815e+2,,
276.74,3.396e+3,3.396e+3,,
276.79,1.102e+4,1.102e+4,,
276.84,3.353e+4,3.353e+4,,
276.89,9.573e+4,9.573e+4,,
276.94,2.565e+5,2.565e+5,,
276.99,6.450e+5,6.450e+5,,
277.04,1.524e+6,1.524e+6,,
277.09,3.382e+6,3.382e+6,,
277.14,7.062e+6,7.062e+6,,
277.19,1.388e+7,1.388e+7,,
277.24,2.573e+7,2.573e+7,,
277.29,4.504e+7,4.504e+7,,
277.34,7.465e+7,7.465e+7,,
277.39,1.175e+8,1.175e+8,4.853e-6,
277.44,1.761e+8,1.761e+8,4.116e-5,
277.49,2.525e+8,2.525e+8,3.273e-4,
277.54,3.477e+8,3.477e+8,2.441e-3,
277.59,4.615e+8,4.615e+8,1.708e-2,
277.64,5.926e+8,5.926e+8,1.120e-1,
277.69,7.375e+8,7.375e+8,6.892e-1,
277.74,8.900e+8,8.900e+8,3.977e+0,
277.79,1.041e+9,1.041e+9,2.152e+1,
277.84,1.177e+9,1.177e+9,1.092e+2,
277.89,1.284e+9,1.284e+9,5.196e+2,
277.94,1.349e+9,1.349e+9,2.319e+3,
277.99,1.363e+9,1.363e+9,9.705e+3,
278.04,1.325e+9,1.325e+9,3.810e+4,
278.09,1.240e+9,1.239e+9,1.402e+5,
278.14,1.119e+9,1.118e+9,4.841e+5,
278.19,9.774e+8,9.759e+8,1.567e+6,
278.24,8.301e+8,8.254e+8,4.759e+6,
278.29,6.915e+8,6.780e+8,1.355e+7,
278.34,5.773e+8,5.411e+8,3.619e+7,
278.39,5.098e+8,4.191e+8,9.065e+7,
278.44,5.272e+8,3.142e+8,2.129e+8,
278.49,6.964e+8,2.271e+8,4.692e+8,
278.54,1.128e+9,1.576e+8,9.700e+8,
278.59,1.986e+9,1.045e+8,1.882e+9,
278.64,3.494e+9,6.598e+7,3.428e+9,
278.69,5.908e+9,3.952e+7,5.868e+9,
278.74,9.480e+9,2.240e+7,9.458e+9,
278.79,1.441e+10,1.199e+7,1.439e+10,
278.84,2.080e+10,6.048e+6,2.080e+10,
278.89,2.878e+10,2.872e+6,2.878e+10,
278.94,3.866e+10,1.283e+6,3.866e+10,
278.99,5.135e+10,5.386e+5,5.135e+10,
279.04,6.878e+10,2.124e+5,6.878e+10,
279.09,9.427e+10,7.863e+4,9.427e+10,
279.14,1.323e+11,2.732e+4,1.323e+11,
279.19,1.878e+11,8.909e+3,1.878e+11,
279.24,2.645e+11,2.726e+3,2.645e+11,
279.29,3.624e+11,7.821e+2,3.624e+11,
279.34,4.769e+11,2.105e+2,4.769e+11,
279.39,5.970e+11,5.314e+1,5.970e+11,
279.44,7.075e+11,1.258e+1,7.075e+11,
279.49,7.915e+11,2.792e+0,7.915e+11,
279.54,8.351e+11,5.813e-1,8.351e+11,
279.59,8.313e+11,1.149e-1,8.313e+11,
279.64,7.819e+11,2.916e-2,7.819e+11,
279.69,6.969e+11,4.815e-2,6.969e+11,
279.74,5.919e+11,2.224e-1,5.919e+11,
279.79,4.843e+11,1.036e+0,4.843e+11,
279.84,3.892e+11,4.543e+0,3.892e+11,
279.89,3.179e+11,1.871e+1,3.179e+11,
279.94,2.759e+11,7.235e+1,2.759e+11,
279.99,2.639e+11,2.628e+2,2.639e+11,
280.04,2.776e+11,8.967e+2,2.776e+11,
280.09,3.089e+11,2.874e+3,3.089e+11,
280.14,3.471e+11,8.655e+3,3.471e+11,
280.19,3.808e+11,2.450e+4,3.808e+11,
280.24,4.002e+11,6.516e+4,4.002e+11,
280.29,3.985e+11,1.629e+5,3.985e+11,
280.34,3.744e+11,3.832e+5,3.744e+11,
280.39,3.308e+11,8.478e+5,3.308e+11,
280.44,2.746e+11,1.765e+6,2.746e+11,
280.49,2.141e+11,3.459e+6,2.141e+11,
280.54,1.567e+11,6.384e+6,1.567e+11,
280.59,1.076e+11,1.110e+7,1.076e+11,
280.64,6.936e+10,1.821e+7,6.934e+10,
280.69,4.196e+10,2.818e+7,4.193e+10,
280.74,2.384e+10,4.116e+7,2.380e+10,
280.79,1.273e+10,5.680e+7,1.267e+10,
280.84,6.406e+9,7.410e+7,6.332e+9,
280.89,3.060e+9,9.145e+7,2.969e+9,
280.94,1.413e+9,1.068e+8,1.306e+9,
280.99,6.574e+8,1.182e+8,5.391e+8,
281.04,3.328e+8,1.240e+8,2.088e+8,
281.09,1.992e+8,1.233e+8,7.590e+7,
281.14,1.421e+8,1.162e+8,2.589e+7,
281.19,1.121e+8,1.039e+8,8.284e+6,
281.24,9.051e+7,8.802e+7,2.488e+6,
281.29,7.142e+7,7.072e+7,7.009e+5,
281.34,5.402e+7,5.384e+7,1.853e+5,
281.39,3.887e+7,3.882e+7,4.597e+4,
281.44,2.651e+7,2.650e+7,1.070e+4,
281.49,1.711e+7,1.711e+7,2.338e+3,
281.54,1.045e+7,1.045e+7,4.791e+2,
281.59,6.027e+6,6.027e+6,9.214e+1,
281.64,3.283e+6,3.283e+6,1.663e+1,
281.69,1.688e+6,1.688e+6,2.816e+0,
281.74,8.188e+5,8.188e+5,4.474e-1,
281.79,3.744e+5,3.744e+5,6.670e-2,
281.84,1.614e+5,1.614e+5,9.331e-3,
281.89,6.551e+4,6.551e+4,1.225e-3,
281.94,2.505e+4,2.505e+4,1.509e-4,
281.99,9.016e+3,9.016e+3,,
282.04,3.054e+3,3.054e+3,,
282.09,9.736e+2,9.736e+2,,
282.14,2.920e+2,2.920e+2,,
282.19,8.234e+1,8.234e+1,,
282.24,2.184e+1,2.184e+1,,
282.29,5.446e+0,5.446e+0,,
282.34,1.277e+0,1.277e+0,,
282.39,2.813e-1,2.813e-1,,
282.44,5.825e-2,5.825e-2,,
282.49,1.134e-2,1.134e-2,,
282.54,2.073e-3,2.073e-3,,
282.59,3.562e-4,3.562e-4,,
282.64,5.750e-5,5.750e-5,,
282.69,8.720e-6,8.720e-6,,
282.74,1.242e-6,1.242e-6,,
282.79,1.662e-7,1.662e-7,,
282.84,1.968e-8,1.968e-8,,
282.89,2.336e-9,2.336e-9,,
282.94,1.407e-9,1.407e-9,,
282.99,1.154e-8,1.154e-8,,
283.04,8.892e-8,8.892e-8,,
283.09,6.444e-7,6.444e-7,,
283.14,4.414e-6,4.414e-6,,
283.19,2.831e-5,2.831e-5,,
283.24,1.707e-4,1.707e-4,,
283.29,9.682e-4,9.682e-4,,
283.34,5.165e-3,5.165e-3,,
283.39,2.591e-2,2.591e-2,,
283.44,1.223e-1,1.223e-1,,
283.49,5.430e-1,5.430e-1,,
283.54,2.268e+0,2.268e+0,,
283.59,8.918e+0,8.918e+0,,
283.64,3.300e+1,3.300e+1,,
283.69,1.150e+2,1.150e+2,,
283.74,3.772e+2,3.772e+2,,
283.79,1.166e+3,1.166e+3,,
283.84,3.395e+3,3.395e+3,,
283.89,9.321e+3,9.321e+3,,
283.94,2.414e+4,2.414e+4,,
283.99,5.903e+4,5.903e+4,,
284.04,1.363e+5,1.363e+5,,
284.09,2.978e+5,2.978e+5,,
284.14,6.157e+5,6.157e+5,,
284.19,1.208e+6,1.208e+6,,
284.24,2.253e+6,2.253e+6,,
284.29,4.011e+6,4.011e+6,,
284.34,6.856e+6,6.856e+6,,
284.39,1.135e+7,1.135e+7,,
284.44,1.840e+7,1.840e+7,,
284.49,2.965e+7,2.965e+7,,
284.54,4.815e+7,4.815e+7,,
284.59,7.944e+7,7.944e+7,,
284.64,1.330e+8,1.330e+8,,
284.69,2.236e+8,2.236e+8,,
284.74,3.720e+8,3.720e+8,,
284.79,6.031e+8,6.031e+8,,
284.84,9.414e+8,9.414e+8,,
284.89,1.403e+9,1.403e+9,,
284.94,1.985e+9,1.985e+9,,
284.99,2.655e+9,2.655e+9,,
285.04,3.353e+9,3.353e+9,,
285.09,3.990e+9,3.990e+9,,
285.14,4.471e+9,4.471e+9,,
285.19,4.715e+9,4.715e+9,,
285.24,4.679e+9,4.679e+9,,
285.29,4.368e+9,4.368e+9,,
285.34,3.835e+9,3.835e+9,,
285.39,3.167e+9,3.167e+9,,
285.44,2.460e+9,2.460e+9,,
285.49,1.796e+9,1.796e+9,,
285.54,1.234e+9,1.234e+9,,
285.59,7.971e+8,7.971e+8,,
285.64,4.843e+8,4.843e+8,,
285.69,2.767e+8,2.767e+8,,
285.74,1.486e+8,1.486e+8,,
285.79,7.510e+7,7.510e+7,,
285.84,3.568e+7,3.568e+7,,
285.89,1.594e+7,1.594e+7,,
285.94,6.699e+6,6.699e+6,,
285.99,2.647e+6,2.647e+6,,
286.04,9.836e+5,9.836e+5,,
286.09,3.437e+5,3.437e+5,,
286.14,1.130e+5,1.130e+5,,
286.19,3.491e+4,3.491e+4,,
286.24,1.014e+4,1.014e+4,,
286.29,2.772e+3,2.772e+3,,
286.34,7.125e+2,7.125e+2,,
286.39,1.722e+2,1.722e+2,,
286.44,3.914e+1,3.914e+1,,
286.49,8.366e+0,8.366e+0,,
286.54,1.681e+0,1.681e+0,,
286.59,3.178e-1,3.178e-1,,
286.64,5.649e-2,5.649e-2,,
286.69,9.443e-3,9.443e-3,,
286.74,1.484e-3,1.484e-3,,
286.79,2.194e-4,2.194e-4,,
286.84,3.050e-5,3.050e-5,,
286.89,3.987e-6,3.987e-6,,
286.94,4.887e-7,4.887e-7,,
289.79,1.185e-8,1.185e-8,,
289.84,9.124e-8,9.124e-8,,
289.89,6.624e-7,6.624e-7,,
289.94,4.534e-6,4.534e-6,,
289.99,2.926e-5,2.926e-5,,
290.04,1.781e-4,1.781e-4,,
290.09,1.022e-3,1.022e-3,,
290.14,5.528e-3,5.528e-3,,
290.19,2.820e-2,2.820e-2,,
290.24,1.356e-1,1.356e-1,,
290.29,6.151e-1,6.151e-1,,
290.34,2.630e+0,2.630e+0,,
290.39,1.060e+1,1.060e+1,,
290.44,4.030e+1,4.030e+1,,
290.49,1.444e+2,1.444e+2,,
290.54,4.881e+2,4.881e+2,,
290.59,1.555e+3,1.555e+3,,
290.64,4.672e+3,4.672e+3,,
290.69,1.323e+4,1.323e+4,,
290.74,3.535e+4,3.535e+4,,
290.79,8.901e+4,8.901e+4,,
290.84,2.113e+5,2.113e+5,,
290.89,4.731e+5,4.731e+5,,
290.94,9.987e+5,9.987e+5,,
290.99,1.988e+6,1.988e+6,,
291.04,3.730e+6,3.730e+6,,
291.09,6.599e+6,6.599e+6,8.569e-7,
291.14,1.101e+7,1.101e+7,6.554e-6,
291.19,1.732e+7,1.732e+7,4.729e-5,
291.24,2.568e+7,2.568e+7,3.219e-4,
291.29,3.591e+7,3.591e+7,2.067e-3,
291.34,4.735e+7,4.735e+7,1.252e-2,
291.39,5.886e+7,5.886e+7,7.157e-2,
291.44,6.900e+7,6.900e+7,3.858e-1,
291.49,7.625e+7,7.625e+7,1.962e+0,
291.54,7.946e+7,7.946e+7,9.415e+0,
291.59,7.807e+7,7.807e+7,4.261e+1,
291.64,7.232e+7,7.232e+7,1.819e+2,
291.69,6.317e+7,6.317e+7,7.329e+2,
291.74,5.203e+7,5.202e+7,2.785e+3,
291.79,4.041e+7,4.040e+7,9.983e+3,
291.84,2.961e+7,2.958e+7,3.376e+4,
291.89,2.052e+7,2.042e+7,1.077e+5,
291.94,1.361e+7,1.329e+7,3.241e+5,
291.99,9.076e+6,8.156e+6,9.203e+5,
292.04,7.184e+6,4.719e+6,2.465e+6,
292.09,8.803e+6,2.575e+6,6.228e+6,
292.14,1.617e+7,1.325e+6,1.484e+7,
292.19,3.402e+7,6.424e+5,3.338e+7,
292.24,7.110e+7,2.938e+5,7.081e+7,
292.29,1.418e+8,1.267e+5,1.417e+8,
292.34,2.676e+8,5.151e+4,2.675e+8,
292.39,4.764e+8,1.974e+4,4.764e+8,
292.44,8.004e+8,7.136e+3,8.004e+8,
292.49,1.269e+9,2.432e+3,1.269e+9,
292.54,1.897e+9,7.814e+2,1.897e+9,
292.59,2.675e+9,2.368e+2,2.675e+9,
292.64,3.560e+9,6.763e+1,3.560e+9,
292.69,4.469e+9,1.822e+1,4.469e+9,
292.74,5.293e+9,4.626e+0,5.293e+9,
292.79,5.914e+9,1.109e+0,5.914e+9,
292.84,6.236e+9,2.544e-1,6.236e+9,
292.89,6.209e+9,7.365e-2,6.209e+9,
292.94,5.845e+9,1.008e-1,5.845e+9,
292.99,5.219e+9,3.775e-1,5.219e+9,
293.04,4.456e+9,1.477e+0,4.456e+9,
293.09,3.706e+9,5.478e+0,3.706e+9,
293.14,3.119e+9,1.919e+1,3.119e+9,
293.19,2.829e+9,6.344e+1,2.829e+9,
293.24,2.935e+9,1.980e+2,2.935e+9,
293.3,3.663e+9,7.188e+2,3.663e+9,
293.35,4.765e+9,1.975e+3,4.765e+9,
293.4,6.241e+9,5.124e+3,6.241e+9,
293.45,7.938e+9,1.254e+4,7.938e+9,
293.5,9.644e+9,2.899e+4,9.644e+9,
293.55,1.111e+10,6.323e+4,1.111e+10,
293.6,1.211e+10,1.302e+5,1.211e+10,
293.65,1.246e+10,2.530e+5,1.246e+10,
293.7,1.210e+10,4.639e+5,1.210e+10,
293.75,1.109e+10,8.032e+5,1.109e+10,
293.8,9.593e+9,1.312e+6,9.592e+9,
293.85,7.832e+9,2.024e+6,7.830e+9,
293.9,6.035e+9,2.946e+6,6.032e+9,
293.95,4.389e+9,4.048e+6,4.385e+9,
294,3.013e+9,5.250e+6,3.008e+9,
294.05,1.954e+9,6.427e+6,1.947e+9,
294.1,1.197e+9,7.425e+6,1.189e+9,
294.15,6.938e+8,8.097e+6,6.857e+8,
294.2,3.813e+8,8.335e+6,3.730e+8,
294.25,1.996e+8,8.097e+6,1.915e+8,
294.3,1.002e+8,7.425e+6,9.275e+7,
294.35,4.883e+7,6.427e+6,4.240e+7,
294.4,2.354e+7,5.250e+6,1.829e+7,
294.45,1.149e+7,4.048e+6,7.446e+6,
294.5,5.807e+6,2.946e+6,2.860e+6,
294.55,3.061e+6,2.024e+6,1.037e+6,
294.6,1.667e+6,1.312e+6,3.547e+5,
294.65,9.177e+5,8.032e+5,1.145e+5,
294.7,4.988e+5,4.639e+5,3.488e+4,
294.75,2.630e+5,2.530e+5,1.003e+4,
294.8,1.329e+5,1.302e+5,2.720e+3,
294.85,6.393e+4,6.323e+4,6.963e+2,
294.9,2.916e+4,2.899e+4,1.682e+2,
294.95,1.258e+4,1.254e+4,3.834e+1,
295,5.132e+3,5.124e+3,8.248e+0,
295.05,1.977e+3,1.975e+3,1.674e+0,
295.1,7.191e+2,7.188e+2,3.207e-1,
295.15,2.469e+2,2.469e+2,5.798e-2,
295.2,8.004e+1,8.003e+1,9.891e-3,
295.25,2.449e+1,2.449e+1,1.592e-3,
295.3,7.072e+0,7.072e+0,2.419e-4,
295.35,1.928e+0,1.928e+0,3.467e-5,
295.4,4.960e-1,4.960e-1,4.690e-6,
295.45,1.204e-1,1.204e-1,,
295.5,2.761e-2,2.761e-2,,
295.55,5.973e-3,5.973e-3,,
295.6,1.220e-3,1.220e-3,,
295.65,2.351e-4,2.351e-4,,
295.7,4.277e-5,4.277e-5,,
295.75,7.345e-6,7.345e-6,,
295.8,1.190e-6,1.190e-6,,
295.85,1.821e-7,1.821e-7,,
295.9,2.629e-8,2.629e-8,,
295.95,3.584e-9,3.584e-9,,
307.25,7.564e-9,7.564e-9,,
307.3,5.162e-8,5.162e-8,,
307.35,3.343e-7,3.343e-7,,
307.4,2.055e-6,2.055e-6,,
307.45,1.202e-5,1.202e-5,,
307.5,6.656e-5,6.656e-5,,
307.55,3.499e-4,3.499e-4,,
307.6,1.746e-3,1.746e-3,,
307.65,8.269e-3,8.269e-3,,
307.7,3.718e-2,3.718e-2,,
307.75,1.587e-1,1.587e-1,,
307.8,6.428e-1,6.428e-1,,
307.85,2.472e+0,2.472e+0,,
307.9,9.029e+0,9.029e+0,,
307.95,3.131e+1,3.131e+1,,
308,1.031e+2,1.031e+2,,
308.05,3.226e+2,3.226e+2,,
308.1,9.585e+2,9.585e+2,,
308.15,2.706e+3,2.706e+3,,
308.2,7.263e+3,7.263e+3,,
308.25,1.853e+4,1.853e+4,,
308.3,4.496e+4,4.496e+4,,
308.35,1.038e+5,1.038e+5,,
308.4,2.281e+5,2.281e+5,,
308.45,4.773e+5,4.773e+5,,
308.5,9.519e+5,9.519e+5,,
308.55,1.810e+6,1.810e+6,,
308.6,3.285e+6,3.285e+6,1.581e-7,
308.65,5.692e+6,5.692e+6,1.075e-6,
308.7,9.427e+6,9.427e+6,6.946e-6,
308.75,1.493e+7,1.493e+7,4.260e-5,
308.8,2.265e+7,2.265e+7,2.481e-4,
308.85,3.291e+7,3.291e+7,1.371e-3,
308.9,4.585e+7,4.585e+7,7.199e-3,
308.95,6.131e+7,6.131e+7,3.588e-2,
309,7.875e+7,7.875e+7,1.698e-1,
309.05,9.731e+7,9.731e+7,7.630e-1,
309.1,1.159e+8,1.159e+8,3.255e+0,
309.15,1.333e+8,1.333e+8,1.319e+1,
309.2,1.486e+8,1.486e+8,5.072e+1,
309.25,1.613e+8,1.613e+8,1.852e+2,
309.3,1.716e+8,1.716e+8,6.422e+2,
309.35,1.801e+8,1.801e+8,2.114e+3,
309.4,1.874e+8,1.874e+8,6.608e+3,
309.45,1.942e+8,1.942e+8,1.961e+4,
309.5,2.005e+8,2.005e+8,5.526e+4,
309.55,2.056e+8,2.055e+8,1.479e+5,
309.6,2.081e+8,2.077e+8,3.756e+5,
309.65,2.065e+8,2.056e+8,9.059e+5,
309.7,1.999e+8,1.978e+8,2.075e+6,
309.75,1.882e+8,1.837e+8,4.511e+6,
309.8,1.732e+8,1.639e+8,9.313e+6,
309.85,1.582e+8,1.400e+8,1.826e+7,
309.9,1.481e+8,1.141e+8,3.398e+7,
309.95,1.487e+8,8.862e+7,6.004e+7,
310,1.663e+8,6.551e+7,1.007e+8,
310.05,2.065e+8,4.604e+7,1.605e+8,
310.1,2.735e+8,3.075e+7,2.428e+8,
310.15,3.682e+8,1.951e+7,3.487e+8,
310.2,4.872e+8,1.175e+7,4.755e+8,
310.25,6.223e+8,6.724e+6,6.156e+8,
310.3,7.604e+8,3.652e+6,7.568e+8,
310.35,8.852e+8,1.883e+6,8.833e+8,
310.4,9.798e+8,9.216e+5,9.789e+8,
310.45,1.030e+9,4.282e+5,1.030e+9,
310.5,1.029e+9,1.889e+5,1.029e+9,
310.55,9.763e+8,7.908e+4,9.762e+8,
310.6,8.793e+8,3.142e+4,8.793e+8,
310.65,7.519e+8,1.185e+4,7.519e+8,
310.7,6.105e+8,4.245e+3,6.105e+8,
310.75,4.707e+8,1.443e+3,4.707e+8,
310.8,3.445e+8,4.654e+2,3.445e+8,
310.85,2.395e+8,1.425e+2,2.395e+8,
310.9,1.580e+8,4.143e+1,1.580e+8,
310.95,9.901e+7,1.143e+1,9.901e+7,
311,5.890e+7,2.993e+0,5.890e+7,
311.05,3.327e+7,7.441e-1,3.327e+7,
311.1,1.784e+7,1.756e-1,1.784e+7,
311.15,9.086e+6,3.932e-2,9.086e+6,
311.2,4.393e+6,8.360e-3,4.393e+6,
311.25,2.017e+6,1.687e-3,2.017e+6,
311.3,8.790e+5,3.231e-4,8.790e+5,
311.35,3.638e+5,5.875e-5,3.638e+5,
311.4,1.429e+5,1.014e-5,1.429e+5,
311.45,5.333e+4,1.661e-6,5.333e+4,
311.5,1.889e+4,2.582e-7,1.889e+4,
311.55,6.354e+3,3.811e-8,6.354e+3,
311.6,2.029e+3,,2.029e+3,
311.65,6.153e+2,,6.153e+2,
311.7,1.771e+2,,1.771e+2,
311.75,4.842e+1,,4.842e+1,
311.8,1.257e+1,,1.257e+1,
311.85,3.097e+0,,3.097e+0,
311.9,7.247e-1,,7.247e-1,
311.95,1.610e-1,,1.610e-1,
312,3.396e-2,,3.396e-2,
312.05,6.801e-3,,6.801e-3,
312.1,1.293e-3,,1.293e-3,
312.15,2.335e-4,,2.335e-4,
312.2,4.003e-5,,4.003e-5,
312.25,6.516e-6,,6.516e-6,
312.3,1.007e-6,,1.007e-6,
312.35,1.478e-7,,1.478e-7,
331.21,3.218e-9,3.218e-9,,
331.26,1.906e-8,1.906e-8,,
331.31,1.079e-7,1.079e-7,,
331.36,5.841e-7,5.841e-7,,
331.41,3.022e-6,3.022e-6,,
331.46,1.495e-5,1.495e-5,,
331.51,7.068e-5,7.068e-5,,
331.56,3.195e-4,3.195e-4,,
331.61,1.381e-3,1.381e-3,,
331.66,5.704e-3,5.704e-3,,
331.71,2.252e-2,2.252e-2,,
331.76,8.503e-2,8.503e-2,,
331.81,3.069e-1,3.069e-1,,
331.86,1.059e+0,1.059e+0,,
331.91,3.492e+0,3.492e+0,,
331.96,1.101e+1,1.101e+1,,
332.01,3.318e+1,3.318e+1,,
332.06,9.561e+1,9.561e+1,,
332.11,2.634e+2,2.634e+2,,
332.16,6.935e+2,6.935e+2,,
332.21,1.746e+3,1.746e+3,,
332.26,4.201e+3,4.201e+3,,
332.31,9.664e+3,9.664e+3,,
332.36,2.126e+4,2.126e+4,,
332.41,4.469e+4,4.469e+4,,
332.46,8.983e+4,8.983e+4,,
332.51,1.726e+5,1.726e+5,,
332.56,3.172e+5,3.172e+5,,
332.61,5.572e+5,5.572e+5,,
332.66,9.361e+5,9.361e+5,,
332.71,1.504e+6,1.504e+6,,
332.76,2.312e+6,2.312e+6,,
332.81,3.400e+6,3.400e+6,,
332.86,4.788e+6,4.788e+6,,
332.91,6.461e+6,6.461e+6,,
332.96,8.364e+6,8.364e+6,,
333.01,1.040e+7,1.040e+7,,
333.06,1.246e+7,1.246e+7,,
333.11,1.442e+7,1.442e+7,,
333.16,1.621e+7,1.621e+7,,
333.21,1.777e+7,1.777e+7,,
333.26,1.915e+7,1.915e+7,,
333.31,2.040e+7,2.040e+7,,
333.36,2.161e+7,2.161e+7,,
333.41,2.282e+7,2.282e+7,,
333.46,2.403e+7,2.403e+7,,
333.51,2.513e+7,2.513e+7,,
333.56,2.595e+7,2.595e+7,,
333.61,2.628e+7,2.628e+7,,
333.66,2.594e+7,2.594e+7,,
333.71,2.482e+7,2.482e+7,,
333.76,2.294e+7,2.294e+7,,
333.81,2.040e+7,2.040e+7,,
333.86,1.743e+7,1.743e+7,,
333.91,1.428e+7,1.428e+7,,
333.96,1.121e+7,1.121e+7,,
334.01,8.422e+6,8.422e+6,,
334.06,6.057e+6,6.057e+6,,
334.11,4.167e+6,4.167e+6,,
334.16,2.742e+6,2.742e+6,,
334.21,1.726e+6,1.726e+6,,
334.26,1.039e+6,1.039e+6,,
334.31,5.977e+5,5.977e+5,,
334.36,3.288e+5,3.288e+5,,
334.41,1.730e+5,1.730e+5,,
334.46,8.702e+4,8.702e+4,,
334.51,4.185e+4,4.185e+4,,
334.56,1.924e+4,1.924e+4,,
334.61,8.458e+3,8.458e+3,,
334.66,3.555e+3,3.555e+3,,
334.71,1.429e+3,1.429e+3,,
334.76,5.489e+2,5.489e+2,,
334.81,2.016e+2,2.016e+2,,
334.86,7.081e+1,7.081e+1,,
334.91,2.378e+1,2.378e+1,,
334.96,7.633e+0,7.633e+0,,
335.01,2.343e+0,2.343e+0,,
335.06,6.875e-1,6.875e-1,,
335.11,1.929e-1,1.929e-1,,
335.16,5.174e-2,5.174e-2,,
335.21,1.327e-2,1.327e-2,,
335.26,3.254e-3,3.254e-3,,
335.31,7.627e-4,7.627e-4,,
335.36,1.710e-4,1.710e-4,,
335.41,3.664e-5,3.664e-5,,
335.46,7.506e-6,7.506e-6,,
335.51,1.470e-6,1.470e-6,,
335.56,2.754e-7,2.754e-7,,
335.61,4.931e-8,4.931e-8,,
335.66,8.441e-9,8.441e-9,,
351.76,4.807e-9,,4.807e-9,
351.81,2.561e-8,,2.561e-8,
351.86,1.311e-7,,1.311e-7,
351.91,6.448e-7,,6.448e-7,
351.96,3.048e-6,,3.048e-6,
352.01,1.384e-5,,1.384e-5,
352.06,6.039e-5,,6.039e-5,
352.11,2.532e-4,,2.532e-4,
352.16,1.020e-3,,1.020e-3,
352.21,3.948e-3,,3.948e-3,
352.26,1.469e-2,,1.469e-2,
352.31,5.248e-2,,5.248e-2,
352.36,1.802e-1,,1.802e-1,
352.41,5.947e-1,,5.947e-1,
352.46,1.885e+0,,1.885e+0,
352.51,5.743e+0,,5.743e+0,
352.56,1.681e+1,,1.681e+1,
352.61,4.728e+1,,4.728e+1,
352.66,1.278e+2,,1.278e+2,
352.71,3.318e+2,,3.318e+2,
352.76,8.278e+2,,8.278e+2,
352.81,1.985e+3,,1.985e+3,
352.86,4.572e+3,,4.572e+3,
352.91,1.012e+4,,1.012e+4,
352.96,2.152e+4,,2.152e+4,
353.01,4.398e+4,,4.398e+4,
353.06,8.635e+4,,8.635e+4,
353.11,1.629e+5,,1.629e+5,
353.16,2.953e+5,,2.953e+5,
353.21,5.145e+5,,5.145e+5,
353.26,8.610e+5,,8.610e+5,
353.31,1.385e+6,,1.385e+6,
353.36,2.140e+6,,2.140e+6,
353.41,3.177e+6,,3.177e+6,
353.46,4.533e+6,,4.533e+6,
353.51,6.214e+6,,6.214e+6,
353.56,8.184e+6,,8.184e+6,
353.61,1.036e+7,,1.036e+7,
353.66,1.260e+7,,1.260e+7,
353.71,1.472e+7,,1.472e+7,
353.76,1.653e+7,,1.653e+7,
353.81,1.783e+7,,1.783e+7,
353.86,1.848e+7,,1.848e+7,
353.91,1.841e+7,,1.841e+7,
353.96,1.762e+7,,1.762e+7,
354.01,1.620e+7,,1.620e+7,
354.06,1.431e+7,,1.431e+7,
354.11,1.215e+7,,1.215e+7,
354.16,9.913e+6,,9.913e+6,
354.21,7.770e+6,,7.770e+6,
354.26,5.852e+6,,5.852e+6,
354.31,4.235e+6,,4.235e+6,
354.36,2.945e+6,,2.945e+6,
354.41,1.968e+6,,1.968e+6,
354.46,1.263e+6,,1.263e+6,
354.51,7.793e+5,,7.793e+5,
354.56,4.619e+5,,4.619e+5,
354.61,2.631e+5,,2.631e+5,
354.66,1.440e+5,,1.440e+5,
354.71,7.569e+4,,7.569e+4,
354.76,3.824e+4,,3.824e+4,
354.81,1.856e+4,,1.856e+4,
354.86,8.660e+3,,8.660e+3,
354.91,3.881e+3,,3.881e+3,
354.96,1.672e+3,,1.672e+3,
355.01,6.917e+2,,6.917e+2,
355.07,2.276e+2,,2.276e+2,
355.12,8.626e+1,,8.626e+1,
355.17,3.141e+1,,3.141e+1,
355.22,1.099e+1,,1.099e+1,
355.27,3.696e+0,,3.696e+0,
355.32,1.194e+0,,1.194e+0,
355.37,3.706e-1,,3.706e-1,
355.42,1.106e-1,,1.106e-1,
355.47,3.168e-2,,3.168e-2,
355.52,8.725e-3,,8.725e-3,
355.57,2.309e-3,,2.309e-3,
355.62,5.870e-4,,5.870e-4,
355.67,1.434e-4,,1.434e-4,
355.72,3.366e-5,,3.366e-5,
355.77,7.592e-6,,7.592e-6,
355.82,1.645e-6,,1.645e-6,
355.87,3.426e-7,,3.426e-7,
355.92,6.855e-8,,6.855e-8,
355.97,1.318e-8,,1.318e-8,
356.02,2.434e-9,,2.434e-9,
360.57,1.049e-10,1.049e-10,,
360.62,5.436e-10,5.436e-10,,
360.67,2.712e-9,2.712e-9,,
360.72,1.302e-8,1.302e-8,,
360.77,6.022e-8,6.022e-8,,
360.82,2.681e-7,2.681e-7,,
360.87,1.149e-6,1.149e-6,,
360.92,4.739e-6,4.739e-6,,
360.97,1.882e-5,1.882e-5,,
361.02,7.197e-5,7.197e-5,,
361.07,2.649e-4,2.649e-4,,
361.12,9.389e-4,9.389e-4,,
361.17,3.203e-3,3.203e-3,,
361.22,1.052e-2,1.052e-2,,
361.27,3.327e-2,3.327e-2,,
361.32,1.013e-1,1.013e-1,,
361.37,2.968e-1,2.968e-1,,
361.42,8.375e-1,8.375e-1,,
361.47,2.275e+0,2.275e+0,,
361.52,5.949e+0,5.949e+0,,
361.57,1.498e+1,1.498e+1,,
361.62,3.630e+1,3.630e+1,,
361.67,8.470e+1,8.470e+1,,
361.72,1.903e+2,1.903e+2,,
361.77,4.114e+2,4.114e+2,,
361.82,8.566e+2,8.566e+2,,
361.87,1.717e+3,1.717e+3,,
361.92,3.313e+3,3.313e+3,,
361.97,6.154e+3,6.154e+3,,
362.02,1.101e+4,1.101e+4,,
362.07,1.895e+4,1.895e+4,,
362.12,3.141e+4,3.141e+4,,
362.17,5.012e+4,5.012e+4,,
362.22,7.700e+4,7.700e+4,,
362.27,1.139e+5,1.139e+5,,
362.32,1.621e+5,1.621e+5,,
362.37,2.223e+5,2.223e+5,,
362.42,2.933e+5,2.933e+5,,
362.47,3.726e+5,3.726e+5,,
362.52,4.558e+5,4.558e+5,,
362.57,5.367e+5,5.367e+5,,
362.62,6.083e+5,6.083e+5,,
362.67,6.639e+5,6.639e+5,,
362.72,6.975e+5,6.975e+5,,
362.77,7.055e+5,7.055e+5,,
362.82,6.870e+5,6.870e+5,,
362.87,6.440e+5,6.440e+5,,
362.92,5.812e+5,5.812e+5,,
362.97,5.050e+5,5.050e+5,,
363.02,4.224e+5,4.224e+5,,
363.07,3.402e+5,3.402e+5,,
363.12,2.637e+5,2.637e+5,,
363.17,1.968e+5,1.968e+5,,
363.22,1.414e+5,1.414e+5,,
363.27,9.783e+4,9.783e+4,,
363.32,6.515e+4,6.515e+4,,
363.37,4.177e+4,4.177e+4,,
363.42,2.578e+4,2.578e+4,,
363.47,1.532e+4,1.532e+4,,
363.52,8.763e+3,8.763e+3,,
363.57,4.826e+3,4.826e+3,,
363.62,2.559e+3,2.559e+3,,
363.67,1.306e+3,1.306e+3,,
363.72,6.418e+2,6.418e+2,,
363.77,3.036e+2,3.036e+2,,
363.82,1.383e+2,1.383e+2,,
363.87,6.063e+1,6.063e+1,,
363.92,2.559e+1,2.559e+1,,
363.97,1.040e+1,1.040e+1,,
364.02,4.069e+0,4.069e+0,,
364.07,1.532e+0,1.532e+0,,
364.12,5.556e-1,5.556e-1,,
364.17,1.940e-1,1.940e-1,,
364.22,6.518e-2,6.518e-2,,
364.27,2.109e-2,2.109e-2,,
364.32,6.569e-3,6.569e-3,,
364.37,1.970e-3,1.970e-3,,
364.42,5.686e-4,5.686e-4,,
364.47,1.580e-4,1.580e-4,,
364.52,4.228e-5,4.228e-5,,
364.57,1.089e-5,1.089e-5,,
364.62,2.701e-6,2.701e-6,,
364.67,6.448e-7,6.448e-7,,
364.72,1.482e-7,1.482e-7,,
364.77,3.279e-8,3.279e-8,,
364.82,6.985e-9,6.985e-9,,
364.87,1.432e-9,1.432e-9,,
364.92,2.828e-10,2.828e-10,,
380.62,1.582e-8,1.582e-8,,
380.67,7.566e-8,7.566e-8,,
380.72,3.497e-7,3.497e-7,,
380.77,1.562e-6,1.562e-6,,
380.82,6.747e-6,6.747e-6,,
380.87,2.816e-5,2.816e-5,,
380.92,1.136e-4,1.136e-4,,
380.97,4.430e-4,4.430e-4,,
381.02,1.669e-3,1.669e-3,,
381.07,6.079e-3,6.079e-3,,
381.12,2.140e-2,2.140e-2,,
381.17,7.279e-2,7.279e-2,,
381.22,2.393e-1,2.393e-1,,
381.27,7.607e-1,7.607e-1,,
381.32,2.337e+0,2.337e+0,,
381.37,6.939e+0,6.939e+0,,
381.42,1.991e+1,1.991e+1,,
381.47,5.525e+1,5.525e+1,,
381.52,1.482e+2,1.482e+2,,
381.57,3.842e+2,3.842e+2,,
381.62,9.629e+2,9.629e+2,,
381.67,2.333e+3,2.333e+3,,
381.72,5.467e+3,5.467e+3,,
381.77,1.239e+4,1.239e+4,,
381.82,2.714e+4,2.714e+4,,
381.87,5.752e+4,5.752e+4,,
381.92,1.179e+5,1.179e+5,,
381.97,2.339e+5,2.339e+5,,
382.02,4.490e+5,4.490e+5,,
382.07,8.344e+5,8.344e+5,,
382.12,1.501e+6,1.501e+6,,
382.17,2.617e+6,2.617e+6,,
382.22,4.420e+6,4.420e+6,,
382.27,7.239e+6,7.239e+6,,
382.32,1.150e+7,1.150e+7,,
382.37,1.774e+7,1.774e+7,,
382.42,2.657e+7,2.657e+7,,
382.47,3.868e+7,3.868e+7,,
382.52,5.478e+7,5.478e+7,,
382.57,7.552e+7,7.552e+7,,
382.62,1.014e+8,1.014e+8,,
382.67,1.328e+8,1.328e+8,,
382.72,1.696e+8,1.696e+8,,
382.77,2.113e+8,2.113e+8,,
382.82,2.571e+8,2.571e+8,,
382.87,3.054e+8,3.054e+8,,
382.92,3.545e+8,3.545e+8,,
382.97,4.019e+8,4.019e+8,,
383.02,4.454e+8,4.454e+8,,
383.07,4.829e+8,4.829e+8,,
383.12,5.126e+8,5.126e+8,,
383.17,5.338e+8,5.338e+8,,
383.22,5.471e+8,5.471e+8,,
383.27,5.542e+8,5.542e+8,,
383.32,5.576e+8,5.576e+8,,
383.37,5.609e+8,5.609e+8,,
383.42,5.674e+8,5.674e+8,,
383.47,5.797e+8,5.797e+8,,
383.52,5.990e+8,5.990e+8,,
383.57,6.246e+8,6.246e+8,,
383.62,6.539e+8,6.539e+8,,
383.67,6.827e+8,6.827e+8,,
383.72,7.059e+8,7.059e+8,,
383.77,7.182e+8,7.182e+8,,
383.82,7.154e+8,7.154e+8,,
383.87,6.951e+8,6.951e+8,,
383.92,6.568e+8,6.568e+8,,
383.97,6.024e+8,6.024e+8,,
384.02,5.355e+8,5.355e+8,,
384.07,4.611e+8,4.611e+8,,
384.12,3.842e+8,3.842e+8,,
384.17,3.098e+8,3.098e+8,,
384.22,2.415e+8,2.415e+8,,
384.27,1.821e+8,1.821e+8,,
384.32,1.327e+8,1.327e+8,,
384.37,9.355e+7,9.355e+7,,
384.42,6.374e+7,6.374e+7,,
384.47,4.198e+7,4.198e+7,,
384.52,2.673e+7,2.673e+7,,
384.57,1.645e+7,1.645e+7,,
384.62,9.787e+6,9.787e+6,,
384.67,5.628e+6,5.628e+6,,
384.72,3.129e+6,3.129e+6,,
384.77,1.681e+6,1.681e+6,,
384.82,8.733e+5,8.733e+5,,
384.87,4.385e+5,4.385e+5,,
384.92,2.128e+5,2.128e+5,,
384.97,9.984e+4,9.984e+4,,
385.02,4.528e+4,4.528e+4,,
385.07,1.985e+4,1.985e+4,,
385.12,8.410e+3,8.410e+3,,
385.17,3.445e+3,3.445e+3,,
385.22,1.364e+3,1.364e+3,,
385.27,5.220e+2,5.220e+2,,
385.32,1.931e+2,1.931e+2,,
385.37,6.906e+1,6.906e+1,,
385.42,2.387e+1,2.387e+1,,
385.47,7.976e+0,7.976e+0,,
385.52,2.576e+0,2.576e+0,,
385.57,8.043e-1,8.043e-1,,
385.62,2.427e-1,2.427e-1,,
385.67,7.080e-2,7.080e-2,,
385.72,1.997e-2,1.997e-2,,
385.77,5.442e-3,5.442e-3,,
385.82,1.434e-3,1.434e-3,,
385.87,3.652e-4,3.652e-4,,
385.93,6.765e-5,6.765e-5,,
385.98,1.599e-5,1.599e-5,,
386.03,3.653e-6,3.653e-6,,
386.08,8.068e-7,8.068e-7,,
386.13,1.722e-7,1.722e-7,,
386.68,1.269e-9,1.269e-9,,
386.73,5.859e-9,5.859e-9,,
386.78,2.617e-8,2.617e-8,,
386.83,1.147e-7,1.147e-7,,
386.88,4.803e-7,4.803e-7,,
386.93,1.946e-6,1.946e-6,,
386.98,7.634e-6,7.634e-6,,
387.03,2.897e-5,2.897e-5,,
387.08,1.064e-4,1.064e-4,,
387.13,3.783e-4,3.783e-4,,
387.18,1.301e-3,1.301e-3,,
387.23,4.333e-3,4.333e-3,,
387.28,1.396e-2,1.396e-2,,
387.33,4.355e-2,4.355e-2,,
387.38,1.315e-1,1.315e-1,,
387.43,3.844e-1,3.844e-1,,
387.48,1.088e+0,1.088e+0,,
387.53,2.980e+0,2.980e+0,,
387.58,7.905e+0,7.905e+0,,
387.63,2.030e+1,2.030e+1,,
387.68,5.051e+1,5.051e+1,,
387.73,1.217e+2,1.217e+2,,
387.78,2.839e+2,2.839e+2,,
387.83,6.418e+2,6.418e+2,,
387.88,1.405e+3,1.405e+3,,
387.93,2.982e+3,2.982e+3,,
387.98,6.133e+3,6.133e+3,,
388.03,1.222e+4,1.222e+4,,
388.08,2.362e+4,2.362e+4,,
388.13,4.425e+4,4.425e+4,,
388.18,8.041e+4,8.041e+4,,
388.23,1.417e+5,1.417e+5,,
388.28,2.423e+5,2.423e+5,,
388.33,4.021e+5,4.021e+5,,
388.38,6.477e+5,6.477e+5,,
388.43,1.013e+6,1.013e+6,,
388.48,1.539e+6,1.539e+6,,
388.53,2.272e+6,2.272e+6,,
388.58,3.260e+6,3.260e+6,,
388.63,4.549e+6,4.549e+6,,
388.68,6.176e+6,6.176e+6,,
388.73,8.164e+6,8.164e+6,,
388.78,1.052e+7,1.052e+7,,
388.83,1.321e+7,1.321e+7,,
388.88,1.619e+7,1.619e+7,,
388.93,1.940e+7,1.940e+7,,
388.98,2.274e+7,2.274e+7,,
389.03,2.611e+7,2.611e+7,,
389.08,2.941e+7,2.941e+7,,
389.13,3.255e+7,3.255e+7,,
389.18,3.543e+7,3.543e+7,,
389.23,3.796e+7,3.796e+7,,
389.28,4.008e+7,4.008e+7,,
389.33,4.170e+7,4.170e+7,,
389.38,4.276e+7,4.276e+7,,
389.43,4.318e+7,4.318e+7,,
389.48,4.290e+7,4.290e+7,,
389.53,4.191e+7,4.191e+7,,
389.58,4.018e+7,4.018e+7,,
389.63,3.779e+7,3.779e+7,,
389.68,3.480e+7,3.480e+7,,
389.73,3.137e+7,3.137e+7,,
389.78,2.764e+7,2.764e+7,,
389.83,2.379e+7,2.379e+7,,
389.88,2.000e+7,2.000e+7,,
389.93,1.641e+7,1.641e+7,,
389.98,1.314e+7,1.314e+7,,
390.03,1.027e+7,1.027e+7,,
390.08,7.827e+6,7.827e+6,,
390.13,5.819e+6,5.819e+6,,
390.18,4.220e+6,4.220e+6,,
390.23,2.985e+6,2.985e+6,,
390.28,2.058e+6,2.058e+6,,
390.33,1.383e+6,1.383e+6,,
390.38,9.059e+5,9.059e+5,,
390.43,5.779e+5,5.779e+5,,
390.48,3.590e+5,3.590e+5,,
390.53,2.171e+5,2.171e+5,,
390.58,1.277e+5,1.277e+5,,
390.63,7.303e+4,7.303e+4,,
390.68,4.060e+4,4.060e+4,,
390.73,2.193e+4,2.193e+4,,
390.78,1.150e+4,1.150e+4,,
390.83,5.855e+3,5.855e+3,,
390.88,2.892e+3,2.892e+3,,
390.93,1.386e+3,1.386e+3,,
390.98,6.440e+2,6.440e+2,,
391.03,2.901e+2,2.901e+2,,
391.08,1.266e+2,1.266e+2,,
391.13,5.356e+1,5.356e+1,,
391.18,2.195e+1,2.195e+1,,
391.23,8.713e+0,8.713e+0,,
391.28,3.350e+0,3.350e+0,,
391.33,1.247e+0,1.247e+0,,
391.38,4.494e-1,4.494e-1,,
391.43,1.568e-1,1.568e-1,,
391.48,5.298e-2,5.298e-2,,
391.53,1.733e-2,1.733e-2,,
391.58,5.484e-3,5.484e-3,,
391.63,1.680e-3,1.680e-3,,
391.68,4.986e-4,4.986e-4,,
391.73,1.444e-4,1.444e-4,,
391.78,4.500e-5,4.500e-5,,
391.83,3.030e-5,3.030e-5,,
391.88,7.335e-5,7.335e-5,,
391.93,2.464e-4,2.464e-4,,
391.98,8.285e-4,8.285e-4,,
392.03,2.704e-3,2.704e-3,,
392.08,8.546e-3,8.546e-3,,
392.13,2.615e-2,2.615e-2,,
392.18,7.750e-2,7.750e-2,,
392.23,2.224e-1,2.224e-1,,
392.28,6.179e-1,6.179e-1,,
392.33,1.662e+0,1.662e+0,,
392.38,4.330e+0,4.330e+0,,
392.43,1.092e+1,1.092e+1,,
392.48,2.667e+1,2.667e+1,,
392.53,6.307e+1,6.307e+1,,
392.58,1.444e+2,1.444e+2,,
392.63,3.202e+2,3.202e+2,,
392.68,6.874e+2,6.874e+2,,
392.73,1.429e+3,1.429e+3,,
392.78,2.876e+3,2.876e+3,,
392.83,5.605e+3,5.605e+3,,
392.88,1.058e+4,1.058e+4,,
392.93,1.933e+4,1.933e+4,,
392.98,3.419e+4,3.419e+4,,
393.03,5.858e+4,5.858e+4,,
393.08,9.717e+4,9.717e+4,,
393.13,1.561e+5,1.561e+5,,
393.18,2.427e+5,2.427e+5,,
393.23,3.655e+5,3.655e+5,,
393.28,5.330e+5,5.330e+5,,
393.33,7.525e+5,7.525e+5,,
393.38,1.029e+6,1.029e+6,,
393.43,1.362e+6,1.362e+6,,
393.48,1.745e+6,1.745e+6,,
393.53,2.166e+6,2.166e+6,,
393.58,2.603e+6,2.603e+6,,
393.63,3.029e+6,3.029e+6,,
393.68,3.413e+6,3.413e+6,,
393.73,3.723e+6,3.723e+6,,
393.78,3.933e+6,3.933e+6,,
393.83,4.022e+6,4.022e+6,,
393.88,3.984e+6,3.984e+6,,
393.93,3.820e+6,3.820e+6,,
393.98,3.547e+6,3.547e+6,,
394.03,3.189e+6,3.189e+6,,
394.08,2.776e+6,2.776e+6,,
394.13,2.340e+6,2.340e+6,,
394.18,1.910e+6,1.910e+6,,
394.23,1.510e+6,1.510e+6,,
394.28,1.155e+6,1.155e+6,,
394.33,8.561e+5,8.561e+5,,
394.38,6.142e+5,6.142e+5,,
394.43,4.267e+5,4.267e+5,,
394.48,2.870e+5,2.870e+5,,
394.53,1.870e+5,1.870e+5,,
394.58,1.179e+5,1.179e+5,,
394.63,7.200e+4,7.200e+4,,
394.68,4.257e+4,4.257e+4,,
394.73,2.438e+4,2.438e+4,,
394.78,1.351e+4,1.351e+4,,
394.83,7.254e+3,7.254e+3,,
394.88,3.770e+3,3.770e+3,,
394.93,1.898e+3,1.898e+3,,
394.98,9.247e+2,9.247e+2,,
395.03,4.363e+2,4.363e+2,,
395.08,1.994e+2,1.994e+2,,
395.13,8.819e+1,8.819e+1,,
395.18,3.778e+1,3.778e+1,,
395.23,1.567e+1,1.567e+1,,
395.28,6.293e+0,6.293e+0,,
395.33,2.447e+0,2.447e+0,,
395.38,9.215e-1,9.215e-1,,
395.43,3.360e-1,3.360e-1,,
395.48,1.186e-1,1.186e-1,,
395.53,4.054e-2,4.054e-2,,
395.58,1.342e-2,1.342e-2,,
395.63,4.301e-3,4.301e-3,,
395.68,1.335e-3,1.335e-3,,
395.73,4.010e-4,4.010e-4,,
395.78,1.167e-4,1.167e-4,,
395.83,3.287e-5,3.287e-5,,
395.88,8.967e-6,8.967e-6,,
395.93,2.368e-6,2.368e-6,,
395.98,6.057e-7,6.057e-7,,
396.03,1.500e-7,1.500e-7,,
396.08,3.597e-8,3.597e-8,,
396.13,8.351e-9,8.351e-9,,
396.18,1.877e-9,1.877e-9,,
396.23,4.087e-10,4.087e-10,,
396.28,9.853e-10,9.853e-10,,
396.33,4.391e-9,4.391e-9,,
396.38,1.896e-8,1.896e-8,,
396.43,7.933e-8,7.933e-8,,
396.48,3.217e-7,3.217e-7,,
396.53,1.264e-6,1.264e-6,,
396.58,4.812e-6,4.812e-6,,
396.63,1.775e-5,1.775e-5,,
396.68,6.348e-5,6.348e-5,,
396.73,2.199e-4,2.199e-4,,
396.78,7.383e-4,7.383e-4,,
396.83,2.402e-3,2.402e-3,,
396.88,7.573e-3,7.573e-3,,
396.93,2.313e-2,2.313e-2,,
396.98,6.848e-2,6.848e-2,,
397.03,1.965e-1,1.965e-1,,
397.08,5.461e-1,5.461e-1,,
397.13,1.471e+0,1.471e+0,,
397.18,3.840e+0,3.840e+0,,
397.23,9.713e+0,9.713e+0,,
397.28,2.381e+1,2.381e+1,,
397.33,5.655e+1,5.655e+1,,
397.38,1.302e+2,1.302e+2,,
397.43,2.903e+2,2.903e+2,,
397.48,6.275e+2,6.275e+2,,
397.53,1.314e+3,1.314e+3,,
397.58,2.667e+3,2.667e+3,,
397.63,5.245e+3,5.245e+3,,
397.68,9.996e+3,9.996e+3,,
397.73,1.846e+4,1.846e+4,,
397.78,3.304e+4,3.304e+4,,
397.83,5.729e+4,5.729e+4,,
397.88,9.627e+4,9.627e+4,,
397.93,1.568e+5,1.568e+5,,
397.98,2.474e+5,2.474e+5,,
398.03,3.783e+5,3.783e+5,,
398.08,5.605e+5,5.605e+5,,
398.13,8.048e+5,8.048e+5,,
398.18,1.120e+6,1.120e+6,,
398.23,1.510e+6,1.510e+6,,
398.28,1.973e+6,1.973e+6,,
398.33,2.498e+6,2.498e+6,,
398.38,3.064e+6,3.064e+6,,
398.43,3.643e+6,3.643e+6,,
398.48,4.197e+6,4.197e+6,,
398.53,4.686e+6,4.686e+6,,
398.58,5.069e+6,5.069e+6,,
398.63,5.314e+6,5.314e+6,,
398.68,5.398e+6,5.398e+6,,
398.73,5.314e+6,5.314e+6,,
398.78,5.069e+6,5.069e+6,,
398.83,4.686e+6,4.686e+6,,
398.88,4.197e+6,4.197e+6,,
398.93,3.643e+6,3.643e+6,,
398.98,3.064e+6,3.064e+6,,
399.03,2.498e+6,2.498e+6,,
399.08,1.973e+6,1.973e+6,,
399.13,1.510e+6,1.510e+6,,
399.18,1.120e+6,1.120e+6,,
399.23,8.048e+5,8.048e+5,,
399.28,5.605e+5,5.605e+5,,
399.33,3.783e+5,3.783e+5,,
399.38,2.474e+5,2.474e+5,,
399.43,1.568e+5,1.568e+5,,
399.48,9.627e+4,9.627e+4,,
399.53,5.729e+4,5.729e+4,,
399.58,3.304e+4,3.304e+4,,
399.63,1.846e+4,1.846e+4,,
399.68,9.996e+3,9.996e+3,,
399.73,5.245e+3,5.245e+3,,
399.78,2.667e+3,2.667e+3,,
399.83,1.314e+3,1.314e+3,,
399.88,6.275e+2,6.275e+2,,
399.93,2.903e+2,2.903e+2,,
399.98,1.302e+2,1.302e+2,,
400.03,5.655e+1,5.655e+1,,
400.08,2.381e+1,2.381e+1,,
400.13,9.713e+0,9.713e+0,,
400.18,3.840e+0,3.840e+0,,
400.23,1.471e+0,1.471e+0,,
400.28,5.461e-1,5.461e-1,,
400.33,1.965e-1,1.965e-1,,
400.38,6.848e-2,6.848e-2,,
400.43,2.313e-2,2.313e-2,,
400.48,7.573e-3,7.573e-3,,
400.53,2.402e-3,2.402e-3,,
400.58,7.383e-4,7.383e-4,,
400.63,2.199e-4,2.199e-4,,
400.68,6.348e-5,6.348e-5,,
400.73,1.775e-5,1.775e-5,,
400.78,4.812e-6,4.812e-6,,
400.83,1.264e-6,1.264e-6,,
400.88,3.217e-7,3.217e-7,,
400.93,7.933e-8,7.933e-8,,
400.98,1.896e-8,1.896e-8,,
401.03,4.391e-9,4.391e-9,,
401.08,9.853e-10,9.853e-10,,
403.33,2.701e-9,2.701e-9,,
403.38,1.157e-8,1.157e-8,,
403.43,4.807e-8,4.807e-8,,
403.48,1.938e-7,1.938e-7,,
403.53,7.577e-7,7.577e-7,,
403.58,2.874e-6,2.874e-6,,
403.63,1.058e-5,1.058e-5,,
403.68,3.776e-5,3.776e-5,,
403.73,1.308e-4,1.308e-4,,
403.78,4.393e-4,4.393e-4,,
403.83,1.432e-3,1.432e-3,,
403.88,4.526e-3,4.526e-3,,
403.93,1.388e-2,1.388e-2,,
403.98,4.130e-2,4.130e-2,,
404.03,1.192e-1,1.192e-1,,
404.08,3.337e-1,3.337e-1,,
404.13,9.064e-1,9.064e-1,,
404.18,2.388e+0,2.388e+0,,
404.23,6.104e+0,6.104e+0,,
404.28,1.514e+1,1.514e+1,,
404.33,3.641e+1,3.641e+1,,
404.38,8.496e+1,8.496e+1,,
404.43,1.923e+2,1.923e+2,,
404.48,4.223e+2,4.223e+2,,
404.53,8.996e+2,8.996e+2,,
404.58,1.859e+3,1.859e+3,,
404.63,3.727e+3,3.727e+3,,
404.68,7.247e+3,7.247e+3,,
404.73,1.367e+4,1.367e+4,,
404.78,2.502e+4,2.502e+4,,
404.83,4.442e+4,4.442e+4,,
404.88,7.651e+4,7.651e+4,,
404.93,1.278e+5,1.278e+5,,
404.98,2.072e+5,2.072e+5,,
405.03,3.257e+5,3.257e+5,,
405.08,4.968e+5,4.968e+5,,
405.13,7.351e+5,7.351e+5,,
405.18,1.055e+6,1.055e+6,,
405.23,1.469e+6,1.469e+6,,
405.28,1.984e+6,1.984e+6,,
405.33,2.600e+6,2.600e+6,,
405.38,3.305e+6,3.305e+6,,
405.43,4.076e+6,4.076e+6,,
405.48,4.876e+6,4.876e+6,,
405.53,5.658e+6,5.658e+6,,
405.58,6.370e+6,6.370e+6,,
405.63,6.956e+6,6.956e+6,,
405.68,7.369e+6,7.369e+6,,
405.73,7.574e+6,7.574e+6,,
405.78,7.551e+6,7.551e+6,,
405.83,7.303e+6,7.303e+6,,
405.88,6.851e+6,6.851e+6,,
405.93,6.236e+6,6.236e+6,,
405.98,5.506e+6,5.506e+6,,
406.03,4.716e+6,4.716e+6,,
406.08,3.918e+6,3.918e+6,,
406.13,3.158e+6,3.158e+6,,
406.18,2.469e+6,2.469e+6,,
406.23,1.873e+6,1.873e+6,,
406.28,1.378e+6,1.378e+6,,
406.33,9.839e+5,9.839e+5,,
406.38,6.813e+5,6.813e+5,,
406.43,4.577e+5,4.577e+5,,
406.48,2.983e+5,2.983e+5,,
406.53,1.886e+5,1.886e+5,,
406.58,1.156e+5,1.156e+5,,
406.63,6.879e+4,6.879e+4,,
406.68,3.970e+4,3.970e+4,,
406.73,2.223e+4,2.223e+4,,
406.78,1.207e+4,1.207e+4,,
406.83,6.360e+3,6.360e+3,,
406.88,3.251e+3,3.251e+3,,
406.93,1.612e+3,1.612e+3,,
406.98,7.752e+2,7.752e+2,,
407.03,3.617e+2,3.617e+2,,
407.08,1.637e+2,1.637e+2,,
407.13,7.189e+1,7.189e+1,,
407.18,3.062e+1,3.062e+1,,
407.23,1.265e+1,1.265e+1,,
407.28,5.072e+0,5.072e+0,,
407.33,1.972e+0,1.972e+0,,
407.38,7.440e-1,7.440e-1,,
407.43,2.723e-1,2.723e-1,,
407.48,9.666e-2,9.666e-2,,
407.53,3.329e-2,3.329e-2,,
407.58,1.112e-2,1.112e-2,,
407.63,3.604e-3,3.604e-3,,
407.68,1.133e-3,1.133e-3,,
407.73,3.456e-4,3.456e-4,,
407.78,1.022e-4,1.022e-4,,
407.83,2.935e-5,2.935e-5,,
407.88,8.171e-6,8.171e-6,,
407.93,2.207e-6,2.207e-6,,
407.98,5.782e-7,5.782e-7,,
408.03,1.470e-7,1.470e-7,,
408.08,3.624e-8,3.624e-8,,
408.13,8.669e-9,8.669e-9,,
408.18,2.012e-9,2.012e-9,,
414.23,2.428e-9,2.428e-9,,
414.28,1.010e-8,1.010e-8,,
414.33,4.080e-8,4.080e-8,,
414.38,1.602e-7,1.602e-7,,
414.43,6.110e-7,6.110e-7,,
414.48,2.265e-6,2.265e-6,,
414.53,8.155e-6,8.155e-6,,
414.58,2.853e-5,2.853e-5,,
414.63,9.700e-5,9.700e-5,,
414.68,3.204e-4,3.204e-4,,
414.73,1.028e-3,1.028e-3,,
414.78,3.206e-3,3.206e-3,,
414.83,9.714e-3,9.714e-3,,
414.88,2.860e-2,2.860e-2,,
414.93,8.179e-2,8.179e-2,,
414.98,2.273e-1,2.273e-1,,
415.03,6.138e-1,6.138e-1,,
415.08,1.610e+0,1.610e+0,,
415.13,4.105e+0,4.105e+0,,
415.18,1.017e+1,1.017e+1,,
415.23,2.446e+1,2.446e+1,,
415.28,5.720e+1,5.720e+1,,
415.33,1.299e+2,1.299e+2,,
415.38,2.868e+2,2.868e+2,,
415.43,6.151e+2,6.151e+2,,
415.48,1.282e+3,1.282e+3,,
415.53,2.595e+3,2.595e+3,,
415.58,5.105e+3,5.105e+3,,
415.63,9.758e+3,9.758e+3,,
415.68,1.812e+4,1.812e+4,,
415.73,3.270e+4,3.270e+4,,
415.78,5.733e+4,5.733e+4,,
415.83,9.765e+4,9.765e+4,,
415.88,1.616e+5,1.616e+5,,
415.93,2.599e+5,2.599e+5,,
415.98,4.061e+5,4.061e+5,,
416.03,6.165e+5,6.165e+5,,
416.08,9.094e+5,9.094e+5,,
416.13,1.303e+6,1.303e+6,,
416.18,1.815e+6,1.815e+6,,
416.23,2.455e+6,2.455e+6,,
416.28,3.228e+6,3.228e+6,,
416.33,4.123e+6,4.123e+6,,
416.38,5.117e+6,5.117e+6,,
416.43,6.170e+6,6.170e+6,,
416.48,7.228e+6,7.228e+6,,
416.53,8.228e+6,8.228e+6,,
416.58,9.101e+6,9.101e+6,,
416.63,9.780e+6,9.780e+6,,
416.68,1.021e+7,1.021e+7,,
416.73,1.036e+7,1.036e+7,,
416.78,1.021e+7,1.021e+7,,
416.84,9.662e+6,9.662e+6,,
416.89,8.940e+6,8.940e+6,,
416.94,8.036e+6,8.036e+6,,
416.99,7.019e+6,7.019e+6,,
417.04,5.957e+6,5.957e+6,,
417.09,4.912e+6,4.912e+6,,
417.14,3.935e+6,3.935e+6,,
417.19,3.063e+6,3.063e+6,,
417.24,2.317e+6,2.317e+6,,
417.29,1.702e+6,1.702e+6,,
417.34,1.216e+6,1.216e+6,,
417.39,8.433e+5,8.433e+5,,
417.44,5.684e+5,5.684e+5,,
417.49,3.723e+5,3.723e+5,,
417.54,2.369e+5,2.369e+5,,
417.59,1.465e+5,1.465e+5,,
417.64,8.799e+4,8.799e+4,,
417.69,5.136e+4,5.136e+4,,
417.74,2.912e+4,2.912e+4,,
417.79,1.605e+4,1.605e+4,,
417.84,8.592e+3,8.592e+3,,
417.89,4.469e+3,4.469e+3,,
417.94,2.259e+3,2.259e+3,,
417.99,1.109e+3,1.109e+3,,
418.04,5.293e+2,5.293e+2,,
418.09,2.454e+2,2.454e+2,,
418.14,1.105e+2,1.105e+2,,
418.19,4.837e+1,4.837e+1,,
418.24,2.057e+1,2.057e+1,,
418.29,8.499e+0,8.499e+0,,
418.34,3.412e+0,3.412e+0,,
418.39,1.331e+0,1.331e+0,,
418.44,5.043e-1,5.043e-1,,
418.49,1.857e-1,1.857e-1,,
418.54,6.644e-2,6.644e-2,,
418.59,2.310e-2,2.310e-2,,
418.64,7.801e-3,7.801e-3,,
418.69,2.560e-3,2.560e-3,,
418.74,8.162e-4,8.162e-4,,
418.79,2.529e-4,2.529e-4,,
418.84,7.612e-5,7.612e-5,,
418.89,2.226e-5,2.226e-5,,
418.94,6.326e-6,6.326e-6,,
418.99,1.747e-6,1.747e-6,,
419.04,4.686e-7,4.686e-7,,
419.09,1.221e-7,1.221e-7,,
419.14,3.093e-8,3.093e-8,,
419.19,7.611e-9,7.611e-9,,
419.24,1.820e-9,1.820e-9,,
432.59,4.399e-9,4.399e-9,,
432.64,1.713e-8,1.713e-8,,
432.69,6.499e-8,6.499e-8,,
432.74,2.401e-7,2.401e-7,,
432.79,8.639e-7,8.639e-7,,
432.84,3.027e-6,3.027e-6,,
432.89,1.033e-5,1.033e-5,,
432.94,3.435e-5,3.435e-5,,
432.99,1.112e-4,1.112e-4,,
433.04,3.506e-4,3.506e-4,,
433.09,1.077e-3,1.077e-3,,
433.14,3.221e-3,3.221e-3,,
433.19,9.383e-3,9.383e-3,,
433.24,2.662e-2,2.662e-2,,
433.29,7.356e-2,7.356e-2,,
433.34,1.980e-1,1.980e-1,,
433.39,5.189e-1,5.189e-1,,
433.44,1.325e+0,1.325e+0,,
433.49,3.294e+0,3.294e+0,,
433.54,7.976e+0,7.976e+0,,
433.59,1.881e+1,1.881e+1,,
433.64,4.321e+1,4.321e+1,,
433.69,9.667e+1,9.667e+1,,
433.74,2.106e+2,2.106e+2,,
433.79,4.470e+2,4.470e+2,,
433.84,9.238e+2,9.238e+2,,
433.89,1.860e+3,1.860e+3,,
433.94,3.646e+3,3.646e+3,,
433.99,6.961e+3,6.961e+3,,
434.04,1.295e+4,1.295e+4,,
434.09,2.345e+4,2.345e+4,,
434.14,4.136e+4,4.136e+4,,
434.19,7.107e+4,7.107e+4,,
434.24,1.189e+5,1.189e+5,,
434.29,1.938e+5,1.938e+5,,
434.34,3.076e+5,3.076e+5,,
434.39,4.755e+5,4.755e+5,,
434.44,7.160e+5,7.160e+5,,
434.49,1.050e+6,1.050e+6,,
434.54,1.499e+6,1.499e+6,,
434.59,2.086e+6,2.086e+6,,
434.64,2.826e+6,2.826e+6,,
434.69,3.728e+6,3.728e+6,,
434.74,4.791e+6,4.791e+6,,
434.79,5.996e+6,5.996e+6,,
434.84,7.309e+6,7.309e+6,,
434.89,8.678e+6,8.678e+6,,
434.94,1.003e+7,1.003e+7,,
434.99,1.130e+7,1.130e+7,,
435.04,1.239e+7,1.239e+7,,
435.09,1.324e+7,1.324e+7,,
435.14,1.377e+7,1.377e+7,,
435.19,1.396e+7,1.396e+7,,
435.24,1.377e+7,1.377e+7,,
435.29,1.324e+7,1.324e+7,,
435.34,1.239e+7,1.239e+7,,
435.39,1.130e+7,1.130e+7,,
435.44,1.003e+7,1.003e+7,,
435.49,8.678e+6,8.678e+6,,
435.54,7.309e+6,7.309e+6,,
435.59,5.996e+6,5.996e+6,,
435.64,4.791e+6,4.791e+6,,
435.69,3.728e+6,3.728e+6,,
435.74,2.826e+6,2.826e+6,,
435.79,2.086e+6,2.086e+6,,
435.84,1.499e+6,1.499e+6,8.885e-9,
435.89,1.050e+6,1.050e+6,3.427e-8,
435.94,7.160e+5,7.160e+5,1.288e-7,
435.99,4.755e+5,4.755e+5,4.714e-7,
436.04,3.076e+5,3.076e+5,1.682e-6,
436.09,1.938e+5,1.938e+5,5.845e-6,
436.14,1.189e+5,1.189e+5,1.979e-5,
436.19,7.107e+4,7.107e+4,6.530e-5,
436.24,4.136e+4,4.136e+4,2.099e-4,
436.29,2.345e+4,2.345e+4,6.576e-4,
436.34,1.295e+4,1.295e+4,2.007e-3,
436.39,6.961e+3,6.961e+3,5.967e-3,
436.44,3.646e+3,3.646e+3,1.729e-2,
436.49,1.860e+3,1.860e+3,4.880e-2,
436.54,9.239e+2,9.238e+2,1.342e-1,
436.59,4.473e+2,4.470e+2,3.596e-1,
436.64,2.116e+2,2.106e+2,9.389e-1,
436.69,9.905e+1,9.667e+1,2.388e+0,
436.74,4.913e+1,4.321e+1,5.920e+0,
436.79,3.311e+1,1.881e+1,1.430e+1,
436.84,4.161e+1,7.976e+0,3.364e+1,
436.89,8.041e+1,3.294e+0,7.712e+1,
436.94,1.736e+2,1.325e+0,1.723e+2,
436.99,3.754e+2,5.189e-1,3.749e+2,
437.04,7.951e+2,1.980e-1,7.949e+2,
437.09,1.642e+3,7.356e-2,1.642e+3,
437.14,3.306e+3,2.662e-2,3.306e+3,
437.19,6.484e+3,9.383e-3,6.484e+3,
437.24,1.239e+4,3.221e-3,1.239e+4,
437.29,2.307e+4,1.077e-3,2.307e+4,
437.34,4.186e+4,3.506e-4,4.186e+4,
437.39,7.399e+4,1.112e-4,7.399e+4,
437.44,1.274e+5,3.435e-5,1.274e+5,
437.49,2.139e+5,1.033e-5,2.139e+5,
437.54,3.497e+5,3.027e-6,3.497e+5,
437.59,5.573e+5,8.639e-7,5.573e+5,
437.64,8.652e+5,2.401e-7,8.652e+5,
437.69,1.309e+6,6.499e-8,1.309e+6,
437.74,1.930e+6,1.713e-8,1.930e+6,
437.79,2.774e+6,4.399e-9,2.774e+6,
437.84,3.886e+6,,3.886e+6,
437.89,5.307e+6,,5.307e+6,
437.94,7.067e+6,,7.067e+6,
437.99,9.178e+6,,9.178e+6,
438.04,1.163e+7,,1.163e+7,
438.09,1.439e+7,,1.439e+7,
438.14,1.738e+7,,1.738e+7,
438.19,2.053e+7,,2.053e+7,
438.24,2.374e+7,,2.374e+7,
438.29,2.690e+7,,2.690e+7,
438.34,2.993e+7,,2.993e+7,
438.39,3.278e+7,,3.278e+7,
438.44,3.541e+7,,3.541e+7,
438.49,3.784e+7,,3.784e+7,
438.54,4.012e+7,,4.012e+7,
438.59,4.232e+7,,4.232e+7,
438.64,4.450e+7,,4.450e+7,
438.69,4.670e+7,,4.670e+7,
438.74,4.892e+7,,4.892e+7,
438.79,5.109e+7,,5.109e+7,
438.84,5.308e+7,,5.308e+7,
438.89,5.474e+7,,5.474e+7,
438.94,5.587e+7,,5.587e+7,
438.99,5.627e+7,,5.627e+7,
439.04,5.578e+7,,5.578e+7,
439.09,5.431e+7,,5.431e+7,
439.14,5.184e+7,,5.184e+7,
439.19,4.844e+7,,4.844e+7,
439.24,4.425e+7,,4.425e+7,
439.29,3.950e+7,,3.950e+7,
439.34,3.442e+7,,3.442e+7,
439.39,2.927e+7,,2.927e+7,
439.44,2.427e+7,,2.427e+7,
439.49,1.963e+7,,1.963e+7,
439.54,1.548e+7,,1.548e+7,
439.59,1.190e+7,,1.190e+7,
439.64,8.914e+6,,8.914e+6,
439.69,6.509e+6,,6.509e+6,
439.74,4.632e+6,,4.632e+6,
439.79,3.212e+6,,3.212e+6,
439.84,2.171e+6,,2.171e+6,
439.89,1.429e+6,,1.429e+6,
439.94,9.172e+5,,9.172e+5,
439.99,5.735e+5,,5.735e+5,
440.04,3.494e+5,,3.494e+5,
440.09,2.075e+5,,2.075e+5,
440.14,1.200e+5,,1.200e+5,
440.19,6.765e+4,,6.765e+4,
440.24,3.716e+4,,3.716e+4,
440.29,1.989e+4,,1.989e+4,
440.34,1.037e+4,,1.037e+4,
440.39,5.270e+3,,5.270e+3,
440.44,2.609e+3,,2.609e+3,
440.49,1.259e+3,,1.259e+3,
440.54,5.918e+2,,5.918e+2,
440.59,2.711e+2,,2.711e+2,
440.64,1.210e+2,,1.210e+2,
440.69,5.263e+1,,5.263e+1,
440.74,2.230e+1,,2.230e+1,
440.79,9.210e+0,,9.210e+0,
440.84,3.706e+0,,3.706e+0,
440.89,1.453e+0,,1.453e+0,
440.94,5.550e-1,,5.550e-1,
440.99,2.066e-1,,2.066e-1,
441.04,7.495e-2,,7.495e-2,
441.09,2.652e-2,,2.652e-2,
441.14,9.228e-3,,9.228e-3,
441.19,3.396e-3,,3.396e-3,
441.24,2.022e-3,,2.022e-3,
441.29,3.345e-3,,3.345e-3,
441.34,8.840e-3,,8.840e-3,
441.39,2.465e-2,,2.465e-2,
441.44,6.760e-2,,6.760e-2,
441.49,1.809e-1,,1.809e-1,
441.54,4.721e-1,,4.721e-1,
441.59,1.201e+0,,1.201e+0,
441.64,2.980e+0,,2.980e+0,
441.69,7.207e+0,,7.207e+0,
441.74,1.699e+1,,1.699e+1,
441.79,3.907e+1,,3.907e+1,
441.84,8.757e+1,,8.757e+1,
441.89,1.914e+2,,1.914e+2,
441.94,4.079e+2,,4.079e+2,
441.99,8.474e+2,,8.474e+2,
442.04,1.717e+3,,1.717e+3,
442.09,3.392e+3,,3.392e+3,
442.14,6.534e+3,,6.534e+3,
442.19,1.227e+4,,1.227e+4,
442.24,2.249e+4,,2.249e+4,
442.29,4.017e+4,,4.017e+4,
442.34,7.000e+4,,7.000e+4,
442.39,1.190e+5,,1.190e+5,
442.44,1.972e+5,,1.972e+5,
442.49,3.189e+5,,3.189e+5,
442.54,5.029e+5,,5.029e+5,
442.59,7.740e+5,,7.740e+5,
442.64,1.162e+6,,1.162e+6,
442.69,1.703e+6,,1.703e+6,
442.74,2.434e+6,,2.434e+6,
442.79,3.397e+6,,3.397e+6,
442.84,4.627e+6,,4.627e+6,
442.89,6.154e+6,,6.154e+6,
442.94,7.991e+6,,7.991e+6,
442.99,1.013e+7,,1.013e+7,
443.04,1.255e+7,,1.255e+7,
443.09,1.519e+7,,1.519e+7,
443.14,1.796e+7,,1.796e+7,
443.19,2.076e+7,,2.076e+7,
443.24,2.345e+7,,2.345e+7,
443.29,2.591e+7,,2.591e+7,
443.34,2.798e+7,,2.798e+7,
443.39,2.957e+7,,2.957e+7,
443.44,3.057e+7,,3.057e+7,
443.49,3.092e+7,,3.092e+7,
443.54,3.061e+7,,3.061e+7,
443.59,2.966e+7,,2.966e+7,
443.64,2.813e+7,,2.813e+7,
443.69,2.612e+7,,2.612e+7,
443.74,2.374e+7,,2.374e+7,
443.79,2.112e+7,,2.112e+7,
443.84,1.840e+7,,1.840e+7,
443.89,1.569e+7,,1.569e+7,
443.94,1.310e+7,,1.310e+7,
443.99,1.070e+7,,1.070e+7,
444.04,8.551e+6,,8.551e+6,
444.09,6.687e+6,,6.687e+6,
444.14,5.115e+6,,5.115e+6,
444.19,3.826e+6,,3.826e+6,
444.24,2.799e+6,,2.799e+6,
444.29,2.001e+6,,2.001e+6,
444.34,1.399e+6,,1.399e+6,
444.39,9.553e+5,,9.553e+5,
444.44,6.374e+5,,6.374e+5,
444.49,4.154e+5,,4.154e+5,
444.54,2.644e+5,,2.644e+5,
444.59,1.643e+5,,1.643e+5,
444.64,9.973e+4,,9.973e+4,
444.69,5.908e+4,,5.908e+4,
444.74,3.416e+4,,3.416e+4,
444.79,1.927e+4,,1.927e+4,
444.84,1.061e+4,,1.061e+4,
444.89,5.701e+3,,5.701e+3,
444.94,2.988e+3,,2.988e+3,
444.99,1.528e+3,,1.528e+3,
445.04,7.622e+2,,7.622e+2,
445.09,3.709e+2,,3.709e+2,
445.14,1.760e+2,,1.760e+2,
445.19,8.146e+1,,8.146e+1,
445.24,3.677e+1,,3.677e+1,
445.29,1.619e+1,,1.619e+1,
445.34,6.949e+0,,6.949e+0,
445.39,2.909e+0,,2.909e+0,
445.44,1.187e+0,,1.187e+0,
445.49,4.727e-1,,4.727e-1,
445.54,1.835e-1,,1.835e-1,
445.59,6.949e-2,,6.949e-2,
445.64,2.583e-2,,2.583e-2,
445.69,9.916e-3,,9.916e-3,
445.74,5.539e-3,,5.539e-3,
445.79,8.540e-3,,8.540e-3,
445.84,2.375e-2,,2.375e-2,
445.89,7.187e-2,,7.187e-2,
445.94,2.148e-1,,2.148e-1,
445.99,6.269e-1,,6.269e-1,
446.04,1.785e+0,,1.785e+0,
446.09,4.958e+0,,4.958e+0,
446.14,1.343e+1,,1.343e+1,
446.19,3.550e+1,,3.550e+1,
446.24,9.151e+1,,9.151e+1,
446.29,2.301e+2,,2.301e+2,
446.34,5.644e+2,,5.644e+2,
446.39,1.350e+3,,1.350e+3,
446.44,3.151e+3,,3.151e+3,
446.49,7.173e+3,,7.173e+3,
446.54,1.593e+4,,1.593e+4,
446.59,3.449e+4,,3.449e+4,
446.64,7.287e+4,,7.287e+4,
446.69,1.502e+5,,1.502e+5,
446.74,3.018e+5,,3.018e+5,
446.79,5.918e+5,,5.918e+5,
446.84,1.132e+6,,1.132e+6,
446.89,2.112e+6,,2.112e+6,
446.94,3.842e+6,,3.842e+6,
446.99,6.820e+6,,6.820e+6,
447.04,1.181e+7,,1.181e+7,
447.09,1.994e+7,,1.994e+7,
447.14,3.285e+7,,3.285e+7,
447.19,5.278e+7,,5.278e+7,
447.24,8.273e+7,,8.273e+7,
447.29,1.265e+8,,1.265e+8,
447.34,1.886e+8,,1.886e+8,
447.39,2.744e+8,,2.744e+8,
447.44,3.893e+8,,3.893e+8,
447.49,5.389e+8,,5.389e+8,
447.54,7.275e+8,,7.275e+8,
447.59,9.580e+8,,9.580e+8,
447.64,1.231e+9,,1.231e+9,
447.7,1.608e+9,,1.608e+9,
447.75,1.956e+9,,1.956e+9,
447.8,2.320e+9,,2.320e+9,
447.85,2.684e+9,,2.684e+9,
447.9,3.030e+9,,3.030e+9,
447.95,3.336e+9,,3.336e+9,
448,3.582e+9,,3.582e+9,
448.05,3.752e+9,,3.752e+9,
448.1,3.834e+9,,3.834e+9,
448.15,3.821e+9,,3.821e+9,
448.2,3.715e+9,,3.715e+9,
448.25,3.523e+9,,3.523e+9,
448.3,3.258e+9,,3.258e+9,
448.35,2.940e+9,,2.940e+9,
448.4,2.587e+9,,2.587e+9,
448.45,2.221e+9,,2.221e+9,
448.5,1.860e+9,,1.860e+9,
448.55,1.519e+9,,1.519e+9,
448.6,1.210e+9,,1.210e+9,
448.65,9.407e+8,,9.407e+8,
448.7,7.131e+8,,7.131e+8,
448.75,5.273e+8,,5.273e+8,
448.8,3.804e+8,,3.804e+8,
448.85,2.676e+8,,2.676e+8,
448.9,1.837e+8,,1.837e+8,
448.95,1.229e+8,,1.229e+8,
449,8.028e+7,,8.028e+7,
449.05,5.113e+7,,5.113e+7,
449.1,3.177e+7,,3.177e+7,
449.15,1.925e+7,,1.925e+7,
449.2,1.138e+7,,1.138e+7,
449.25,6.562e+6,,6.562e+6,
449.3,3.690e+6,,3.690e+6,
449.35,2.025e+6,,2.025e+6,
449.4,1.083e+6,,1.083e+6,
449.45,5.656e+5,,5.656e+5,
449.5,2.880e+5,,2.880e+5,
449.55,1.430e+5,,1.430e+5,
449.6,6.929e+4,,6.929e+4,
449.65,3.274e+4,,3.274e+4,
449.7,1.509e+4,,1.509e+4,
449.75,6.786e+3,,6.786e+3,
449.8,2.976e+3,,2.976e+3,
449.85,1.273e+3,,1.273e+3,
449.9,5.313e+2,,5.313e+2,
449.95,2.163e+2,,2.163e+2,
450,8.587e+1,,8.587e+1,
450.05,3.326e+1,,3.326e+1,
450.1,1.256e+1,,1.256e+1,
450.15,4.630e+0,,4.630e+0,
450.2,1.664e+0,,1.664e+0,
450.25,5.834e-1,,5.834e-1,
450.3,1.995e-1,,1.995e-1,
450.35,6.656e-2,,6.656e-2,
450.4,2.166e-2,,2.166e-2,
450.45,6.875e-3,,6.875e-3,
450.5,2.128e-3,,2.128e-3,
450.55,6.428e-4,,6.428e-4,
450.6,1.894e-4,,1.894e-4,
450.65,5.441e-5,,5.441e-5,
450.7,1.525e-5,,1.525e-5,
450.75,4.169e-6,,4.169e-6,
450.8,1.112e-6,,1.112e-6,
450.85,1.536e-7,,1.536e-7,
467.45,1.885e-9,1.885e-9,,
467.5,6.761e-9,6.761e-9,,
467.55,2.371e-8,2.371e-8,,
467.6,8.128e-8,8.128e-8,,
467.65,2.724e-7,2.724e-7,,
467.7,8.925e-7,8.925e-7,,
467.75,2.859e-6,2.859e-6,,
467.8,8.954e-6,8.954e-6,,
467.85,2.742e-5,2.742e-5,,
467.9,8.206e-5,8.206e-5,,
467.95,2.402e-4,2.402e-4,,
468,6.871e-4,6.871e-4,,
468.05,1.922e-3,1.922e-3,,
468.1,5.255e-3,5.255e-3,,
468.15,1.405e-2,1.405e-2,,
468.2,3.672e-2,3.672e-2,,
468.25,9.383e-2,9.383e-2,,
468.3,2.344e-1,2.344e-1,,
468.35,5.725e-1,5.725e-1,,
468.4,1.367e+0,1.367e+0,,
468.45,3.191e+0,3.191e+0,,
468.5,7.282e+0,7.282e+0,,
468.55,1.625e+1,1.625e+1,,
468.6,3.544e+1,3.544e+1,,
468.65,7.557e+1,7.557e+1,,
468.7,1.576e+2,1.576e+2,,
468.75,3.211e+2,3.211e+2,,
468.8,6.399e+2,6.399e+2,,
468.85,1.247e+3,1.247e+3,,
468.9,2.374e+3,2.374e+3,,
468.95,4.421e+3,4.421e+3,,
469,8.048e+3,8.048e+3,,
469.05,1.432e+4,1.432e+4,,
469.1,2.492e+4,2.492e+4,,
469.15,4.239e+4,4.239e+4,,
469.2,7.050e+4,7.050e+4,,
469.25,1.146e+5,1.146e+5,,
469.3,1.822e+5,1.822e+5,,
469.35,2.831e+5,2.831e+5,,
469.4,4.301e+5,4.301e+5,,
469.45,6.388e+5,6.388e+5,,
469.5,9.277e+5,9.277e+5,,
469.55,1.317e+6,1.317e+6,,
469.6,1.828e+6,1.828e+6,,
469.65,2.480e+6,2.480e+6,,
469.7,3.290e+6,3.290e+6,,
469.75,4.267e+6,4.267e+6,,
469.8,5.410e+6,5.410e+6,,
469.85,6.705e+6,6.705e+6,,
469.9,8.126e+6,8.126e+6,,
469.95,9.627e+6,9.627e+6,,
470,1.115e+7,1.115e+7,,
470.05,1.263e+7,1.263e+7,,
470.1,1.398e+7,1.398e+7,,
470.15,1.513e+7,1.513e+7,,
470.2,1.601e+7,1.601e+7,,
470.25,1.656e+7,1.656e+7,,
470.3,1.675e+7,1.675e+7,,
470.35,1.656e+7,1.656e+7,,
470.4,1.601e+7,1.601e+7,,
470.45,1.513e+7,1.513e+7,,
470.5,1.398e+7,1.398e+7,,
470.55,1.263e+7,1.263e+7,,
470.6,1.115e+7,1.115e+7,,
470.65,9.627e+6,9.627e+6,,
470.7,8.126e+6,8.126e+6,,
470.75,6.705e+6,6.705e+6,,
470.8,5.410e+6,5.410e+6,,
470.85,4.267e+6,4.267e+6,,
470.9,3.290e+6,3.290e+6,,
470.95,2.480e+6,2.480e+6,,
471,1.828e+6,1.828e+6,,
471.05,1.317e+6,1.317e+6,,
471.1,9.277e+5,9.277e+5,2.265e-9,
471.15,6.388e+5,6.388e+5,8.015e-9,
471.2,4.301e+5,4.301e+5,2.773e-8,
471.25,2.831e+5,2.831e+5,9.385e-8,
471.3,1.822e+5,1.822e+5,3.106e-7,
471.35,1.146e+5,1.146e+5,1.005e-6,
471.4,7.050e+4,7.050e+4,3.182e-6,
471.45,4.239e+4,4.239e+4,9.853e-6,
471.5,2.492e+4,2.492e+4,2.983e-5,
471.55,1.432e+4,1.432e+4,8.833e-5,
471.6,8.048e+3,8.048e+3,2.558e-4,
471.65,4.421e+3,4.421e+3,7.245e-4,
471.7,2.374e+3,2.374e+3,2.007e-3,
471.75,1.247e+3,1.247e+3,5.436e-3,
471.8,6.399e+2,6.399e+2,1.440e-2,
471.85,3.212e+2,3.211e+2,3.731e-2,
471.9,1.576e+2,1.576e+2,9.455e-2,
471.95,7.580e+1,7.557e+1,2.343e-1,
472,3.601e+1,3.544e+1,5.679e-1,
472.05,1.759e+1,1.625e+1,1.346e+0,
472.1,1.040e+1,7.282e+0,3.120e+0,
472.15,1.027e+1,3.191e+0,7.074e+0,
472.2,1.705e+1,1.367e+0,1.569e+1,
472.25,3.459e+1,5.725e-1,3.401e+1,
472.3,7.237e+1,2.344e-1,7.213e+1,
472.35,1.497e+2,9.383e-2,1.496e+2,
472.4,3.035e+2,3.672e-2,3.035e+2,
472.45,6.020e+2,1.405e-2,6.020e+2,
472.5,1.168e+3,5.255e-3,1.168e+3,
472.55,2.216e+3,1.922e-3,2.216e+3,
472.6,4.112e+3,6.871e-4,4.112e+3,
472.65,7.463e+3,2.402e-4,7.463e+3,
472.7,1.325e+4,8.206e-5,1.325e+4,
472.75,2.299e+4,2.742e-5,2.299e+4,
472.8,3.903e+4,8.954e-6,3.903e+4,
472.85,6.481e+4,2.859e-6,6.481e+4,
472.9,1.052e+5,8.925e-7,1.052e+5,
472.95,1.671e+5,2.724e-7,1.671e+5,
473,2.595e+5,8.128e-8,2.595e+5,
473.05,3.942e+5,2.371e-8,3.942e+5,
473.1,5.855e+5,6.761e-9,5.855e+5,
473.15,8.506e+5,1.885e-9,8.506e+5,
473.2,1.208e+6,,1.208e+6,
473.25,1.679e+6,,1.679e+6,
473.3,2.282e+6,,2.282e+6,
473.35,3.033e+6,,3.033e+6,
473.4,3.942e+6,,3.942e+6,
473.45,5.011e+6,,5.011e+6,
473.5,6.229e+6,,6.229e+6,
473.55,7.574e+6,,7.574e+6,
473.6,9.006e+6,,9.006e+6,
473.65,1.047e+7,,1.047e+7,
473.7,1.191e+7,,1.191e+7,
473.75,1.325e+7,,1.325e+7,
473.8,1.441e+7,,1.441e+7,
473.85,1.533e+7,,1.533e+7,
473.9,1.595e+7,,1.595e+7,
473.95,1.623e+7,,1.623e+7,
474,1.615e+7,,1.615e+7,
474.05,1.572e+7,,1.572e+7,
474.1,1.497e+7,,1.497e+7,
474.15,1.393e+7,,1.393e+7,
474.2,1.268e+7,,1.268e+7,
474.25,1.129e+7,,1.129e+7,
474.3,9.834e+6,,9.834e+6,
474.35,8.375e+6,,8.375e+6,
474.4,6.975e+6,,6.975e+6,
474.45,5.682e+6,,5.682e+6,
474.5,4.526e+6,,4.526e+6,
474.55,3.526e+6,,3.526e+6,
474.6,2.687e+6,,2.687e+6,
474.65,2.002e+6,,2.002e+6,
474.7,1.459e+6,,1.459e+6,
474.75,1.040e+6,,1.040e+6,
474.8,7.249e+5,,7.249e+5,
474.85,4.942e+5,,4.942e+5,
474.9,3.295e+5,,3.295e+5,
474.95,2.148e+5,,2.148e+5,
475,1.370e+5,,1.370e+5,
475.05,8.544e+4,,8.544e+4,
475.1,5.212e+4,,5.212e+4,
475.15,3.109e+4,,3.109e+4,
475.2,1.814e+4,,1.814e+4,
475.25,1.035e+4,,1.035e+4,
475.3,5.774e+3,,5.774e+3,
475.35,3.151e+3,,3.151e+3,
475.4,1.682e+3,,1.682e+3,
475.45,8.777e+2,,8.777e+2,
475.5,4.480e+2,,4.480e+2,
475.55,2.237e+2,,2.237e+2,
475.6,1.092e+2,,1.092e+2,
475.65,5.215e+1,,5.215e+1,
475.7,2.435e+1,,2.435e+1,
475.75,1.112e+1,,1.112e+1,
475.8,4.968e+0,,4.968e+0,
475.85,2.170e+0,,2.170e+0,
475.9,9.272e-1,,9.272e-1,
475.95,3.874e-1,,3.874e-1,
476,1.583e-1,,1.583e-1,
476.05,6.326e-2,,6.326e-2,
476.1,2.473e-2,,2.473e-2,
476.15,9.451e-3,,9.451e-3,
476.2,3.533e-3,,3.533e-3,
476.25,1.292e-3,,1.292e-3,
476.3,4.618e-4,,4.618e-4,
476.35,1.615e-4,,1.615e-4,
476.4,5.523e-5,,5.523e-5,
476.45,1.847e-5,,1.847e-5,
476.5,6.043e-6,,6.043e-6,
476.55,1.933e-6,,1.933e-6,
476.6,6.048e-7,,6.048e-7,
476.65,1.851e-7,,1.851e-7,
476.7,5.538e-8,,5.538e-8,
476.75,1.621e-8,,1.621e-8,
476.8,4.639e-9,,4.639e-9,
513.62,3.367e-9,3.367e-9,,
513.67,1.069e-8,1.069e-8,,
513.72,3.332e-8,3.332e-8,,
513.77,1.019e-7,1.019e-7,,
513.82,3.059e-7,3.059e-7,,
513.87,9.012e-7,9.012e-7,,
513.92,2.606e-6,2.606e-6,,
513.97,7.395e-6,7.395e-6,,
514.02,2.060e-5,2.060e-5,,
514.07,5.630e-5,5.630e-5,,
514.12,1.510e-4,1.510e-4,,
514.17,3.977e-4,3.977e-4,,
514.22,1.028e-3,1.028e-3,,
514.27,2.606e-3,2.606e-3,,
514.32,6.488e-3,6.488e-3,,
514.37,1.585e-2,1.585e-2,,
514.42,3.800e-2,3.800e-2,,
514.47,8.943e-2,8.943e-2,,
514.52,2.065e-1,2.065e-1,,
514.57,4.682e-1,4.682e-1,,
514.62,1.042e+0,1.042e+0,,
514.67,2.274e+0,2.274e+0,,
514.72,4.874e+0,4.874e+0,,
514.77,1.025e+1,1.025e+1,,
514.82,2.116e+1,2.116e+1,,
514.87,4.287e+1,4.287e+1,,
514.92,8.525e+1,8.525e+1,,
514.97,1.664e+2,1.664e+2,,
515.02,3.187e+2,3.187e+2,,
515.07,5.991e+2,5.991e+2,,
515.12,1.106e+3,1.106e+3,,
515.17,2.002e+3,2.002e+3,,
515.22,3.559e+3,3.559e+3,,
515.27,6.210e+3,6.210e+3,,
515.32,1.064e+4,1.064e+4,,
515.37,1.788e+4,1.788e+4,,
515.42,2.951e+4,2.951e+4,,
515.47,4.780e+4,4.780e+4,,
515.52,7.601e+4,7.601e+4,,
515.57,1.187e+5,1.187e+5,,
515.62,1.819e+5,1.819e+5,,
515.67,2.738e+5,2.738e+5,,
515.72,4.047e+5,4.047e+5,,
515.77,5.874e+5,5.874e+5,,
515.82,8.375e+5,8.375e+5,,
515.87,1.173e+6,1.173e+6,,
515.92,1.615e+6,1.615e+6,,
515.97,2.184e+6,2.184e+6,,
516.02,2.905e+6,2.905e+6,,
516.07,3.800e+6,3.800e+6,,
516.12,4.891e+6,4.891e+6,,
516.17,6.196e+6,6.196e+6,,
516.22,7.730e+6,7.730e+6,,
516.27,9.505e+6,9.505e+6,,
516.32,1.152e+7,1.152e+7,,
516.37,1.379e+7,1.379e+7,,
516.42,1.630e+7,1.630e+7,,
516.47,1.903e+7,1.903e+7,,
516.52,2.199e+7,2.199e+7,,
516.57,2.515e+7,2.515e+7,,
516.62,2.849e+7,2.849e+7,,
516.67,3.198e+7,3.198e+7,,
516.72,3.559e+7,3.559e+7,,
516.77,3.927e+7,3.927e+7,,
516.82,4.297e+7,4.297e+7,,
516.87,4.660e+7,4.660e+7,,
516.92,5.008e+7,5.008e+7,,
516.97,5.329e+7,5.329e+7,,
517.02,5.613e+7,5.613e+7,,
517.07,5.848e+7,5.848e+7,,
517.12,6.023e+7,6.023e+7,,
517.17,6.129e+7,6.129e+7,,
517.22,6.162e+7,6.162e+7,,
517.27,6.119e+7,6.119e+7,,
517.32,6.005e+7,6.005e+7,,
517.37,5.829e+7,5.829e+7,,
517.42,5.606e+7,5.606e+7,,
517.47,5.355e+7,5.355e+7,,
517.52,5.100e+7,5.100e+7,,
517.57,4.866e+7,4.866e+7,,
517.62,4.678e+7,4.678e+7,,
517.67,4.560e+7,4.560e+7,,
517.72,4.531e+7,4.531e+7,,
517.77,4.606e+7,4.606e+7,,
517.82,4.791e+7,4.791e+7,,
517.87,5.085e+7,5.085e+7,,
517.92,5.480e+7,5.480e+7,,
517.97,5.956e+7,5.956e+7,,
518.02,6.488e+7,6.488e+7,,
518.07,7.045e+7,7.045e+7,,
518.12,7.592e+7,7.592e+7,,
518.17,8.092e+7,8.092e+7,,
518.22,8.511e+7,8.511e+7,,
518.27,8.818e+7,8.818e+7,,
518.32,8.990e+7,8.990e+7,,
518.37,9.011e+7,9.011e+7,,
518.42,8.875e+7,8.875e+7,,
518.47,8.586e+7,8.586e+7,,
518.52,8.157e+7,8.157e+7,,
518.57,7.610e+7,7.610e+7,,
518.62,6.969e+7,6.969e+7,,
518.67,6.266e+7,6.266e+7,,
518.72,5.531e+7,5.531e+7,,
518.77,4.792e+7,4.792e+7,,
518.82,4.075e+7,4.075e+7,,
518.87,3.402e+7,3.402e+7,,
518.92,2.788e+7,2.788e+7,,
518.97,2.242e+7,2.242e+7,,
519.02,1.770e+7,1.770e+7,,
519.07,1.372e+7,1.372e+7,,
519.12,1.044e+7,1.044e+7,,
519.17,7.792e+6,7.792e+6,,
519.22,5.711e+6,5.711e+6,,
519.27,4.108e+6,4.108e+6,,
519.32,2.901e+6,2.901e+6,,
519.37,2.011e+6,2.011e+6,,
519.42,1.368e+6,1.368e+6,,
519.47,9.134e+5,9.134e+5,,
519.52,5.987e+5,5.987e+5,,
519.57,3.852e+5,3.852e+5,,
519.62,2.433e+5,2.433e+5,,
519.67,1.508e+5,1.508e+5,,
519.72,9.175e+4,9.175e+4,,
519.77,5.479e+4,5.479e+4,,
519.82,3.212e+4,3.212e+4,,
519.87,1.848e+4,1.848e+4,,
519.92,1.044e+4,1.044e+4,,
519.97,5.788e+3,5.788e+3,,
520.02,3.149e+3,3.149e+3,,
520.07,1.682e+3,1.682e+3,,
520.12,8.820e+2,8.820e+2,,
520.17,4.539e+2,4.539e+2,,
520.22,2.293e+2,2.293e+2,,
520.27,1.137e+2,1.137e+2,,
520.32,5.533e+1,5.533e+1,,
520.37,2.643e+1,2.643e+1,,
520.42,1.239e+1,1.239e+1,,
520.47,5.704e+0,5.704e+0,,
520.52,2.577e+0,2.577e+0,,
520.57,1.143e+0,1.143e+0,,
520.62,4.974e-1,4.974e-1,,
520.67,2.125e-1,2.125e-1,,
520.72,8.912e-2,8.912e-2,,
520.77,3.668e-2,3.668e-2,,
520.82,1.482e-2,1.482e-2,,
520.87,5.879e-3,5.879e-3,,
520.92,2.288e-3,2.288e-3,,
520.97,8.744e-4,8.744e-4,,
521.02,3.280e-4,3.280e-4,,
521.07,1.207e-4,1.207e-4,,
521.12,4.363e-5,4.363e-5,,
521.17,1.548e-5,1.548e-5,,
521.22,5.388e-6,5.388e-6,,
521.27,1.841e-6,1.841e-6,,
521.32,6.177e-7,6.177e-7,,
521.37,2.034e-7,2.034e-7,,
521.42,6.573e-8,6.573e-8,,
521.47,2.085e-8,2.085e-8,,
523.27,6.055e-9,,6.055e-9,
523.32,1.874e-8,,1.874e-8,
523.37,5.698e-8,,5.698e-8,
523.42,1.701e-7,,1.701e-7,
523.47,4.988e-7,,4.988e-7,
523.52,1.437e-6,,1.437e-6,
523.57,4.063e-6,,4.063e-6,
523.62,1.129e-5,,1.129e-5,
523.67,3.080e-5,,3.080e-5,
523.72,8.252e-5,,8.252e-5,
523.77,2.172e-4,,2.172e-4,
523.82,5.613e-4,,5.613e-4,
523.87,1.425e-3,,1.425e-3,
523.92,3.552e-3,,3.552e-3,
523.97,8.697e-3,,8.697e-3,
524.02,2.091e-2,,2.091e-2,
524.07,4.939e-2,,4.939e-2,
524.12,1.146e-1,,1.146e-1,
524.17,2.610e-1,,2.610e-1,
524.22,5.840e-1,,5.840e-1,
524.27,1.283e+0,,1.283e+0,
524.32,2.769e+0,,2.769e+0,
524.37,5.870e+0,,5.870e+0,
524.42,1.222e+1,,1.222e+1,
524.47,2.498e+1,,2.498e+1,
524.52,5.017e+1,,5.017e+1,
524.57,9.894e+1,,9.894e+1,
524.62,1.916e+2,,1.916e+2,
524.67,3.645e+2,,3.645e+2,
524.72,6.810e+2,,6.810e+2,
524.77,1.250e+3,,1.250e+3,
524.82,2.252e+3,,2.252e+3,
524.87,3.986e+3,,3.986e+3,
524.92,6.928e+3,,6.928e+3,
524.97,1.183e+4,,1.183e+4,
525.02,1.983e+4,,1.983e+4,
525.07,3.266e+4,,3.266e+4,
525.12,5.282e+4,,5.282e+4,
525.17,8.390e+4,,8.390e+4,
525.22,1.309e+5,,1.309e+5,
525.27,2.005e+5,,2.005e+5,
525.32,3.018e+5,,3.018e+5,
525.37,4.460e+5,,4.460e+5,
525.42,6.473e+5,,6.473e+5,
525.47,9.228e+5,,9.228e+5,
525.52,1.292e+6,,1.292e+6,
525.57,1.777e+6,,1.777e+6,
525.62,2.399e+6,,2.399e+6,
525.67,3.182e+6,,3.182e+6,
525.72,4.146e+6,,4.146e+6,
525.77,5.304e+6,,5.304e+6,
525.82,6.664e+6,,6.664e+6,
525.87,8.224e+6,,8.224e+6,
525.92,9.968e+6,,9.968e+6,
525.97,1.187e+7,,1.187e+7,
526.02,1.387e+7,,1.387e+7,
526.07,1.593e+7,,1.593e+7,
526.12,1.796e+7,,1.796e+7,
526.17,1.989e+7,,1.989e+7,
526.22,2.164e+7,,2.164e+7,
526.27,2.312e+7,,2.312e+7,
526.32,2.425e+7,,2.425e+7,
526.37,2.499e+7,,2.499e+7,
526.42,2.530e+7,,2.530e+7,
526.47,2.514e+7,,2.514e+7,
526.52,2.454e+7,,2.454e+7,
526.57,2.353e+7,,2.353e+7,
526.62,2.216e+7,,2.216e+7,
526.67,2.049e+7,,2.049e+7,
526.72,1.861e+7,,1.861e+7,
526.77,1.661e+7,,1.661e+7,
526.82,1.455e+7,,1.455e+7,
526.87,1.252e+7,,1.252e+7,
526.92,1.058e+7,,1.058e+7,
526.97,8.781e+6,,8.781e+6,
527.02,7.158e+6,,7.158e+6,
527.07,5.730e+6,,5.730e+6,
527.12,4.506e+6,,4.506e+6,
527.17,3.480e+6,,3.480e+6,
527.22,2.639e+6,,2.639e+6,
527.27,1.966e+6,,1.966e+6,
527.32,1.438e+6,,1.438e+6,
527.37,1.033e+6,,1.033e+6,
527.42,7.292e+5,,7.292e+5,
527.47,5.054e+5,,5.054e+5,
527.52,3.440e+5,,3.440e+5,
527.57,2.300e+5,,2.300e+5,
527.62,1.510e+5,,1.510e+5,
527.67,9.737e+4,,9.737e+4,
527.72,6.167e+4,,6.167e+4,
527.77,3.836e+4,,3.836e+4,
527.82,2.343e+4,,2.343e+4,
527.87,1.406e+4,,1.406e+4,
527.92,8.284e+3,,8.284e+3,
527.97,4.794e+3,,4.794e+3,
528.02,2.725e+3,,2.725e+3,
528.07,1.521e+3,,1.521e+3,
528.12,8.340e+2,,8.340e+2,
528.17,4.491e+2,,4.491e+2,
528.22,2.375e+2,,2.375e+2,
528.27,1.234e+2,,1.234e+2,
528.32,6.292e+1,,6.292e+1,
528.37,3.152e+1,,3.152e+1,
528.42,1.551e+1,,1.551e+1,
528.47,7.496e+0,,7.496e+0,
528.52,3.558e+0,,3.558e+0,
528.57,1.658e+0,,1.658e+0,
528.62,7.592e-1,,7.592e-1,
528.67,3.414e-1,,3.414e-1,
528.72,1.508e-1,,1.508e-1,
528.77,6.538e-2,,6.538e-2,
528.82,2.785e-2,,2.785e-2,
528.87,1.165e-2,,1.165e-2,
528.92,4.787e-3,,4.787e-3,
528.97,1.932e-3,,1.932e-3,
529.02,7.656e-4,,7.656e-4,
529.07,2.980e-4,,2.980e-4,
529.12,1.139e-4,,1.139e-4,
529.17,4.277e-5,,4.277e-5,
529.22,1.577e-5,,1.577e-5,
529.27,5.712e-6,,5.712e-6,
529.32,2.032e-6,,2.032e-6,
529.37,7.097e-7,,7.097e-7,
529.42,2.435e-7,,2.435e-7,
529.47,8.205e-8,,8.205e-8,
529.52,2.715e-8,,2.715e-8,
529.57,8.825e-9,,8.825e-9,
529.62,1.486e-9,,1.486e-9,
549.53,2.814e-9,2.814e-9,,
549.58,8.244e-9,8.244e-9,,
549.63,2.376e-8,2.376e-8,,
549.68,6.736e-8,6.736e-8,,
549.73,1.879e-7,1.879e-7,,
549.78,5.155e-7,5.155e-7,,
549.83,1.392e-6,1.392e-6,,
549.88,3.695e-6,3.695e-6,,
549.93,9.654e-6,9.654e-6,,
549.98,2.481e-5,2.481e-5,,
550.03,6.273e-5,6.273e-5,,
550.08,1.560e-4,1.560e-4,,
550.13,3.818e-4,3.818e-4,,
550.18,9.192e-4,9.192e-4,,
550.23,2.177e-3,2.177e-3,,
550.28,5.072e-3,5.072e-3,,
550.33,1.162e-2,1.162e-2,,
550.38,2.621e-2,2.621e-2,,
550.43,5.814e-2,5.814e-2,,
550.48,1.269e-1,1.269e-1,,
550.53,2.724e-1,2.724e-1,,
550.58,5.753e-1,5.753e-1,,
550.63,1.195e+0,1.195e+0,,
550.68,2.443e+0,2.443e+0,,
550.73,4.913e+0,4.913e+0,,
550.78,9.718e+0,9.718e+0,,
550.83,1.891e+1,1.891e+1,,
550.88,3.621e+1,3.621e+1,,
550.93,6.820e+1,6.820e+1,,
550.98,1.264e+2,1.264e+2,,
551.03,2.303e+2,2.303e+2,,
551.08,4.131e+2,4.131e+2,,
551.13,7.287e+2,7.287e+2,,
551.18,1.265e+3,1.265e+3,,
551.23,2.159e+3,2.159e+3,,
551.28,3.627e+3,3.627e+3,,
551.33,5.993e+3,5.993e+3,,
551.38,9.743e+3,9.743e+3,,
551.43,1.558e+4,1.558e+4,,
551.48,2.451e+4,2.451e+4,,
551.53,3.794e+4,3.794e+4,,
551.58,5.777e+4,5.777e+4,,
551.63,8.653e+4,8.653e+4,,
551.68,1.275e+5,1.275e+5,,
551.73,1.849e+5,1.849e+5,,
551.78,2.636e+5,2.636e+5,,
551.83,3.699e+5,3.699e+5,,
551.88,5.106e+5,5.106e+5,,
551.93,6.933e+5,6.933e+5,,
551.98,9.261e+5,9.261e+5,,
552.03,1.217e+6,1.217e+6,,
552.08,1.573e+6,1.573e+6,,
552.13,2.001e+6,2.001e+6,,
552.18,2.504e+6,2.504e+6,,
552.23,3.082e+6,3.082e+6,,
552.28,3.733e+6,3.733e+6,,
552.33,4.447e+6,4.447e+6,,
552.38,5.211e+6,5.211e+6,,
552.43,6.008e+6,6.008e+6,,
552.48,6.815e+6,6.815e+6,,
552.53,7.604e+6,7.604e+6,,
552.58,8.348e+6,8.348e+6,,
552.63,9.015e+6,9.015e+6,,
552.68,9.577e+6,9.577e+6,,
552.73,1.001e+7,1.001e+7,,
552.78,1.029e+7,1.029e+7,,
552.83,1.041e+7,1.041e+7,,
552.88,1.036e+7,1.036e+7,,
552.93,1.014e+7,1.014e+7,,
552.98,9.767e+6,9.767e+6,,
553.03,9.254e+6,9.254e+6,,
553.08,8.625e+6,8.625e+6,,
553.13,7.909e+6,7.909e+6,,
553.18,7.134e+6,7.134e+6,,
553.23,6.331e+6,6.331e+6,,
553.28,5.527e+6,5.527e+6,,
553.33,4.747e+6,4.747e+6,,
553.38,4.011e+6,4.011e+6,,
553.43,3.334e+6,3.334e+6,,
553.48,2.726e+6,2.726e+6,,
553.53,2.193e+6,2.193e+6,,
553.58,1.736e+6,1.736e+6,,
553.63,1.351e+6,1.351e+6,,
553.68,1.035e+6,1.035e+6,,
553.73,7.800e+5,7.800e+5,,
553.78,5.782e+5,5.782e+5,,
553.83,4.216e+5,4.216e+5,,
553.88,3.025e+5,3.025e+5,,
553.93,2.135e+5,2.135e+5,,
553.98,1.482e+5,1.482e+5,,
554.03,1.012e+5,1.012e+5,,
554.08,6.804e+4,6.804e+4,,
554.13,4.498e+4,4.498e+4,,
554.18,2.925e+4,2.925e+4,,
554.23,1.871e+4,1.871e+4,,
554.28,1.178e+4,1.178e+4,,
554.33,7.293e+3,7.293e+3,,
554.38,4.443e+3,4.443e+3,,
554.43,2.662e+3,2.662e+3,,
554.48,1.570e+3,1.570e+3,,
554.53,9.103e+2,9.103e+2,,
554.58,5.194e+2,5.194e+2,,
554.63,2.915e+2,2.915e+2,,
554.68,1.610e+2,1.610e+2,,
554.73,8.745e+1,8.745e+1,,
554.78,4.674e+1,4.674e+1,,
554.83,2.457e+1,2.457e+1,,
554.88,1.271e+1,1.271e+1,,
554.93,6.467e+0,6.467e+0,,
554.98,3.237e+0,3.237e+0,,
555.03,1.594e+0,1.594e+0,,
555.08,7.723e-1,7.723e-1,,
555.13,3.681e-1,3.681e-1,,
555.18,1.726e-1,1.726e-1,,
555.23,7.960e-2,7.960e-2,,
555.28,3.612e-2,3.612e-2,,
555.33,1.612e-2,1.612e-2,,
555.38,7.081e-3,7.081e-3,,
555.43,3.059e-3,3.059e-3,,
555.48,1.300e-3,1.300e-3,,
555.53,5.437e-4,5.437e-4,,
555.58,2.236e-4,2.236e-4,,
555.63,9.050e-5,9.050e-5,,
555.68,3.603e-5,3.603e-5,,
555.73,1.411e-5,1.411e-5,,
555.78,5.437e-6,5.437e-6,,
555.83,2.061e-6,2.061e-6,,
555.88,7.684e-7,7.684e-7,,
555.93,2.819e-7,2.819e-7,,
555.98,1.017e-7,1.017e-7,,
556.03,3.612e-8,3.612e-8,,
556.08,1.261e-8,1.261e-8,,
556.13,4.334e-9,4.334e-9,,
556.18,1.465e-9,1.465e-9,,