Wavelength (nm),Sum,Mg I (4.9e-01),Mg II (5.1e-01),Mg III (4.2e-06)
200.11,4.318e-31,,,4.318e-31
200.16,1.044e-30,,,1.044e-30
200.21,2.230e-30,,,2.230e-30
200.26,4.206e-30,,,4.206e-30
200.31,7.005e-30,,,7.005e-30
200.36,1.030e-29,,,1.030e-29
200.41,1.338e-29,,,1.338e-29
200.46,1.534e-29,,,1.534e-29
200.51,1.553e-29,,,1.553e-29
200.56,1.388e-29,,,1.388e-29
200.61,1.096e-29,,,1.096e-29
200.66,7.642e-30,,,7.642e-30
200.72,4.206e-30,,,4.206e-30
200.77,2.230e-30,,,2.230e-30
200.82,1.044e-30,,,1.044e-30
200.87,4.318e-31,,,4.318e-31
200.92,1.576e-31,,,1.576e-31
200.97,5.082e-32,,,5.082e-32
201.02,1.447e-32,,,1.447e-32
201.07,3.637e-33,,,3.637e-33
201.12,8.073e-34,,,8.073e-34
201.17,1.582e-34,,,1.582e-34
201.22,2.739e-35,,,2.739e-35
201.27,4.186e-36,,,4.186e-36
201.32,5.650e-37,,,5.650e-37
201.37,5.157e-7,5.157e-7,,6.734e-38
201.42,9.255e-6,9.255e-6,,7.086e-39
201.47,1.471e-4,1.471e-4,,6.585e-40
201.52,2.069e-3,2.069e-3,,5.404e-41
201.57,2.576e-2,2.576e-2,,3.915e-42
201.62,2.840e-1,2.840e-1,,2.505e-43
201.67,2.772e+0,2.772e+0,,1.415e-44
201.72,2.395e+1,2.395e+1,,
201.77,1.832e+2,1.832e+2,,
201.82,1.241e+3,1.241e+3,,
201.87,7.437e+3,7.437e+3,,
201.92,3.947e+4,3.947e+4,,
201.97,1.855e+5,1.855e+5,,
202.02,7.715e+5,7.715e+5,,
202.07,2.841e+6,2.841e+6,,
202.12,9.263e+6,9.263e+6,,
202.17,2.673e+7,2.673e+7,,
202.22,6.831e+7,6.831e+7,,
202.27,1.545e+8,1.545e+8,,
202.32,3.094e+8,3.094e+8,,
202.37,5.486e+8,5.486e+8,,
202.42,8.611e+8,8.611e+8,,
202.47,1.196e+9,1.196e+9,,
202.52,1.472e+9,1.472e+9,,
202.57,1.603e+9,1.603e+9,,
202.62,1.545e+9,1.545e+9,,
202.67,1.319e+9,1.319e+9,,
202.72,9.966e+8,9.966e+8,,2.175e-44
202.77,6.667e+8,6.667e+8,,3.940e-43
202.82,3.948e+8,3.948e+8,,6.330e-42
202.87,2.070e+8,2.070e+8,,9.017e-41
202.92,9.608e+7,9.608e+7,,1.139e-39
202.97,3.948e+7,3.948e+7,,1.276e-38
203.02,1.436e+7,1.436e+7,,1.267e-37
203.07,4.625e+6,4.625e+6,,1.116e-36
203.12,1.319e+6,1.319e+6,,8.716e-36
203.17,3.328e+5,3.328e+5,,6.037e-35
203.22,7.438e+4,7.438e+4,,3.707e-34
203.27,1.471e+4,1.471e+4,,2.019e-33
203.32,2.577e+3,2.577e+3,,9.748e-33
203.37,3.995e+2,3.995e+2,,4.174e-32
203.42,5.484e+1,5.484e+1,,1.585e-31
203.47,6.663e+0,6.663e+0,,5.336e-31
203.52,7.168e-1,7.168e-1,,1.593e-30
203.57,6.827e-2,6.827e-2,,4.218e-30
203.62,5.756e-3,5.756e-3,,9.903e-30
203.67,4.296e-4,4.296e-4,,2.062e-29
203.72,2.839e-5,2.839e-5,,3.806e-29
203.77,1.661e-6,1.661e-6,,6.229e-29
203.82,8.602e-8,8.602e-8,,9.042e-29
203.87,1.164e-28,,,1.164e-28
203.92,1.328e-28,,,1.328e-28
203.97,1.344e-28,,,1.344e-28
204.02,1.207e-28,,,1.207e-28
204.07,9.602e-29,,,9.602e-29
204.12,6.776e-29,,,6.776e-29
204.17,4.240e-29,,,4.240e-29
204.22,2.353e-29,,,2.353e-29
204.27,1.158e-29,,,1.158e-29
204.32,5.052e-30,,,5.052e-30
204.37,1.954e-30,,,1.954e-30
204.42,6.706e-31,,,6.706e-31
204.47,2.040e-31,,,2.040e-31
204.52,5.503e-32,,,5.503e-32
204.57,1.317e-32,,,1.317e-32
204.62,2.793e-33,,,2.793e-33
204.67,5.265e-34,,,5.265e-34
204.72,9.635e-35,,,9.635e-35
204.77,7.166e-35,,,7.166e-35
204.82,3.522e-34,,,3.522e-34
204.87,1.860e-33,,,1.860e-33
204.92,8.763e-33,,,8.763e-33
204.97,3.669e-32,,,3.669e-32
205.02,1.365e-31,,,1.365e-31
205.07,4.509e-31,,,4.509e-31
205.12,1.324e-30,,,1.324e-30
205.17,3.452e-30,,,3.452e-30
205.22,7.999e-30,,,7.999e-30
205.27,1.646e-29,,,1.646e-29
205.32,3.011e-29,,,3.011e-29
205.37,4.891e-29,,,4.891e-29
205.42,7.058e-29,,,7.058e-29
205.47,9.050e-29,,,9.050e-29
205.52,1.031e-28,,,1.031e-28
205.57,1.043e-28,,,1.043e-28
205.62,9.377e-29,,,9.377e-29
205.67,7.489e-29,,,7.489e-29
205.72,5.313e-29,,,5.313e-29
205.77,3.349e-29,,,3.349e-29
205.82,1.877e-29,,,1.877e-29
205.87,9.398e-30,,,9.398e-30
205.92,4.400e-30,,,4.400e-30
205.97,2.612e-30,,,2.612e-30
206.02,3.735e-30,,,3.735e-30
206.07,9.179e-30,,,9.179e-30
206.12,2.279e-29,,,2.279e-29
206.17,5.108e-29,,,5.108e-29
206.22,1.020e-28,,,1.020e-28
206.27,1.812e-28,,,1.812e-28
206.32,2.863e-28,,,2.863e-28
206.37,4.022e-28,,,4.022e-28
206.42,5.026e-28,,,5.026e-28
206.47,5.586e-28,,,5.586e-28
206.52,5.521e-28,,,5.521e-28
206.57,4.853e-28,,,4.853e-28
206.62,3.793e-28,,,3.793e-28
206.67,2.637e-28,,,2.637e-28
206.72,1.631e-28,,,1.631e-28
206.77,8.966e-29,,,8.966e-29
206.82,4.385e-29,,,4.385e-29
206.87,1.907e-29,,,1.907e-29
206.92,7.377e-30,,,7.377e-30
206.97,2.538e-30,,,2.538e-30
207.02,7.763e-31,,,7.763e-31
207.07,2.112e-31,,,2.112e-31
207.12,5.111e-32,,,5.111e-32
207.17,1.100e-32,,,1.100e-32
207.22,2.105e-33,,,2.105e-33
207.27,3.583e-34,,,3.583e-34
207.32,5.424e-35,,,5.424e-35
207.37,7.303e-36,,,7.303e-36
207.42,8.744e-37,,,8.744e-37
207.47,9.311e-38,,,9.311e-38
207.52,8.947e-39,,,8.947e-39
207.57,2.176e-39,,,2.176e-39
207.62,1.417e-38,,,1.417e-38
207.67,1.238e-37,,,1.238e-37
207.72,9.688e-37,,,9.688e-37
207.77,6.756e-36,,,6.756e-36
207.82,4.200e-35,,,4.200e-35
207.87,2.327e-34,,,2.327e-34
207.92,1.150e-33,,,1.150e-33
207.97,5.063e-33,,,5.063e-33
208.02,1.988e-32,,,1.988e-32
208.07,6.955e-32,,,6.955e-32
208.12,2.170e-31,,,2.170e-31
208.17,6.034e-31,,,6.034e-31
208.22,1.496e-30,,,1.496e-30
208.27,3.305e-30,,,3.305e-30
208.32,6.512e-30,,,6.512e-30
208.37,1.144e-29,,,1.144e-29
208.42,1.790e-29,,,1.790e-29
208.47,2.498e-29,,,2.498e-29
208.52,3.108e-29,,,3.108e-29
208.57,3.449e-29,,,3.449e-29
208.62,3.417e-29,,,3.417e-29
208.67,3.038e-29,,,3.038e-29
208.72,2.470e-29,,,2.470e-29
208.77,1.967e-29,,,1.967e-29
208.82,1.826e-29,,,1.826e-29
208.87,2.362e-29,,,2.362e-29
208.92,3.874e-29,,,3.874e-29
208.97,6.555e-29,,,6.555e-29
209.02,1.032e-28,,,1.032e-28
209.07,1.465e-28,,,1.465e-28
209.12,1.861e-28,,,1.861e-28
209.17,2.110e-28,,,2.110e-28
209.22,2.134e-28,,,2.134e-28
209.27,1.927e-28,,,1.927e-28
209.32,1.554e-28,,,1.554e-28
209.37,1.124e-28,,,1.124e-28
209.42,7.413e-29,,,7.413e-29
209.47,4.700e-29,,,4.700e-29
209.52,3.306e-29,,,3.306e-29
209.57,3.091e-29,,,3.091e-29
209.62,3.728e-29,,,3.728e-29
209.67,4.790e-29,,,4.790e-29
209.72,5.817e-29,,,5.817e-29
209.77,6.407e-29,,,6.407e-29
209.82,6.325e-29,,,6.325e-29
209.87,5.580e-29,,,5.580e-29
209.92,4.395e-29,,,4.395e-29
209.97,3.090e-29,,,3.090e-29
210.02,1.940e-29,,,1.940e-29
210.07,1.087e-29,,,1.087e-29
210.12,5.434e-30,,,5.434e-30
210.17,2.426e-30,,,2.426e-30
210.22,9.666e-31,,,9.666e-31
210.27,3.438e-31,,,3.438e-31
210.32,1.091e-31,,,1.091e-31
210.37,3.093e-32,,,3.093e-32
210.42,7.827e-33,,,7.827e-33
210.47,1.794e-33,,,1.794e-33
210.52,5.146e-34,,,5.146e-34
210.57,8.873e-34,,,8.873e-34
210.62,3.830e-33,,,3.830e-33
210.67,1.584e-32,,,1.584e-32
210.72,5.875e-32,,,5.875e-32
210.77,1.948e-31,,,1.948e-31
210.82,5.772e-31,,,5.772e-31
210.87,1.530e-30,,,1.530e-30
210.92,3.624e-30,,,3.624e-30
210.97,7.675e-30,,,7.675e-30
211.02,1.453e-29,,,1.453e-29
211.07,2.460e-29,,,2.460e-29
211.12,3.724e-29,,,3.724e-29
211.17,5.039e-29,,,5.039e-29
211.22,6.096e-29,,,6.096e-29
211.27,6.593e-29,,,6.593e-29
211.32,6.375e-29,,,6.375e-29
211.37,5.511e-29,,,5.511e-29
211.42,4.260e-29,,,4.260e-29
211.47,2.943e-29,,,2.943e-29
211.52,1.818e-29,,,1.818e-29
211.57,1.004e-29,,,1.004e-29
211.62,4.959e-30,,,4.959e-30
211.67,2.189e-30,,,2.189e-30
211.72,8.639e-31,,,8.639e-31
211.77,3.048e-31,,,3.048e-31
211.82,9.616e-32,,,9.616e-32
211.87,2.712e-32,,,2.712e-32
211.92,6.839e-33,,,6.839e-33
211.97,1.542e-33,,,1.542e-33
212.02,3.107e-34,,,3.107e-34
212.07,5.598e-35,,,5.598e-35
212.12,9.018e-36,,,9.018e-36
212.17,1.299e-36,,,1.299e-36
212.22,1.672e-37,,,1.672e-37
212.27,1.929e-38,,,1.929e-38
212.32,2.426e-39,,,2.426e-39
212.37,4.689e-39,,,4.689e-39
212.42,4.096e-38,,,4.096e-38
212.47,3.334e-37,,,3.334e-37
212.52,2.432e-36,,,2.432e-36
212.57,1.590e-35,,,1.590e-35
212.62,9.311e-35,,,9.311e-35
212.67,4.886e-34,,,4.886e-34
212.72,2.298e-33,,,2.298e-33
212.77,9.680e-33,,,9.680e-33
212.82,3.654e-32,,,3.654e-32
212.87,1.236e-31,,,1.236e-31
212.92,3.747e-31,,,3.747e-31
212.97,1.018e-30,,,1.018e-30
213.02,2.476e-30,,,2.476e-30
213.07,5.399e-30,,,5.399e-30
213.12,1.055e-29,,,1.055e-29
213.17,1.846e-29,,,1.846e-29
213.22,2.896e-29,,,2.896e-29
213.27,4.070e-29,,,4.070e-29
213.32,5.126e-29,,,5.126e-29
213.37,5.784e-29,,,5.784e-29
213.42,5.848e-29,,,5.848e-29
213.47,5.298e-29,,,5.298e-29
213.52,4.300e-29,,,4.300e-29
213.57,3.128e-29,,,3.128e-29
213.62,2.038e-29,,,2.038e-29
213.67,1.190e-29,,,1.190e-29
213.72,6.227e-30,,,6.227e-30
213.77,2.919e-30,,,2.919e-30
213.82,1.226e-30,,,1.226e-30
213.87,4.616e-31,,,4.616e-31
213.92,1.557e-31,,,1.557e-31
213.97,4.704e-32,,,4.704e-32
214.02,1.274e-32,,,1.274e-32
214.07,3.090e-33,,,3.090e-33
214.12,6.718e-34,,,6.718e-34
214.17,1.309e-34,,,1.309e-34
214.22,2.284e-35,,,2.284e-35
214.27,3.572e-36,,,3.572e-36
214.32,5.005e-37,,,5.005e-37
214.37,6.283e-38,,,6.283e-38
214.42,7.069e-39,,,7.069e-39
214.47,7.125e-40,,,7.125e-40
214.52,6.436e-41,,,6.436e-41
214.57,5.208e-42,,,5.208e-42
214.62,3.777e-43,,,3.777e-43
214.67,2.454e-44,,,2.454e-44
216.47,3.343e-44,,,3.343e-44
216.52,4.917e-43,,,4.917e-43
216.57,6.509e-42,,,6.509e-42
216.62,7.755e-41,,,7.755e-41
216.67,8.314e-40,,,8.314e-40
216.72,8.022e-39,,,8.022e-39
216.77,6.965e-38,,,6.965e-38
216.82,5.443e-37,,,5.443e-37
216.87,3.828e-36,,,3.828e-36
216.92,2.422e-35,,,2.422e-35
216.97,1.380e-34,,,1.380e-34
217.02,7.071e-34,,,7.071e-34
217.07,3.261e-33,,,3.261e-33
217.12,1.354e-32,,,1.354e-32
217.17,5.057e-32,,,5.057e-32
217.22,1.700e-31,,,1.700e-31
217.27,5.144e-31,,,5.144e-31
217.32,1.400e-30,,,1.400e-30
217.37,3.431e-30,,,3.431e-30
217.42,7.566e-30,,,7.566e-30
217.47,1.501e-29,,,1.501e-29
217.52,2.681e-29,,,2.681e-29
217.57,4.309e-29,,,4.309e-29
217.62,6.232e-29,,,6.232e-29
217.67,8.112e-29,,,8.112e-29
217.72,9.502e-29,,,9.502e-29
217.77,1.002e-28,,,1.002e-28
217.82,9.502e-29,,,9.502e-29
217.87,8.112e-29,,,8.112e-29
217.92,6.232e-29,,,6.232e-29
217.97,4.309e-29,,,4.309e-29
218.02,2.681e-29,,,2.681e-29
218.07,1.501e-29,,,1.501e-29
218.12,7.566e-30,,,7.566e-30
218.17,3.431e-30,,,3.431e-30
218.22,1.400e-30,,,1.400e-30
218.27,5.144e-31,,,5.144e-31
218.32,1.700e-31,,,1.700e-31
218.37,5.057e-32,,,5.057e-32
218.42,1.354e-32,,,1.354e-32
218.47,3.261e-33,,,3.261e-33
218.52,7.071e-34,,,7.071e-34
218.57,1.380e-34,,,1.380e-34
218.62,2.422e-35,,,2.422e-35
218.67,3.828e-36,,,3.828e-36
218.72,5.443e-37,,,5.443e-37
218.77,6.965e-38,,,6.965e-38
218.82,8.022e-39,,,8.022e-39
218.87,8.314e-40,,,8.314e-40
218.92,7.755e-41,,,7.755e-41
218.97,6.509e-42,,,6.509e-42
219.02,4.917e-43,,,4.917e-43
219.07,3.343e-44,,,3.343e-44
224.02,4.536e-13,,4.536e-13,
224.07,6.405e-12,,6.405e-12,
224.12,8.196e-11,,8.196e-11,
224.17,9.505e-10,,9.505e-10,
224.22,9.990e-9,,9.990e-9,
224.27,9.516e-8,,9.516e-8,
224.32,8.214e-7,,8.214e-7,
224.37,6.426e-6,,6.426e-6,
224.42,4.556e-5,,4.556e-5,
224.47,2.927e-4,,2.927e-4,
224.52,1.705e-3,,1.705e-3,
224.57,8.995e-3,,8.995e-3,
224.62,4.302e-2,,4.302e-2,
224.67,1.865e-1,,1.865e-1,
224.72,7.324e-1,,7.324e-1,
224.77,2.607e+0,,2.607e+0,
224.82,8.411e+0,,8.411e+0,
224.87,2.459e+1,,2.459e+1,
224.92,6.515e+1,,6.515e+1,
224.97,1.564e+2,,1.564e+2,
225.02,3.405e+2,,3.405e+2,
225.07,6.714e+2,,6.714e+2,
225.12,1.200e+3,,1.200e+3,
225.17,1.944e+3,,1.944e+3,
225.22,2.853e+3,,2.853e+3,
225.27,3.796e+3,,3.796e+3,
225.32,4.577e+3,,4.577e+3,
225.37,5.000e+3,,5.000e+3,
225.42,4.951e+3,,4.951e+3,
225.47,4.443e+3,,4.443e+3,
225.52,3.614e+3,,3.614e+3,
225.57,2.663e+3,,2.663e+3,
225.62,1.779e+3,,1.779e+3,
225.67,1.077e+3,,1.077e+3,
225.72,5.908e+2,,5.908e+2,
225.77,2.937e+2,,2.937e+2,
225.82,1.323e+2,,1.323e+2,
225.87,5.404e+1,,5.404e+1,
225.92,2.000e+1,,2.000e+1,
225.97,6.707e+0,,6.707e+0,
226.02,2.038e+0,,2.038e+0,
226.07,5.615e-1,,5.615e-1,
226.12,1.402e-1,,1.402e-1,
226.17,3.171e-2,,3.171e-2,
226.22,6.501e-3,,6.501e-3,
226.27,1.208e-3,,1.208e-3,
226.32,2.034e-4,,2.034e-4,
226.37,3.104e-5,,3.104e-5,
226.42,4.292e-6,,4.292e-6,
226.47,5.380e-7,,5.380e-7,
226.52,6.111e-8,,6.111e-8,
226.57,6.290e-9,,6.290e-9,
226.62,5.868e-10,,5.868e-10,
226.67,4.961e-11,,4.961e-11,
226.72,3.801e-12,,3.801e-12,
226.77,1.089e-13,,1.089e-13,
231.58,4.452e-12,,4.452e-12,
231.63,5.406e-11,,5.406e-11,
231.68,5.987e-10,,5.987e-10,
231.73,6.047e-9,,6.047e-9,
231.78,5.570e-8,,5.570e-8,
231.83,4.679e-7,,4.679e-7,
231.88,3.584e-6,,3.584e-6,
231.93,2.504e-5,,2.504e-5,
231.98,1.596e-4,,1.596e-4,
232.03,9.272e-4,,9.272e-4,
232.08,4.914e-3,,4.914e-3,
232.13,2.375e-2,,2.375e-2,
232.18,1.047e-1,,1.047e-1,
232.23,4.208e-1,,4.208e-1,
232.28,1.542e+0,,1.542e+0,
232.33,5.157e+0,,5.157e+0,
232.38,1.572e+1,,1.572e+1,
232.43,4.372e+1,,4.372e+1,
232.48,1.109e+2,,1.109e+2,
232.53,2.564e+2,,2.564e+2,
232.58,5.408e+2,,5.408e+2,
232.63,1.040e+3,,1.040e+3,
232.68,1.825e+3,,1.825e+3,
232.73,2.919e+3,,2.919e+3,
232.78,4.259e+3,,4.259e+3,
232.83,5.667e+3,,5.667e+3,
232.88,6.877e+3,,6.877e+3,
232.93,7.610e+3,,7.610e+3,
232.98,7.681e+3,,7.681e+3,
233.03,7.069e+3,,7.069e+3,
233.08,5.934e+3,,5.934e+3,
233.13,4.543e+3,,4.543e+3,
233.18,3.172e+3,,3.172e+3,
233.23,2.019e+3,,2.019e+3,
233.28,1.173e+3,,1.173e+3,
233.33,6.209e+2,,6.209e+2,
233.38,2.999e+2,,2.999e+2,
233.43,1.321e+2,,1.321e+2,
233.48,5.305e+1,,5.305e+1,
233.53,1.943e+1,,1.943e+1,
233.58,6.493e+0,,6.493e+0,
233.63,1.978e+0,,1.978e+0,
233.68,5.496e-1,,5.496e-1,
233.73,1.393e-1,,1.393e-1,
233.78,3.219e-2,,3.219e-2,
233.83,6.784e-3,,6.784e-3,
233.88,1.304e-3,,1.304e-3,
233.93,2.286e-4,,2.286e-4,
233.98,3.654e-5,,3.654e-5,
234.03,5.327e-6,,5.327e-6,
234.08,7.083e-7,,7.083e-7,
234.13,8.588e-8,,8.588e-8,
234.18,9.497e-9,,9.497e-9,
234.23,9.578e-10,,9.578e-10,
234.28,8.809e-11,,8.809e-11,
234.33,7.389e-12,,7.389e-12,
234.38,5.653e-13,,5.653e-13,
238.08,4.659e-44,,,4.659e-44
238.13,5.489e-43,,,5.489e-43
238.18,5.927e-42,,,5.927e-42
238.23,5.866e-41,,,5.866e-41
238.28,5.321e-40,,,5.321e-40
238.33,4.424e-39,,,4.424e-39
238.38,3.371e-38,,,3.371e-38
238.43,2.354e-37,,,2.354e-37
238.48,1.507e-36,,,1.507e-36
238.53,8.841e-36,,,8.841e-36
238.58,4.754e-35,,,4.754e-35
238.63,2.343e-34,,,2.343e-34
238.68,1.058e-33,,,1.058e-33
238.73,4.381e-33,,,4.381e-33
238.78,1.662e-32,,,1.662e-32
238.83,5.780e-32,,,5.780e-32
238.88,1.842e-31,,,1.842e-31
238.93,5.382e-31,,,5.382e-31
238.98,1.441e-30,,,1.441e-30
239.03,3.536e-30,,,3.536e-30
239.08,7.954e-30,,,7.954e-30
239.13,1.640e-29,,,1.640e-29
239.18,3.098e-29,,,3.098e-29
239.23,5.364e-29,,,5.364e-29
239.28,8.514e-29,,,8.514e-29
239.33,1.239e-28,,,1.239e-28
239.38,1.651e-28,,,1.651e-28
239.43,2.018e-28,,,2.018e-28
239.48,2.260e-28,,,2.260e-28
239.53,2.320e-28,,,2.320e-28
239.58,2.182e-28,,,2.182e-28
239.63,1.882e-28,,,1.882e-28
239.68,1.487e-28,,,1.487e-28
239.73,1.077e-28,,,1.077e-28
239.78,7.152e-29,,,7.152e-29
239.83,4.352e-29,,,4.352e-29
239.88,2.427e-29,,,2.427e-29
239.93,1.241e-29,,,1.241e-29
239.98,5.812e-30,,,5.812e-30
240.03,2.495e-30,,,2.495e-30
240.08,9.820e-31,,,9.820e-31
240.13,3.542e-31,,,3.542e-31
240.18,1.171e-31,,,1.171e-31
240.23,3.548e-32,,,3.548e-32
240.28,9.853e-33,,,9.853e-33
240.33,2.508e-33,,,2.508e-33
240.38,5.850e-34,,,5.850e-34
240.43,1.251e-34,,,1.251e-34
240.48,2.451e-35,,,2.451e-35
240.53,4.402e-36,,,4.402e-36
240.58,7.247e-37,,,7.247e-37
240.63,1.093e-37,,,1.093e-37
240.68,1.512e-38,,,1.512e-38
240.73,1.916e-39,,,1.916e-39
240.78,2.226e-40,,,2.226e-40
240.83,2.370e-41,,,2.370e-41
240.88,2.312e-42,,,2.312e-42
240.93,2.068e-43,,,2.068e-43
240.98,1.695e-44,,,1.695e-44
243.48,2.262e-12,,2.262e-12,
243.53,2.556e-11,,2.556e-11,
243.58,2.657e-10,,2.657e-10,
243.63,2.541e-9,,2.541e-9,
243.68,2.237e-8,,2.237e-8,
243.73,1.811e-7,,1.811e-7,
243.78,1.349e-6,,1.349e-6,
243.83,9.248e-6,,9.248e-6,
243.88,5.832e-5,,5.832e-5,
243.93,3.384e-4,,3.384e-4,
243.98,1.806e-3,,1.806e-3,
244.03,8.871e-3,,8.871e-3,
244.08,4.008e-2,,4.008e-2,
244.13,1.666e-1,,1.666e-1,
244.18,6.374e-1,,6.374e-1,
244.23,2.243e+0,,2.243e+0,
244.28,7.263e+0,,7.263e+0,
244.33,2.164e+1,,2.164e+1,
244.38,5.930e+1,,5.930e+1,
244.43,1.495e+2,,1.495e+2,
244.48,3.470e+2,,3.470e+2,
244.53,7.406e+2,,7.406e+2,
244.58,1.455e+3,,1.455e+3,
244.63,2.628e+3,,2.628e+3,
244.68,4.369e+3,,4.369e+3,
244.73,6.683e+3,,6.683e+3,
244.78,9.405e+3,,9.405e+3,
244.83,1.218e+4,,1.218e+4,
244.88,1.451e+4,,1.451e+4,
244.93,1.590e+4,,1.590e+4,
244.98,1.603e+4,,1.603e+4,
245.03,1.487e+4,,1.487e+4,
245.08,1.269e+4,,1.269e+4,
245.13,9.970e+3,,9.970e+3,
245.18,7.203e+3,,7.203e+3,
245.23,4.789e+3,,4.789e+3,
245.28,2.929e+3,,2.929e+3,8.150e-45
245.33,1.648e+3,,1.648e+3,9.185e-44
245.38,8.533e+2,,8.533e+2,9.535e-43
245.43,4.065e+2,,4.065e+2,9.118e-42
245.48,1.781e+2,,1.781e+2,8.032e-41
245.53,7.183e+1,,7.183e+1,6.517e-40
245.58,2.665e+1,,2.665e+1,4.872e-39
245.63,9.096e+0,,9.096e+0,3.355e-38
245.68,2.856e+0,,2.856e+0,2.128e-37
245.73,8.253e-1,,8.253e-1,1.243e-36
245.78,2.194e-1,,2.194e-1,6.692e-36
245.83,5.366e-2,,5.366e-2,3.318e-35
245.88,1.207e-2,,1.207e-2,1.515e-34
245.93,2.500e-3,,2.500e-3,6.376e-34
245.98,4.762e-4,,4.762e-4,2.471e-33
246.03,8.345e-5,,8.345e-5,8.822e-33
246.08,1.345e-5,,1.345e-5,2.901e-32
246.13,1.996e-6,,1.996e-6,8.790e-32
246.18,2.724e-7,,2.724e-7,2.453e-31
246.23,3.421e-8,,3.421e-8,6.306e-31
246.28,3.953e-9,,3.953e-9,1.493e-30
246.33,4.202e-10,,4.202e-10,3.258e-30
246.38,4.109e-11,,4.109e-11,6.546e-30
246.43,3.698e-12,,3.698e-12,1.212e-29
246.48,2.066e-29,,,2.066e-29
246.53,3.246e-29,,,3.246e-29
246.58,4.696e-29,,,4.696e-29
246.63,6.260e-29,,,6.260e-29
246.68,7.686e-29,,,7.686e-29
246.73,8.693e-29,,,8.693e-29
246.78,9.058e-29,,,9.058e-29
246.83,8.693e-29,,,8.693e-29
246.88,7.686e-29,,,7.686e-29
246.93,6.260e-29,,,6.260e-29
246.98,4.696e-29,,,4.696e-29
247.03,3.246e-29,,,3.246e-29
247.08,2.066e-29,,,2.066e-29
247.13,1.212e-29,,,1.212e-29
247.18,6.546e-30,,,6.546e-30
247.23,3.258e-30,,,3.258e-30
247.28,1.493e-30,,,1.493e-30
247.33,6.306e-31,,,6.306e-31
247.38,2.453e-31,,,2.453e-31
247.43,8.790e-32,,,8.790e-32
247.48,2.901e-32,,,2.901e-32
247.53,8.822e-33,,,8.822e-33
247.58,2.471e-33,,,2.471e-33
247.63,6.376e-34,,,6.376e-34
247.68,1.515e-34,,,1.515e-34
247.73,3.318e-35,,,3.318e-35
247.78,6.692e-36,,,6.692e-36
247.83,1.243e-36,,,1.243e-36
247.88,2.128e-37,,,2.128e-37
247.93,3.355e-38,,,3.355e-38
247.98,4.882e-39,,,4.882e-39
248.03,7.069e-40,,,7.069e-40
248.08,3.547e-40,,,3.547e-40
248.13,1.268e-39,,,1.268e-39
248.18,5.330e-39,,,5.330e-39
248.23,2.081e-38,,,2.081e-38
248.28,7.497e-38,,,7.497e-38
248.33,2.492e-37,,,2.492e-37
248.38,7.641e-37,,,7.641e-37
248.43,2.161e-36,,,2.161e-36
248.48,5.641e-36,,,5.641e-36
248.53,1.358e-35,,,1.358e-35
248.58,3.017e-35,,,3.017e-35
248.63,6.181e-35,,,6.181e-35
248.68,1.169e-34,,,1.169e-34
248.73,2.038e-34,,,2.038e-34
248.78,3.279e-34,,,3.279e-34
248.83,4.867e-34,,,4.867e-34
248.88,6.665e-34,,,6.665e-34
248.93,8.421e-34,,,8.421e-34
248.98,9.814e-34,,,9.814e-34
249.03,1.055e-33,,,1.055e-33
249.08,1.047e-33,,,1.047e-33
249.13,9.580e-34,,,9.580e-34
249.18,8.088e-34,,,8.088e-34
249.23,6.300e-34,,,6.300e-34
249.28,4.527e-34,,,4.527e-34
249.33,3.001e-34,,,3.001e-34
249.38,1.835e-34,,,1.835e-34
249.43,1.035e-34,,,1.035e-34
249.48,5.390e-35,,,5.390e-35
249.53,2.588e-35,,,2.588e-35
249.58,1.147e-35,,,1.147e-35
249.63,4.686e-36,,,4.686e-36
249.68,1.767e-36,,,1.767e-36
249.73,6.146e-37,,,6.146e-37
249.78,1.972e-37,,,1.972e-37
249.83,5.840e-38,,,5.840e-38
249.88,1.595e-38,,,1.595e-38
249.93,4.019e-39,,,4.019e-39
249.98,9.342e-40,,,9.342e-40
250.03,2.004e-40,,,2.004e-40
250.08,3.964e-41,,,3.964e-41
250.13,7.235e-42,,,7.235e-42
250.18,1.218e-42,,,1.218e-42
250.23,1.893e-43,,,1.893e-43
250.28,2.713e-44,,,2.713e-44
250.33,3.587e-45,,,3.587e-45
250.38,4.375e-46,,,4.375e-46
250.43,4.923e-47,,,4.923e-47
250.48,5.111e-48,,,5.111e-48
250.53,4.896e-49,,,4.896e-49
251.38,1.868e-45,,,1.868e-45
251.43,1.995e-44,,,1.995e-44
251.48,1.970e-43,,,1.970e-43
251.53,1.800e-42,,,1.800e-42
251.58,1.520e-41,,,1.520e-41
251.63,1.188e-40,,,1.188e-40
251.68,8.581e-40,,,8.581e-40
251.73,5.734e-39,,,5.734e-39
251.78,3.543e-38,,,3.543e-38
251.83,2.025e-37,,,2.025e-37
251.88,1.070e-36,,,1.070e-36
251.93,5.230e-36,,,5.230e-36
251.98,2.364e-35,,,2.364e-35
252.03,9.883e-35,,,9.883e-35
252.08,3.821e-34,,,3.821e-34
252.13,1.366e-33,,,1.366e-33
252.18,4.517e-33,,,4.517e-33
252.23,1.381e-32,,,1.381e-32
252.28,3.906e-32,,,3.906e-32
252.33,1.022e-31,,,1.022e-31
252.38,2.471e-31,,,2.471e-31
252.43,5.528e-31,,,5.528e-31
252.48,1.144e-30,,,1.144e-30
252.53,2.188e-30,,,2.188e-30
252.58,3.871e-30,,,3.871e-30
252.63,6.334e-30,,,6.334e-30
252.68,9.585e-30,,,9.585e-30
252.73,1.341e-29,,,1.341e-29
252.78,1.736e-29,,,1.736e-29
252.83,2.078e-29,,,2.078e-29
252.88,2.300e-29,,,2.300e-29
252.93,2.355e-29,,,2.355e-29
252.98,2.229e-29,,,2.229e-29
253.03,1.952e-29,,,1.952e-29
253.08,1.581e-29,,,1.581e-29
253.13,1.184e-29,,,1.184e-29
253.18,8.198e-30,,,8.198e-30
253.23,5.250e-30,,,5.250e-30
253.28,3.110e-30,,,3.110e-30
253.33,1.704e-30,,,1.704e-30
253.38,8.631e-31,,,8.631e-31
253.43,4.044e-31,,,4.044e-31
253.48,1.752e-31,,,1.752e-31
253.53,7.021e-32,,,7.021e-32
253.58,2.602e-32,,,2.602e-32
253.63,8.917e-33,,,8.917e-33
253.68,2.826e-33,,,2.826e-33
253.73,8.284e-34,,,8.284e-34
253.78,2.246e-34,,,2.246e-34
253.83,5.630e-35,,,5.630e-35
253.88,1.305e-35,,,1.305e-35
253.93,2.799e-36,,,2.799e-36
253.98,5.550e-37,,,5.550e-37
254.03,1.018e-37,,,1.018e-37
254.08,1.726e-38,,,1.726e-38
254.13,2.707e-39,,,2.707e-39
254.18,3.927e-40,,,3.927e-40
254.23,5.268e-41,,,5.268e-41
254.28,6.536e-42,,,6.536e-42
254.33,7.499e-43,,,7.499e-43
254.38,7.957e-44,,,7.957e-44
254.43,7.808e-45,,,7.808e-45
260.23,1.771e-49,,,1.771e-49
260.28,1.687e-48,,,1.687e-48
260.33,1.495e-47,,,1.495e-47
260.38,1.231e-46,,,1.231e-46
260.43,9.420e-46,,,9.420e-46
260.48,6.703e-45,,,6.703e-45
260.53,4.435e-44,,,4.435e-44
260.58,2.727e-43,,,2.727e-43
260.63,1.559e-42,,,1.559e-42
260.68,8.288e-42,,,8.288e-42
260.73,4.095e-41,,,4.095e-41
260.78,1.881e-40,,,1.881e-40
260.83,8.034e-40,,,8.034e-40
260.88,3.189e-39,,,3.189e-39
260.93,1.177e-38,,,1.177e-38
260.98,4.039e-38,,,4.039e-38
261.03,1.288e-37,,,1.288e-37
261.08,3.820e-37,,,3.820e-37
261.13,1.053e-36,,,1.053e-36
261.18,2.698e-36,,,2.698e-36
261.23,6.429e-36,,,6.429e-36
261.28,1.424e-35,,,1.424e-35
261.33,2.932e-35,,,2.932e-35
261.38,5.612e-35,,,5.612e-35
261.43,9.986e-35,,,9.986e-35
261.48,1.652e-34,,,1.652e-34
261.53,2.540e-34,,,2.540e-34
261.58,3.632e-34,,,3.632e-34
261.63,4.827e-34,,,4.827e-34
261.68,5.965e-34,,,5.965e-34
261.73,6.851e-34,,,6.851e-34
261.78,7.316e-34,,,7.316e-34
261.83,7.263e-34,,,7.263e-34
261.88,6.703e-34,,,6.703e-34
261.93,5.751e-34,,,5.751e-34
261.98,4.587e-34,,,4.587e-34
262.03,3.401e-34,,,3.401e-34
262.08,2.345e-34,,,2.345e-34
262.13,1.502e-34,,,1.502e-34
262.18,8.951e-35,,,8.951e-35
262.23,4.957e-35,,,4.957e-35
262.28,2.552e-35,,,2.552e-35
262.33,1.222e-35,,,1.222e-35
262.38,5.436e-36,,,5.436e-36
262.44,1.868e-36,,,1.868e-36
262.49,7.081e-37,,,7.081e-37
262.54,2.495e-37,,,2.495e-37
262.59,8.171e-38,,,8.171e-38
262.64,2.488e-38,,,2.488e-38
262.69,7.043e-39,,,7.043e-39
262.74,1.853e-39,,,1.853e-39
262.79,4.534e-40,,,4.534e-40
262.84,1.031e-40,,,1.031e-40
262.89,2.180e-41,,,2.180e-41
262.94,4.286e-42,,,4.286e-42
262.99,7.832e-43,,,7.832e-43
263.04,1.330e-43,,,1.330e-43
263.09,2.101e-44,,,2.101e-44
263.14,3.085e-45,,,3.085e-45
263.19,4.210e-46,,,4.210e-46
263.24,5.342e-47,,,5.342e-47
263.29,6.301e-48,,,6.301e-48
263.34,6.909e-49,,,6.909e-49
263.39,7.043e-50,,,7.043e-50
264.49,1.328e-11,,1.328e-11,
264.54,1.212e-10,,1.212e-10,
264.59,1.030e-9,,1.030e-9,
264.64,8.154e-9,,8.154e-9,
264.69,6.017e-8,,6.017e-8,
264.74,4.137e-7,,4.137e-7,
264.79,2.651e-6,,2.651e-6,
264.84,1.583e-5,,1.583e-5,
264.89,8.804e-5,,8.804e-5,
264.94,4.564e-4,,4.564e-4,
264.99,2.204e-3,,2.204e-3,
265.04,9.922e-3,,9.922e-3,
265.09,4.161e-2,,4.161e-2,
265.14,1.626e-1,,1.626e-1,
265.19,5.922e-1,,5.922e-1,
265.24,2.010e+0,,2.010e+0,
265.29,6.354e+0,,6.354e+0,
265.34,1.872e+1,,1.872e+1,
265.39,5.140e+1,,5.140e+1,
265.44,1.315e+2,,1.315e+2,
265.49,3.134e+2,,3.134e+2,
265.54,6.962e+2,,6.962e+2,
265.59,1.441e+3,,1.441e+3,
265.64,2.779e+3,,2.779e+3,
265.69,4.994e+3,,4.994e+3,
265.74,8.363e+3,,8.363e+3,
265.79,1.305e+4,,1.305e+4,
265.84,1.897e+4,,1.897e+4,
265.89,2.571e+4,,2.571e+4,
265.94,3.245e+4,,3.245e+4,
265.99,3.818e+4,,3.818e+4,
266.04,4.185e+4,,4.185e+4,
266.09,4.274e+4,,4.274e+4,
266.14,4.068e+4,,4.068e+4,
266.19,3.608e+4,,3.608e+4,
266.24,2.982e+4,,2.982e+4,
266.29,2.296e+4,,2.296e+4,
266.34,1.647e+4,,1.647e+4,
266.39,1.101e+4,,1.101e+4,
266.44,6.863e+3,,6.863e+3,
266.49,3.984e+3,,3.984e+3,
266.54,2.155e+3,,2.155e+3,
266.59,1.086e+3,,1.086e+3,
266.64,5.102e+2,,5.102e+2,
266.69,2.233e+2,,2.233e+2,
266.74,9.107e+1,,9.107e+1,
266.79,3.461e+1,,3.461e+1,
266.84,1.225e+1,,1.225e+1,
266.89,4.044e+0,,4.044e+0,
266.94,1.243e+0,,1.243e+0,
266.99,3.562e-1,,3.562e-1,
267.04,9.508e-2,,9.508e-2,
267.09,2.365e-2,,2.365e-2,
267.14,5.482e-3,,5.482e-3,
267.19,1.184e-3,,1.184e-3,
267.24,2.383e-4,,2.383e-4,
267.29,4.469e-5,,4.469e-5,
267.34,7.810e-6,,7.810e-6,
267.39,1.272e-6,,1.272e-6,
267.44,1.930e-7,,1.930e-7,
267.49,2.728e-8,,2.728e-8,
267.54,3.594e-9,,3.594e-9,
267.59,4.412e-10,,4.412e-10,
267.64,5.047e-11,,5.047e-11,
267.69,5.379e-12,,5.379e-12,
271.54,1.858e-9,1.858e-9,,
271.59,1.661e-8,1.661e-8,,
271.64,1.389e-7,1.389e-7,,
271.69,1.090e-6,1.090e-6,,
271.74,7.980e-6,7.980e-6,,
271.79,5.463e-5,5.463e-5,,
271.84,3.499e-4,3.499e-4,,
271.89,2.096e-3,2.096e-3,,
271.94,1.175e-2,1.175e-2,,
271.99,6.159e-2,6.159e-2,,
272.04,3.022e-1,3.022e-1,,
272.09,1.387e+0,1.387e+0,,
272.14,5.962e+0,5.962e+0,,
272.19,2.398e+1,2.398e+1,,
272.24,9.030e+1,9.030e+1,,
272.29,3.184e+2,3.184e+2,,
272.34,1.052e+3,1.052e+3,,
272.39,3.255e+3,3.255e+3,,
272.44,9.444e+3,9.444e+3,,
272.49,2.569e+4,2.569e+4,,
272.54,6.558e+4,6.558e+4,,
272.59,1.571e+5,1.571e+5,,
272.64,3.537e+5,3.537e+5,,
272.69,7.485e+5,7.485e+5,,
272.74,1.490e+6,1.490e+6,,
272.79,2.793e+6,2.793e+6,,
272.84,4.936e+6,4.936e+6,,
272.89,8.230e+6,8.230e+6,,
272.94,1.296e+7,1.296e+7,,
272.99,1.931e+7,1.931e+7,,
273.04,2.727e+7,2.727e+7,,
273.09,3.655e+7,3.655e+7,,
273.14,4.666e+7,4.666e+7,,
273.19,5.695e+7,5.695e+7,,
273.24,6.679e+7,6.679e+7,,
273.29,7.572e+7,7.572e+7,,
273.34,8.358e+7,8.358e+7,,
273.39,9.037e+7,9.037e+7,,
273.44,9.613e+7,9.613e+7,,
273.49,1.006e+8,1.006e+8,,
273.54,1.033e+8,1.033e+8,,
273.59,1.033e+8,1.033e+8,,
273.64,9.977e+7,9.977e+7,,
273.69,9.240e+7,9.240e+7,,
273.74,8.148e+7,8.148e+7,,
273.79,6.806e+7,6.806e+7,,
273.84,5.363e+7,5.363e+7,,
273.89,3.977e+7,3.977e+7,,
273.94,2.770e+7,2.770e+7,,
273.99,1.809e+7,1.809e+7,,
274.04,1.107e+7,1.107e+7,,
274.09,6.346e+6,6.346e+6,,
274.14,3.405e+6,3.405e+6,,
274.19,1.710e+6,1.710e+6,,
274.24,8.036e+5,8.036e+5,,
274.29,3.533e+5,3.533e+5,,
274.34,1.453e+5,1.453e+5,,
274.39,5.593e+4,5.593e+4,,
274.44,2.013e+4,2.013e+4,,
274.49,6.780e+3,6.780e+3,,
274.54,2.136e+3,2.136e+3,,
274.59,6.294e+2,6.294e+2,,
274.64,1.735e+2,1.735e+2,,
274.69,4.473e+1,4.473e+1,,
274.74,1.079e+1,1.079e+1,,
274.79,2.434e+0,2.434e+0,,
274.84,5.137e-1,5.137e-1,,
274.89,1.014e-1,1.014e-1,,
274.94,1.873e-2,1.873e-2,,
274.99,3.235e-3,3.235e-3,,
275.04,5.227e-4,5.227e-4,,
275.09,7.900e-5,7.900e-5,,
275.14,1.117e-5,1.117e-5,,
275.19,1.477e-6,1.477e-6,,
275.24,1.827e-7,1.827e-7,,
275.29,2.115e-8,2.115e-8,,
275.99,8.583e-8,8.583e-8,,
276.04,7.343e-7,7.343e-7,,
276.09,5.888e-6,5.888e-6,,
276.14,4.429e-5,4.429e-5,,
276.19,3.120e-4,3.120e-4,,
276.24,2.060e-3,2.060e-3,,
276.29,1.275e-2,1.275e-2,,
276.34,7.395e-2,7.395e-2,,
276.39,4.021e-1,4.021e-1,,
276.44,2.049e+0,2.049e+0,,
276.49,9.787e+0,9.787e+0,,
276.54,4.383e+1,4.383e+1,,
276.59,1.840e+2,1.840e+2,,
276.64,7.240e+2,7.240e+2,,
276.69,2.671e+3,2.671e+3,,
276.74,9.242e+3,9.242e+3,,
276.79,2.999e+4,2.999e+4,,
276.84,9.126e+4,9.126e+4,,
276.89,2.606e+5,2.606e+5,,
276.94,6.981e+5,6.981e+5,,
276.99,1.756e+6,1.756e+6,,
277.04,4.147e+6,4.147e+6,,
277.09,9.207e+6,9.207e+6,,
277.14,1.922e+7,1.922e+7,,
277.19,3.779e+7,3.779e+7,,
277.24,7.005e+7,7.005e+7,,
277.29,1.226e+8,1.226e+8,,
277.34,2.033e+8,2.033e+8,,
277.39,3.199e+8,3.199e+8,1.108e-8,
277.44,4.796e+8,4.796e+8,9.399e-8,
277.49,6.877e+8,6.877e+8,7.475e-7,
277.54,9.470e+8,9.470e+8,5.576e-6,
277.59,1.257e+9,1.257e+9,3.900e-5,
277.64,1.614e+9,1.614e+9,2.558e-4,
277.69,2.009e+9,2.009e+9,1.574e-3,
277.74,2.425e+9,2.425e+9,9.081e-3,
277.79,2.835e+9,2.835e+9,4.914e-2,
277.84,3.206e+9,3.206e+9,2.493e-1,
277.89,3.498e+9,3.498e+9,1.187e+0,
277.94,3.676e+9,3.676e+9,5.296e+0,
277.99,3.715e+9,3.715e+9,2.217e+1,
278.04,3.611e+9,3.611e+9,8.701e+1,
278.09,3.379e+9,3.379e+9,3.203e+2,
278.14,3.050e+9,3.050e+9,1.106e+3,
278.19,2.662e+9,2.662e+9,3.581e+3,
278.24,2.252e+9,2.252e+9,1.088e+4,
278.29,1.850e+9,1.850e+9,3.100e+4,
278.34,1.477e+9,1.477e+9,8.288e+4,
278.39,1.144e+9,1.144e+9,2.081e+5,
278.44,8.584e+8,8.579e+8,4.909e+5,
278.49,6.213e+8,6.202e+8,1.090e+6,
278.54,4.326e+8,4.303e+8,2.284e+6,
278.59,2.899e+8,2.854e+8,4.540e+6,
278.64,1.888e+8,1.802e+8,8.629e+6,
278.69,1.238e+8,1.079e+8,1.589e+7,
278.74,9.001e+7,6.118e+7,2.883e+7,
278.79,8.537e+7,3.274e+7,5.262e+7,
278.84,1.146e+8,1.652e+7,9.808e+7,
278.89,1.951e+8,7.844e+6,1.873e+8,
278.94,3.657e+8,3.504e+6,3.622e+8,
278.99,6.977e+8,1.471e+6,6.963e+8,
279.04,1.306e+9,5.800e+5,1.305e+9,
279.09,2.351e+9,2.147e+5,2.351e+9,
279.14,4.028e+9,7.461e+4,4.028e+9,
279.19,6.527e+9,2.433e+4,6.527e+9,
279.24,9.966e+9,7.443e+3,9.966e+9,
279.29,1.431e+10,2.136e+3,1.431e+10,
279.34,1.930e+10,5.749e+2,1.930e+10,
279.39,2.444e+10,1.451e+2,2.444e+10,
279.44,2.904e+10,3.435e+1,2.904e+10,
279.49,3.239e+10,7.624e+0,3.239e+10,
279.54,3.390e+10,1.587e+0,3.390e+10,
279.59,3.331e+10,3.101e-1,3.331e+10,
279.64,3.076e+10,5.947e-2,3.076e+10,
279.69,2.673e+10,2.461e-2,2.673e+10,
279.74,2.197e+10,7.564e-2,2.197e+10,
279.79,1.728e+10,3.462e-1,1.728e+10,
279.84,1.333e+10,1.517e+0,1.333e+10,
279.89,1.057e+10,6.248e+0,1.057e+10,
279.94,9.205e+9,2.417e+1,9.205e+9,
279.99,9.192e+9,8.778e+1,9.192e+9,
280.04,1.028e+10,2.995e+2,1.028e+10,
280.09,1.207e+10,9.600e+2,1.207e+10,
280.14,1.407e+10,2.891e+3,1.407e+10,
280.19,1.580e+10,8.182e+3,1.580e+10,
280.24,1.681e+10,2.176e+4,1.681e+10,
280.29,1.687e+10,5.443e+4,1.687e+10,
280.34,1.591e+10,1.280e+5,1.591e+10,
280.39,1.409e+10,2.832e+5,1.409e+10,
280.44,1.171e+10,5.895e+5,1.171e+10,
280.49,9.135e+9,1.155e+6,9.134e+9,
280.54,6.688e+9,2.133e+6,6.686e+9,
280.59,4.597e+9,3.710e+6,4.593e+9,
280.64,2.966e+9,6.084e+6,2.960e+9,
280.69,1.800e+9,9.414e+6,1.790e+9,
280.74,1.030e+9,1.375e+7,1.016e+9,
280.79,5.600e+8,1.898e+7,5.411e+8,
280.84,2.951e+8,2.476e+7,2.703e+8,
280.89,1.573e+8,3.056e+7,1.268e+8,
280.94,9.147e+7,3.571e+7,5.576e+7,
280.99,6.254e+7,3.952e+7,2.302e+7,
281.04,5.036e+7,4.144e+7,8.917e+6,
281.09,4.444e+7,4.120e+7,3.241e+6,
281.14,3.995e+7,3.884e+7,1.105e+6,
281.19,3.508e+7,3.472e+7,3.537e+5,
281.24,2.954e+7,2.943e+7,1.062e+5,
281.29,2.368e+7,2.365e+7,2.993e+4,
281.34,1.801e+7,1.800e+7,7.913e+3,
281.39,1.299e+7,1.298e+7,1.963e+3,
281.44,8.863e+6,8.863e+6,4.570e+2,
281.49,5.724e+6,5.724e+6,9.981e+1,
281.54,3.495e+6,3.495e+6,2.046e+1,
281.59,2.016e+6,2.016e+6,3.934e+0,
281.64,1.098e+6,1.098e+6,7.100e-1,
281.69,5.648e+5,5.648e+5,1.202e-1,
281.74,2.739e+5,2.739e+5,1.910e-2,
281.79,1.253e+5,1.253e+5,2.848e-3,
281.84,5.399e+4,5.399e+4,3.984e-4,
281.89,2.192e+4,2.192e+4,5.230e-5,
281.94,8.382e+3,8.382e+3,6.442e-6,
281.99,3.017e+3,3.017e+3,,
282.04,1.022e+3,1.022e+3,,
282.09,3.258e+2,3.258e+2,,
282.14,9.770e+1,9.770e+1,,
282.19,2.756e+1,2.756e+1,,
282.24,7.308e+0,7.308e+0,,
282.29,1.822e+0,1.822e+0,,
282.34,4.272e-1,4.272e-1,,
282.39,9.413e-2,9.413e-2,,
282.44,1.949e-2,1.949e-2,,
282.49,3.794e-3,3.794e-3,,
282.54,6.938e-4,6.938e-4,,
282.59,1.192e-4,1.192e-4,,
282.64,1.924e-5,1.924e-5,,
282.69,2.918e-6,2.918e-6,,
282.74,4.156e-7,4.156e-7,,
282.79,5.561e-8,5.561e-8,,
282.84,6.587e-9,6.587e-9,,
282.89,7.818e-10,7.818e-10,,
282.94,4.124e-9,4.124e-9,,
282.99,3.381e-8,3.381e-8,,
283.04,2.606e-7,2.606e-7,,
283.09,1.889e-6,1.889e-6,,
283.14,1.294e-5,1.294e-5,,
283.19,8.297e-5,8.297e-5,,
283.24,5.003e-4,5.003e-4,,
283.29,2.838e-3,2.838e-3,,
283.34,1.514e-2,1.514e-2,,
283.39,7.595e-2,7.595e-2,,
283.44,3.584e-1,3.584e-1,,
283.49,1.591e+0,1.591e+0,,
283.54,6.649e+0,6.649e+0,,
283.59,2.614e+1,2.614e+1,,
283.64,9.672e+1,9.672e+1,,
283.69,3.370e+2,3.370e+2,,
283.74,1.106e+3,1.106e+3,,
283.79,3.417e+3,3.417e+3,,
283.84,9.956e+3,9.956e+3,,
283.89,2.735e+4,2.735e+4,,
283.94,7.093e+4,7.093e+4,,
283.99,1.738e+5,1.738e+5,,
284.04,4.029e+5,4.029e+5,,
284.09,8.864e+5,8.864e+5,,
284.14,1.857e+6,1.857e+6,,
284.19,3.730e+6,3.730e+6,,
284.24,7.248e+6,7.248e+6,,
284.29,1.382e+7,1.382e+7,,
284.34,2.630e+7,2.630e+7,,
284.39,5.079e+7,5.079e+7,,
284.44,1.005e+8,1.005e+8,,
284.49,2.033e+8,2.033e+8,,
284.54,4.147e+8,4.147e+8,,
284.59,8.373e+8,8.373e+8,,
284.64,1.646e+9,1.646e+9,,
284.69,3.110e+9,3.110e+9,,
284.74,5.601e+9,5.601e+9,,
284.79,9.563e+9,9.563e+9,,
284.84,1.543e+10,1.543e+10,,
284.89,2.347e+10,2.347e+10,,
284.94,3.364e+10,3.364e+10,,
284.99,4.538e+10,4.538e+10,,
285.04,5.761e+10,5.761e+10,,
285.09,6.881e+10,6.881e+10,,
285.14,7.729e+10,7.729e+10,,
285.19,8.166e+10,8.166e+10,,
285.24,8.114e+10,8.114e+10,,
285.29,7.582e+10,7.582e+10,,
285.34,6.662e+10,6.662e+10,,
285.39,5.506e+10,5.506e+10,,
285.44,4.279e+10,4.279e+10,,
285.49,3.127e+10,3.127e+10,,
285.54,2.149e+10,2.149e+10,,
285.59,1.389e+10,1.389e+10,,
285.64,8.441e+9,8.441e+9,,
285.69,4.825e+9,4.825e+9,,
285.74,2.593e+9,2.593e+9,,
285.79,1.311e+9,1.311e+9,,
285.84,6.229e+8,6.229e+8,,
285.89,2.784e+8,2.784e+8,,
285.94,1.170e+8,1.170e+8,,
285.99,4.626e+7,4.626e+7,,
286.04,1.719e+7,1.719e+7,,
286.09,6.010e+6,6.010e+6,,
286.14,1.976e+6,1.976e+6,,
286.19,6.107e+5,6.107e+5,,
286.24,1.775e+5,1.775e+5,,
286.29,4.853e+4,4.853e+4,,
286.34,1.247e+4,1.247e+4,,
286.39,3.016e+3,3.016e+3,,
286.44,6.855e+2,6.855e+2,,
286.49,1.465e+2,1.465e+2,,
286.54,2.946e+1,2.946e+1,,
286.59,5.569e+0,5.569e+0,,
286.64,9.901e-1,9.901e-1,,
286.69,1.655e-1,1.655e-1,,
286.74,2.602e-2,2.602e-2,,
286.79,3.847e-3,3.847e-3,,
286.84,5.349e-4,5.349e-4,,
286.89,6.993e-5,6.993e-5,,
286.94,8.594e-6,8.594e-6,,
289.79,4.993e-9,4.993e-9,,
289.84,3.845e-8,3.845e-8,,
289.89,2.791e-7,2.791e-7,,
289.94,1.911e-6,1.911e-6,,
289.99,1.233e-5,1.233e-5,,
290.04,7.505e-5,7.505e-5,,
290.09,4.306e-4,4.306e-4,,
290.14,2.330e-3,2.330e-3,,
290.19,1.188e-2,1.188e-2,,
290.24,5.716e-2,5.716e-2,,
290.29,2.592e-1,2.592e-1,,
290.34,1.108e+0,1.108e+0,,
290.39,4.468e+0,4.468e+0,,
290.44,1.698e+1,1.698e+1,,
290.49,6.087e+1,6.087e+1,,
290.54,2.057e+2,2.057e+2,,
290.59,6.554e+2,6.554e+2,,
290.64,1.969e+3,1.969e+3,,
290.69,5.577e+3,5.577e+3,,
290.74,1.490e+4,1.490e+4,,
290.79,3.751e+4,3.751e+4,,
290.84,8.906e+4,8.906e+4,,
290.89,1.994e+5,1.994e+5,,
290.94,4.209e+5,4.209e+5,,
290.99,8.376e+5,8.376e+5,,
291.04,1.572e+6,1.572e+6,,
291.09,2.781e+6,2.781e+6,2.246e-9,
291.14,4.639e+6,4.639e+6,1.718e-8,
291.19,7.297e+6,7.297e+6,1.240e-7,
291.24,1.082e+7,1.082e+7,8.438e-7,
291.29,1.513e+7,1.513e+7,5.419e-6,
291.34,1.995e+7,1.995e+7,3.283e-5,
291.39,2.481e+7,2.481e+7,1.876e-4,
291.44,2.908e+7,2.908e+7,1.011e-3,
291.49,3.213e+7,3.213e+7,5.143e-3,
291.54,3.348e+7,3.348e+7,2.468e-2,
291.59,3.290e+7,3.290e+7,1.117e-1,
291.64,3.048e+7,3.048e+7,4.769e-1,
291.69,2.662e+7,2.662e+7,1.921e+0,
291.74,2.192e+7,2.192e+7,7.300e+0,
291.79,1.702e+7,1.702e+7,2.617e+1,
291.84,1.246e+7,1.246e+7,8.849e+1,
291.89,8.604e+6,8.604e+6,2.823e+2,
291.94,5.601e+6,5.600e+6,8.496e+2,
291.99,3.439e+6,3.437e+6,2.412e+3,
292.04,1.995e+6,1.989e+6,6.461e+3,
292.09,1.101e+6,1.085e+6,1.632e+4,
292.14,5.971e+5,5.582e+5,3.891e+4,
292.19,3.582e+5,2.707e+5,8.750e+4,
292.24,3.094e+5,1.238e+5,1.856e+5,
292.29,4.248e+5,5.339e+4,3.714e+5,
292.34,7.229e+5,2.170e+4,7.012e+5,
292.39,1.257e+6,8.320e+3,1.249e+6,
292.44,2.101e+6,3.007e+3,2.098e+6,
292.49,3.326e+6,1.025e+3,3.325e+6,
292.54,4.972e+6,3.293e+2,4.972e+6,
292.59,7.013e+6,9.977e+1,7.013e+6,
292.64,9.332e+6,2.850e+1,9.332e+6,
292.69,1.171e+7,7.676e+0,1.171e+7,
292.74,1.387e+7,1.950e+0,1.387e+7,
292.79,1.550e+7,4.696e-1,1.550e+7,
292.84,1.635e+7,1.194e-1,1.635e+7,
292.89,1.628e+7,8.779e-2,1.628e+7,
292.94,1.532e+7,2.929e-1,1.532e+7,
292.99,1.368e+7,1.202e+0,1.368e+7,
293.04,1.168e+7,4.724e+0,1.168e+7,
293.09,9.714e+6,1.753e+1,9.714e+6,
293.14,8.176e+6,6.141e+1,8.176e+6,
293.19,7.415e+6,2.030e+2,7.414e+6,
293.24,7.694e+6,6.336e+2,7.693e+6,
293.3,9.603e+6,2.300e+3,9.601e+6,
293.35,1.250e+7,6.322e+3,1.249e+7,
293.4,1.637e+7,1.640e+4,1.636e+7,
293.45,2.085e+7,4.015e+4,2.081e+7,
293.5,2.537e+7,9.278e+4,2.528e+7,
293.55,2.933e+7,2.024e+5,2.913e+7,
293.6,3.215e+7,4.166e+5,3.173e+7,
293.65,3.346e+7,8.096e+5,3.265e+7,
293.7,3.319e+7,1.485e+6,3.171e+7,
293.75,3.164e+7,2.570e+6,2.907e+7,
293.8,2.934e+7,4.200e+6,2.514e+7,
293.85,2.700e+7,6.478e+6,2.052e+7,
293.9,2.524e+7,9.430e+6,1.581e+7,
293.95,2.445e+7,1.296e+7,1.149e+7,
294,2.469e+7,1.680e+7,7.884e+6,
294.05,2.567e+7,2.057e+7,5.104e+6,
294.1,2.688e+7,2.376e+7,3.118e+6,
294.15,2.771e+7,2.591e+7,1.797e+6,
294.2,2.765e+7,2.667e+7,9.777e+5,
294.25,2.642e+7,2.591e+7,5.019e+5,
294.3,2.401e+7,2.376e+7,2.431e+5,
294.35,2.068e+7,2.057e+7,1.111e+5,
294.4,1.685e+7,1.680e+7,4.794e+4,
294.45,1.298e+7,1.296e+7,1.952e+4,
294.5,9.437e+6,9.430e+6,7.497e+3,
294.55,6.481e+6,6.478e+6,2.718e+3,
294.6,4.201e+6,4.200e+6,9.297e+2,
294.65,2.571e+6,2.570e+6,3.001e+2,
294.7,1.485e+6,1.485e+6,9.143e+1,
294.75,8.096e+5,8.096e+5,2.628e+1,
294.8,4.166e+5,4.166e+5,7.129e+0,
294.85,2.024e+5,2.024e+5,1.825e+0,
294.9,9.278e+4,9.278e+4,4.409e-1,
294.95,4.015e+4,4.015e+4,1.005e-1,
295,1.640e+4,1.640e+4,2.162e-2,
295.05,6.322e+3,6.322e+3,4.389e-3,
295.1,2.300e+3,2.300e+3,8.407e-4,
295.15,7.901e+2,7.901e+2,1.520e-4,
295.2,2.561e+2,2.561e+2,2.593e-5,
295.25,7.837e+1,7.837e+1,4.173e-6,
295.3,2.263e+1,2.263e+1,6.340e-7,
295.35,6.169e+0,6.169e+0,9.088e-8,
295.4,1.587e+0,1.587e+0,1.229e-8,
295.45,3.855e-1,3.855e-1,,
295.5,8.836e-2,8.836e-2,,
295.55,1.912e-2,1.912e-2,,
295.6,3.904e-3,3.904e-3,,
295.65,7.524e-4,7.524e-4,,
295.7,1.369e-4,1.369e-4,,
295.75,2.351e-5,2.351e-5,,
295.8,3.810e-6,3.810e-6,,
295.85,5.828e-7,5.828e-7,,
295.9,8.415e-8,8.415e-8,,
295.95,1.147e-8,1.147e-8,,
307.25,2.782e-8,2.782e-8,,
307.3,1.898e-7,1.898e-7,,
307.35,1.229e-6,1.229e-6,,
307.4,7.557e-6,7.557e-6,,
307.45,4.419e-5,4.419e-5,,
307.5,2.448e-4,2.448e-4,,
307.55,1.287e-3,1.287e-3,,
307.6,6.421e-3,6.421e-3,,
307.65,3.041e-2,3.041e-2,,
307.7,1.367e-1,1.367e-1,,
307.75,5.835e-1,5.835e-1,,
307.8,2.364e+0,2.364e+0,,
307.85,9.092e+0,9.092e+0,,
307.9,3.320e+1,3.320e+1,,
307.95,1.151e+2,1.151e+2,,
308,3.792e+2,3.792e+2,,
308.05,1.186e+3,1.186e+3,,
308.1,3.525e+3,3.525e+3,,
308.15,9.953e+3,9.953e+3,,
308.2,2.671e+4,2.671e+4,,
308.25,6.814e+4,6.814e+4,,
308.3,1.653e+5,1.653e+5,,
308.35,3.817e+5,3.817e+5,,
308.4,8.388e+5,8.388e+5,,
308.45,1.755e+6,1.755e+6,,
308.5,3.500e+6,3.500e+6,,
308.55,6.657e+6,6.657e+6,,
308.6,1.208e+7,1.208e+7,2.596e-11,
308.65,2.093e+7,2.093e+7,1.766e-10,
308.7,3.467e+7,3.467e+7,1.141e-9,
308.75,5.492e+7,5.492e+7,6.997e-9,
308.8,8.329e+7,8.329e+7,4.074e-8,
308.85,1.210e+8,1.210e+8,2.253e-7,
308.9,1.686e+8,1.686e+8,1.182e-6,
308.95,2.255e+8,2.255e+8,5.894e-6,
309,2.896e+8,2.896e+8,2.789e-5,
309.05,3.579e+8,3.579e+8,1.253e-4,
309.1,4.261e+8,4.261e+8,5.347e-4,
309.15,4.901e+8,4.901e+8,2.166e-3,
309.2,5.464e+8,5.464e+8,8.330e-3,
309.25,5.933e+8,5.933e+8,3.042e-2,
309.3,6.312e+8,6.312e+8,1.055e-1,
309.35,6.621e+8,6.621e+8,3.472e-1,
309.4,6.891e+8,6.891e+8,1.085e+0,
309.45,7.141e+8,7.141e+8,3.221e+0,
309.5,7.372e+8,7.372e+8,9.076e+0,
309.55,7.555e+8,7.555e+8,2.428e+1,
309.6,7.639e+8,7.639e+8,6.169e+1,
309.65,7.561e+8,7.561e+8,1.488e+2,
309.7,7.273e+8,7.273e+8,3.407e+2,
309.75,6.755e+8,6.755e+8,7.409e+2,
309.8,6.027e+8,6.027e+8,1.530e+3,
309.85,5.147e+8,5.147e+8,2.998e+3,
309.9,4.196e+8,4.196e+8,5.581e+3,
309.95,3.259e+8,3.259e+8,9.862e+3,
310,2.409e+8,2.409e+8,1.655e+4,
310.05,1.693e+8,1.693e+8,2.636e+4,
310.1,1.131e+8,1.131e+8,3.988e+4,
310.15,7.179e+7,7.174e+7,5.727e+4,
310.2,4.330e+7,4.322e+7,7.809e+4,
310.25,2.483e+7,2.473e+7,1.011e+5,
310.3,1.355e+7,1.343e+7,1.243e+5,
310.35,7.069e+6,6.924e+6,1.451e+5,
310.4,3.550e+6,3.389e+6,1.608e+5,
310.45,1.744e+6,1.575e+6,1.692e+5,
310.5,8.636e+5,6.946e+5,1.690e+5,
310.55,4.511e+5,2.908e+5,1.603e+5,
310.6,2.600e+5,1.156e+5,1.444e+5,
310.65,1.671e+5,4.359e+4,1.235e+5,
310.7,1.159e+5,1.561e+4,1.003e+5,
310.75,8.262e+4,5.305e+3,7.731e+4,
310.8,5.830e+4,1.711e+3,5.659e+4,
310.85,3.986e+4,5.241e+2,3.933e+4,
310.9,2.611e+4,1.523e+2,2.596e+4,
310.95,1.630e+4,4.203e+1,1.626e+4,
311,9.686e+3,1.101e+1,9.675e+3,
311.05,5.467e+3,2.736e+0,5.465e+3,
311.1,2.931e+3,6.456e-1,2.931e+3,
311.15,1.493e+3,1.446e-1,1.492e+3,
311.2,7.216e+2,3.074e-2,7.216e+2,
311.25,3.313e+2,6.204e-3,3.312e+2,
311.3,1.444e+2,1.188e-3,1.444e+2,
311.35,5.975e+1,2.160e-4,5.975e+1,
311.4,2.348e+1,3.728e-5,2.348e+1,
311.45,8.760e+0,6.108e-6,8.760e+0,
311.5,3.103e+0,9.497e-7,3.103e+0,
311.55,1.044e+0,1.402e-7,1.044e+0,
311.6,3.333e-1,,3.333e-1,
311.65,1.011e-1,,1.011e-1,
311.7,2.910e-2,,2.910e-2,
311.75,7.953e-3,,7.953e-3,
311.8,2.064e-3,,2.064e-3,
311.85,5.087e-4,,5.087e-4,
311.9,1.190e-4,,1.190e-4,
311.95,2.644e-5,,2.644e-5,
312,5.577e-6,,5.577e-6,
312.05,1.117e-6,,1.117e-6,
312.1,2.124e-7,,2.124e-7,
312.15,3.835e-8,,3.835e-8,
312.2,6.575e-9,,6.575e-9,
312.25,1.070e-9,,1.070e-9,
312.3,1.654e-10,,1.654e-10,
312.35,2.427e-11,,2.427e-11,
331.21,1.431e-8,1.431e-8,,
331.26,8.473e-8,8.473e-8,,
331.31,4.797e-7,4.797e-7,,
331.36,2.597e-6,2.597e-6,,
331.41,1.343e-5,1.343e-5,,
331.46,6.645e-5,6.645e-5,,
331.51,3.142e-4,3.142e-4,,
331.56,1.420e-3,1.420e-3,,
331.61,6.138e-3,6.138e-3,,
331.66,2.535e-2,2.535e-2,,
331.71,1.001e-1,1.001e-1,,
331.76,3.780e-1,3.780e-1,,
331.81,1.364e+0,1.364e+0,,
331.86,4.706e+0,4.706e+0,,
331.91,1.552e+1,1.552e+1,,
331.96,4.894e+1,4.894e+1,,
332.01,1.475e+2,1.475e+2,,
332.06,4.250e+2,4.250e+2,,
332.11,1.171e+3,1.171e+3,,
332.16,3.083e+3,3.083e+3,,
332.21,7.760e+3,7.760e+3,,
332.26,1.867e+4,1.867e+4,,
332.31,4.296e+4,4.296e+4,,
332.36,9.449e+4,9.449e+4,,
332.41,1.987e+5,1.987e+5,,
332.46,3.993e+5,3.993e+5,,
332.51,7.674e+5,7.674e+5,,
332.56,1.410e+6,1.410e+6,,
332.61,2.477e+6,2.477e+6,,
332.66,4.161e+6,4.161e+6,,
332.71,6.686e+6,6.686e+6,,
332.76,1.028e+7,1.028e+7,,
332.81,1.511e+7,1.511e+7,,
332.86,2.129e+7,2.129e+7,,
332.91,2.872e+7,2.872e+7,,
332.96,3.718e+7,3.718e+7,,
333.01,4.624e+7,4.624e+7,,
333.06,5.539e+7,5.539e+7,,
333.11,6.412e+7,6.412e+7,,
333.16,7.204e+7,7.204e+7,,
333.21,7.901e+7,7.901e+7,,
333.26,8.511e+7,8.511e+7,,
333.31,9.067e+7,9.067e+7,,
333.36,9.604e+7,9.604e+7,,
333.41,1.015e+8,1.015e+8,,
333.46,1.068e+8,1.068e+8,,
333.51,1.117e+8,1.117e+8,,
333.56,1.153e+8,1.153e+8,,
333.61,1.168e+8,1.168e+8,,
333.66,1.153e+8,1.153e+8,,
333.71,1.103e+8,1.103e+8,,
333.76,1.020e+8,1.020e+8,,
333.81,9.068e+7,9.068e+7,,
333.86,7.746e+7,7.746e+7,,
333.91,6.347e+7,6.347e+7,,
333.96,4.982e+7,4.982e+7,,
334.01,3.744e+7,3.744e+7,,
334.06,2.693e+7,2.693e+7,,
334.11,1.853e+7,1.853e+7,,
334.16,1.219e+7,1.219e+7,,
334.21,7.672e+6,7.672e+6,,
334.26,4.617e+6,4.617e+6,,
334.31,2.657e+6,2.657e+6,,
334.36,1.462e+6,1.462e+6,,
334.41,7.690e+5,7.690e+5,,
334.46,3.868e+5,3.868e+5,,
334.51,1.860e+5,1.860e+5,,
334.56,8.553e+4,8.553e+4,,
334.61,3.760e+4,3.760e+4,,
334.66,1.580e+4,1.580e+4,,
334.71,6.351e+3,6.351e+3,,
334.76,2.440e+3,2.440e+3,,
334.81,8.963e+2,8.963e+2,,
334.86,3.148e+2,3.148e+2,,
334.91,1.057e+2,1.057e+2,,
334.96,3.393e+1,3.393e+1,,
335.01,1.041e+1,1.041e+1,,
335.06,3.056e+0,3.056e+0,,
335.11,8.574e-1,8.574e-1,,
335.16,2.300e-1,2.300e-1,,
335.21,5.899e-2,5.899e-2,,
335.26,1.446e-2,1.446e-2,,
335.31,3.391e-3,3.391e-3,,
335.36,7.600e-4,7.600e-4,,
335.41,1.629e-4,1.629e-4,,
335.46,3.337e-5,3.337e-5,,
335.51,6.536e-6,6.536e-6,,
335.56,1.224e-6,1.224e-6,,
335.61,2.192e-7,2.192e-7,,
335.66,3.752e-8,3.752e-8,,
351.76,5.157e-13,,5.157e-13,
351.81,2.747e-12,,2.747e-12,
351.86,1.406e-11,,1.406e-11,
351.91,6.918e-11,,6.918e-11,
351.96,3.269e-10,,3.269e-10,
352.01,1.485e-9,,1.485e-9,
352.06,6.479e-9,,6.479e-9,
352.11,2.716e-8,,2.716e-8,
352.16,1.094e-7,,1.094e-7,
352.21,4.236e-7,,4.236e-7,
352.26,1.575e-6,,1.575e-6,
352.31,5.630e-6,,5.630e-6,
352.36,1.933e-5,,1.933e-5,
352.41,6.380e-5,,6.380e-5,
352.46,2.023e-4,,2.023e-4,
352.51,6.161e-4,,6.161e-4,
352.56,1.803e-3,,1.803e-3,
352.61,5.072e-3,,5.072e-3,
352.66,1.371e-2,,1.371e-2,
352.71,3.559e-2,,3.559e-2,
352.76,8.881e-2,,8.881e-2,
352.81,2.129e-1,,2.129e-1,
352.86,4.905e-1,,4.905e-1,
352.91,1.086e+0,,1.086e+0,
352.96,2.309e+0,,2.309e+0,
353.01,4.718e+0,,4.718e+0,
353.06,9.264e+0,,9.264e+0,
353.11,1.748e+1,,1.748e+1,
353.16,3.168e+1,,3.168e+1,
353.21,5.519e+1,,5.519e+1,
353.26,9.237e+1,,9.237e+1,
353.31,1.486e+2,,1.486e+2,
353.36,2.296e+2,,2.296e+2,
353.41,3.408e+2,,3.408e+2,
353.46,4.863e+2,,4.863e+2,
353.51,6.666e+2,,6.666e+2,
353.56,8.780e+2,,8.780e+2,
353.61,1.111e+3,,1.111e+3,
353.66,1.351e+3,,1.351e+3,
353.71,1.579e+3,,1.579e+3,
353.76,1.773e+3,,1.773e+3,
353.81,1.913e+3,,1.913e+3,
353.86,1.983e+3,,1.983e+3,
353.91,1.975e+3,,1.975e+3,
353.96,1.890e+3,,1.890e+3,
354.01,1.738e+3,,1.738e+3,
354.06,1.536e+3,,1.536e+3,
354.11,1.304e+3,,1.304e+3,
354.16,1.063e+3,,1.063e+3,
354.21,8.336e+2,,8.336e+2,
354.26,6.278e+2,,6.278e+2,
354.31,4.544e+2,,4.544e+2,
354.36,3.159e+2,,3.159e+2,
354.41,2.111e+2,,2.111e+2,
354.46,1.355e+2,,1.355e+2,
354.51,8.360e+1,,8.360e+1,
354.56,4.955e+1,,4.955e+1,
354.61,2.822e+1,,2.822e+1,
354.66,1.544e+1,,1.544e+1,
354.71,8.120e+0,,8.120e+0,
354.76,4.103e+0,,4.103e+0,
354.81,1.992e+0,,1.992e+0,
354.86,9.290e-1,,9.290e-1,
354.91,4.164e-1,,4.164e-1,
354.96,1.793e-1,,1.793e-1,
355.01,7.420e-2,,7.420e-2,
355.07,2.442e-2,,2.442e-2,
355.12,9.254e-3,,9.254e-3,
355.17,3.370e-3,,3.370e-3,
355.22,1.179e-3,,1.179e-3,
355.27,3.965e-4,,3.965e-4,
355.32,1.281e-4,,1.281e-4,
355.37,3.976e-5,,3.976e-5,
355.42,1.186e-5,,1.186e-5,
355.47,3.399e-6,,3.399e-6,
355.52,9.360e-7,,9.360e-7,
355.57,2.477e-7,,2.477e-7,
355.62,6.297e-8,,6.297e-8,
355.67,1.538e-8,,1.538e-8,
355.72,3.611e-9,,3.611e-9,
355.77,8.144e-10,,8.144e-10,
355.82,1.765e-10,,1.765e-10,
355.87,3.675e-11,,3.675e-11,
355.92,7.354e-12,,7.354e-12,
355.97,1.414e-12,,1.414e-12,
356.02,2.612e-13,,2.612e-13,
360.57,4.421e-11,4.421e-11,,
360.62,2.291e-10,2.291e-10,,
360.67,1.143e-9,1.143e-9,,
360.72,5.489e-9,5.489e-9,,
360.77,2.538e-8,2.538e-8,,
360.82,1.130e-7,1.130e-7,,
360.87,4.841e-7,4.841e-7,,
360.92,1.997e-6,1.997e-6,,
360.97,7.932e-6,7.932e-6,,
361.02,3.033e-5,3.033e-5,,
361.07,1.117e-4,1.117e-4,,
361.12,3.957e-4,3.957e-4,,
361.17,1.350e-3,1.350e-3,,
361.22,4.434e-3,4.434e-3,,
361.27,1.402e-2,1.402e-2,,
361.32,4.268e-2,4.268e-2,,
361.37,1.251e-1,1.251e-1,,
361.42,3.529e-1,3.529e-1,,
361.47,9.587e-1,9.587e-1,,
361.52,2.507e+0,2.507e+0,,
361.57,6.311e+0,6.311e+0,,
361.62,1.530e+1,1.530e+1,,
361.67,3.569e+1,3.569e+1,,
361.72,8.018e+1,8.018e+1,,
361.77,1.734e+2,1.734e+2,,
361.82,3.610e+2,3.610e+2,,
361.87,7.235e+2,7.235e+2,,
361.92,1.396e+3,1.396e+3,,
361.97,2.593e+3,2.593e+3,,
362.02,4.638e+3,4.638e+3,,
362.07,7.986e+3,7.986e+3,,
362.12,1.324e+4,1.324e+4,,
362.17,2.112e+4,2.112e+4,,
362.22,3.245e+4,3.245e+4,,
362.27,4.799e+4,4.799e+4,,
362.32,6.833e+4,6.833e+4,,
362.37,9.366e+4,9.366e+4,,
362.42,1.236e+5,1.236e+5,,
362.47,1.570e+5,1.570e+5,,
362.52,1.921e+5,1.921e+5,,
362.57,2.261e+5,2.261e+5,,
362.62,2.564e+5,2.564e+5,,
362.67,2.798e+5,2.798e+5,,
362.72,2.939e+5,2.939e+5,,
362.77,2.973e+5,2.973e+5,,
362.82,2.895e+5,2.895e+5,,
362.87,2.714e+5,2.714e+5,,
362.92,2.449e+5,2.449e+5,,
362.97,2.128e+5,2.128e+5,,
363.02,1.780e+5,1.780e+5,,
363.07,1.433e+5,1.433e+5,,
363.12,1.111e+5,1.111e+5,,
363.17,8.294e+4,8.294e+4,,
363.22,5.960e+4,5.960e+4,,
363.27,4.122e+4,4.122e+4,,
363.32,2.745e+4,2.745e+4,,
363.37,1.760e+4,1.760e+4,,
363.42,1.086e+4,1.086e+4,,
363.47,6.455e+3,6.455e+3,,
363.52,3.693e+3,3.693e+3,,
363.57,2.034e+3,2.034e+3,,
363.62,1.078e+3,1.078e+3,,
363.67,5.504e+2,5.504e+2,,
363.72,2.704e+2,2.704e+2,,
363.77,1.279e+2,1.279e+2,,
363.82,5.827e+1,5.827e+1,,
363.87,2.555e+1,2.555e+1,,
363.92,1.078e+1,1.078e+1,,
363.97,4.383e+0,4.383e+0,,
364.02,1.715e+0,1.715e+0,,
364.07,6.458e-1,6.458e-1,,
364.12,2.342e-1,2.342e-1,,
364.17,8.174e-2,8.174e-2,,
364.22,2.747e-2,2.747e-2,,
364.27,8.887e-3,8.887e-3,,
364.32,2.768e-3,2.768e-3,,
364.37,8.301e-4,8.301e-4,,
364.42,2.396e-4,2.396e-4,,
364.47,6.660e-5,6.660e-5,,
364.52,1.782e-5,1.782e-5,,
364.57,4.590e-6,4.590e-6,,
364.62,1.138e-6,1.138e-6,,
364.67,2.717e-7,2.717e-7,,
364.72,6.245e-8,6.245e-8,,
364.77,1.382e-8,1.382e-8,,
364.82,2.943e-9,2.943e-9,,
364.87,6.036e-10,6.036e-10,,
364.92,1.192e-10,1.192e-10,,
380.62,9.684e-8,9.684e-8,,
380.67,4.632e-7,4.632e-7,,
380.72,2.141e-6,2.141e-6,,
380.77,9.566e-6,9.566e-6,,
380.82,4.131e-5,4.131e-5,,
380.87,1.724e-4,1.724e-4,,
380.92,6.956e-4,6.956e-4,,
380.97,2.712e-3,2.712e-3,,
381.02,1.022e-2,1.022e-2,,
381.07,3.722e-2,3.722e-2,,
381.12,1.310e-1,1.310e-1,,
381.17,4.456e-1,4.456e-1,,
381.22,1.465e+0,1.465e+0,,
381.27,4.657e+0,4.657e+0,,
381.32,1.431e+1,1.431e+1,,
381.37,4.248e+1,4.248e+1,,
381.42,1.219e+2,1.219e+2,,
381.47,3.383e+2,3.383e+2,,
381.52,9.072e+2,9.072e+2,,
381.57,2.352e+3,2.352e+3,,
381.62,5.895e+3,5.895e+3,,
381.67,1.429e+4,1.429e+4,,
381.72,3.347e+4,3.347e+4,,
381.77,7.584e+4,7.584e+4,,
381.82,1.662e+5,1.662e+5,,
381.87,3.522e+5,3.522e+5,,
381.92,7.220e+5,7.220e+5,,
381.97,1.432e+6,1.432e+6,,
382.02,2.749e+6,2.749e+6,,
382.07,5.108e+6,5.108e+6,,
382.12,9.192e+6,9.192e+6,,
382.17,1.602e+7,1.602e+7,,
382.22,2.706e+7,2.706e+7,,
382.27,4.432e+7,4.432e+7,,
382.32,7.041e+7,7.041e+7,,
382.37,1.086e+8,1.086e+8,,
382.42,1.626e+8,1.626e+8,,
382.47,2.368e+8,2.368e+8,,
382.52,3.354e+8,3.354e+8,,
382.57,4.623e+8,4.623e+8,,
382.62,6.209e+8,6.209e+8,,
382.67,8.129e+8,8.129e+8,,
382.72,1.038e+9,1.038e+9,,
382.77,1.294e+9,1.294e+9,,
382.82,1.574e+9,1.574e+9,,
382.87,1.870e+9,1.870e+9,,
382.92,2.170e+9,2.170e+9,,
382.97,2.461e+9,2.461e+9,,
383.02,2.727e+9,2.727e+9,,
383.07,2.956e+9,2.956e+9,,
383.12,3.138e+9,3.138e+9,,
383.17,3.268e+9,3.268e+9,,
383.22,3.350e+9,3.350e+9,,
383.27,3.393e+9,3.393e+9,,
383.32,3.414e+9,3.414e+9,,
383.37,3.434e+9,3.434e+9,,
383.42,3.474e+9,3.474e+9,,
383.47,3.549e+9,3.549e+9,,
383.52,3.667e+9,3.667e+9,,
383.57,3.824e+9,3.824e+9,,
383.62,4.003e+9,4.003e+9,,
383.67,4.180e+9,4.180e+9,,
383.72,4.322e+9,4.322e+9,,
383.77,4.397e+9,4.397e+9,,
383.82,4.380e+9,4.380e+9,,
383.87,4.256e+9,4.256e+9,,
383.92,4.021e+9,4.021e+9,,
383.97,3.688e+9,3.688e+9,,
384.02,3.279e+9,3.279e+9,,
384.07,2.823e+9,2.823e+9,,
384.12,2.352e+9,2.352e+9,,
384.17,1.896e+9,1.896e+9,,
384.22,1.479e+9,1.479e+9,,
384.27,1.115e+9,1.115e+9,,
384.32,8.127e+8,8.127e+8,,
384.37,5.727e+8,5.727e+8,,
384.42,3.902e+8,3.902e+8,,
384.47,2.570e+8,2.570e+8,,
384.52,1.636e+8,1.636e+8,,
384.57,1.007e+8,1.007e+8,,
384.62,5.992e+7,5.992e+7,,
384.67,3.446e+7,3.446e+7,,
384.72,1.916e+7,1.916e+7,,
384.77,1.029e+7,1.029e+7,,
384.82,5.347e+6,5.347e+6,,
384.87,2.685e+6,2.685e+6,,
384.92,1.303e+6,1.303e+6,,
384.97,6.113e+5,6.113e+5,,
385.02,2.772e+5,2.772e+5,,
385.07,1.215e+5,1.215e+5,,
385.12,5.149e+4,5.149e+4,,
385.17,2.109e+4,2.109e+4,,
385.22,8.350e+3,8.350e+3,,
385.27,3.196e+3,3.196e+3,,
385.32,1.182e+3,1.182e+3,,
385.37,4.228e+2,4.228e+2,,
385.42,1.461e+2,1.461e+2,,
385.47,4.883e+1,4.883e+1,,
385.52,1.577e+1,1.577e+1,,
385.57,4.924e+0,4.924e+0,,
385.62,1.486e+0,1.486e+0,,
385.67,4.335e-1,4.335e-1,,
385.72,1.222e-1,1.222e-1,,
385.77,3.332e-2,3.332e-2,,
385.82,8.779e-3,8.779e-3,,
385.87,2.236e-3,2.236e-3,,
385.93,4.142e-4,4.142e-4,,
385.98,9.789e-5,9.789e-5,,
386.03,2.237e-5,2.237e-5,,
386.08,4.940e-6,4.940e-6,,
386.13,1.055e-6,1.055e-6,,
386.68,4.247e-10,4.247e-10,,
386.73,1.961e-9,1.961e-9,,
386.78,8.759e-9,8.759e-9,,
386.83,3.838e-8,3.838e-8,,
386.88,1.607e-7,1.607e-7,,
386.93,6.514e-7,6.514e-7,,
386.98,2.555e-6,2.555e-6,,
387.03,9.697e-6,9.697e-6,,
387.08,3.562e-5,3.562e-5,,
387.13,1.266e-4,1.266e-4,,
387.18,4.355e-4,4.355e-4,,
387.23,1.450e-3,1.450e-3,,
387.28,4.673e-3,4.673e-3,,
387.33,1.458e-2,1.458e-2,,
387.38,4.401e-2,4.401e-2,,
387.43,1.287e-1,1.287e-1,,
387.48,3.641e-1,3.641e-1,,
387.53,9.974e-1,9.974e-1,,
387.58,2.646e+0,2.646e+0,,
387.63,6.796e+0,6.796e+0,,
387.68,1.690e+1,1.690e+1,,
387.73,4.072e+1,4.072e+1,,
387.78,9.502e+1,9.502e+1,,
387.83,2.148e+2,2.148e+2,,
387.88,4.703e+2,4.703e+2,,
387.93,9.980e+2,9.980e+2,,
387.98,2.052e+3,2.052e+3,,
388.03,4.091e+3,4.091e+3,,
388.08,7.904e+3,7.904e+3,,
388.13,1.481e+4,1.481e+4,,
388.18,2.691e+4,2.691e+4,,
388.23,4.742e+4,4.742e+4,,
388.28,8.108e+4,8.108e+4,,
388.33,1.345e+5,1.345e+5,,
388.38,2.167e+5,2.167e+5,,
388.43,3.390e+5,3.390e+5,,
388.48,5.150e+5,5.150e+5,,
388.53,7.601e+5,7.601e+5,,
388.58,1.091e+6,1.091e+6,,
388.63,1.522e+6,1.522e+6,,
388.68,2.066e+6,2.066e+6,,
388.73,2.731e+6,2.731e+6,,
388.78,3.518e+6,3.518e+6,,
388.83,4.418e+6,4.418e+6,,
388.88,5.417e+6,5.417e+6,,
388.93,6.489e+6,6.489e+6,,
388.98,7.605e+6,7.605e+6,,
389.03,8.732e+6,8.732e+6,,
389.08,9.836e+6,9.836e+6,,
389.13,1.088e+7,1.088e+7,,
389.18,1.185e+7,1.185e+7,,
389.23,1.269e+7,1.269e+7,,
389.28,1.340e+7,1.340e+7,,
389.33,1.394e+7,1.394e+7,,
389.38,1.429e+7,1.429e+7,,
389.43,1.443e+7,1.443e+7,,
389.48,1.434e+7,1.434e+7,,
389.53,1.400e+7,1.400e+7,,
389.58,1.343e+7,1.343e+7,,
389.63,1.263e+7,1.263e+7,,
389.68,1.163e+7,1.163e+7,,
389.73,1.048e+7,1.048e+7,,
389.78,9.235e+6,9.235e+6,,
389.83,7.950e+6,7.950e+6,,
389.88,6.683e+6,6.683e+6,,
389.93,5.484e+6,5.484e+6,,
389.98,4.392e+6,4.392e+6,,
390.03,3.431e+6,3.431e+6,,
390.08,2.616e+6,2.616e+6,,
390.13,1.945e+6,1.945e+6,,
390.18,1.410e+6,1.410e+6,,
390.23,9.975e+5,9.975e+5,,
390.28,6.878e+5,6.878e+5,,
390.33,4.623e+5,4.623e+5,,
390.38,3.028e+5,3.028e+5,,
390.43,1.932e+5,1.932e+5,,
390.48,1.200e+5,1.200e+5,,
390.53,7.257e+4,7.257e+4,,
390.58,4.269e+4,4.269e+4,,
390.63,2.442e+4,2.442e+4,,
390.68,1.358e+4,1.358e+4,,
390.73,7.332e+3,7.332e+3,,
390.78,3.846e+3,3.846e+3,,
390.83,1.958e+3,1.958e+3,,
390.88,9.672e+2,9.672e+2,,
390.93,4.635e+2,4.635e+2,,
390.98,2.153e+2,2.153e+2,,
391.03,9.700e+1,9.700e+1,,
391.08,4.235e+1,4.235e+1,,
391.13,1.791e+1,1.791e+1,,
391.18,7.341e+0,7.341e+0,,
391.23,2.914e+0,2.914e+0,,
391.28,1.120e+0,1.120e+0,,
391.33,4.170e-1,4.170e-1,,
391.38,1.503e-1,1.503e-1,,
391.43,5.245e-2,5.245e-2,,
391.48,1.772e-2,1.772e-2,,
391.53,5.795e-3,5.795e-3,,
391.58,1.834e-3,1.834e-3,,
391.63,5.621e-4,5.621e-4,,
391.68,1.674e-4,1.674e-4,,
391.73,5.087e-5,5.087e-5,,
391.78,2.495e-5,2.495e-5,,
391.83,4.690e-5,4.690e-5,,
391.88,1.567e-4,1.567e-4,,
391.93,5.426e-4,5.426e-4,,
391.98,1.829e-3,1.829e-3,,
392.03,5.969e-3,5.969e-3,,
392.08,1.887e-2,1.887e-2,,
392.13,5.774e-2,5.774e-2,,
392.18,1.711e-1,1.711e-1,,
392.23,4.909e-1,4.909e-1,,
392.28,1.364e+0,1.364e+0,,
392.33,3.669e+0,3.669e+0,,
392.38,9.558e+0,9.558e+0,,
392.43,2.411e+1,2.411e+1,,
392.48,5.888e+1,5.888e+1,,
392.53,1.392e+2,1.392e+2,,
392.58,3.188e+2,3.188e+2,,
392.63,7.068e+2,7.068e+2,,
392.68,1.517e+3,1.517e+3,,
392.73,3.154e+3,3.154e+3,,
392.78,6.349e+3,6.349e+3,,
392.83,1.237e+4,1.237e+4,,
392.88,2.335e+4,2.335e+4,,
392.93,4.266e+4,4.266e+4,,
392.98,7.548e+4,7.548e+4,,
393.03,1.293e+5,1.293e+5,,
393.08,2.145e+5,2.145e+5,,
393.13,3.445e+5,3.445e+5,,
393.18,5.358e+5,5.358e+5,,
393.23,8.069e+5,8.069e+5,,
393.28,1.177e+6,1.177e+6,,
393.33,1.661e+6,1.661e+6,,
393.38,2.271e+6,2.271e+6,,
393.43,3.006e+6,3.006e+6,,
393.48,3.853e+6,3.853e+6,,
393.53,4.782e+6,4.782e+6,,
393.58,5.746e+6,5.746e+6,,
393.63,6.686e+6,6.686e+6,,
393.68,7.533e+6,7.533e+6,,
393.73,8.219e+6,8.219e+6,,
393.78,8.681e+6,8.681e+6,,
393.83,8.880e+6,8.880e+6,,
393.88,8.794e+6,8.794e+6,,
393.93,8.433e+6,8.433e+6,,
393.98,7.831e+6,7.831e+6,,
394.03,7.040e+6,7.040e+6,,
394.08,6.129e+6,6.129e+6,,
394.13,5.167e+6,5.167e+6,,
394.18,4.217e+6,4.217e+6,,
394.23,3.333e+6,3.333e+6,,
394.28,2.550e+6,2.550e+6,,
394.33,1.890e+6,1.890e+6,,
394.38,1.356e+6,1.356e+6,,
394.43,9.419e+5,9.419e+5,,
394.48,6.336e+5,6.336e+5,,
394.53,4.127e+5,4.127e+5,,
394.58,2.603e+5,2.603e+5,,
394.63,1.589e+5,1.589e+5,,
394.68,9.398e+4,9.398e+4,,
394.73,5.381e+4,5.381e+4,,
394.78,2.983e+4,2.983e+4,,
394.83,1.601e+4,1.601e+4,,
394.88,8.323e+3,8.323e+3,,
394.93,4.189e+3,4.189e+3,,
394.98,2.041e+3,2.041e+3,,
395.03,9.632e+2,9.632e+2,,
395.08,4.401e+2,4.401e+2,,
395.13,1.947e+2,1.947e+2,,
395.18,8.340e+1,8.340e+1,,
395.23,3.459e+1,3.459e+1,,
395.28,1.389e+1,1.389e+1,,
395.33,5.402e+0,5.402e+0,,
395.38,2.034e+0,2.034e+0,,
395.43,7.417e-1,7.417e-1,,
395.48,2.618e-1,2.618e-1,,
395.53,8.950e-2,8.950e-2,,
395.58,2.962e-2,2.962e-2,,
395.63,9.494e-3,9.494e-3,,
395.68,2.946e-3,2.946e-3,,
395.73,8.853e-4,8.853e-4,,
395.78,2.576e-4,2.576e-4,,
395.83,7.257e-5,7.257e-5,,
395.88,1.979e-5,1.979e-5,,
395.93,5.228e-6,5.228e-6,,
395.98,1.337e-6,1.337e-6,,
396.03,3.311e-7,3.311e-7,,
396.08,7.940e-8,7.940e-8,,
396.13,1.844e-8,1.844e-8,,
396.18,4.144e-9,4.144e-9,,
396.23,9.022e-10,9.022e-10,,
396.28,2.231e-9,2.231e-9,,
396.33,9.940e-9,9.940e-9,,
396.38,4.292e-8,4.292e-8,,
396.43,1.796e-7,1.796e-7,,
396.48,7.282e-7,7.282e-7,,
396.53,2.861e-6,2.861e-6,,
396.58,1.089e-5,1.089e-5,,
396.63,4.019e-5,4.019e-5,,
396.68,1.437e-4,1.437e-4,,
396.73,4.979e-4,4.979e-4,,
396.78,1.671e-3,1.671e-3,,
396.83,5.438e-3,5.438e-3,,
396.88,1.714e-2,1.714e-2,,
396.93,5.237e-2,5.237e-2,,
396.98,1.550e-1,1.550e-1,,
397.03,4.447e-1,4.447e-1,,
397.08,1.236e+0,1.236e+0,,
397.13,3.330e+0,3.330e+0,,
397.18,8.693e+0,8.693e+0,,
397.23,2.199e+1,2.199e+1,,
397.28,5.390e+1,5.390e+1,,
397.33,1.280e+2,1.280e+2,,
397.38,2.947e+2,2.947e+2,,
397.43,6.572e+2,6.572e+2,,
397.48,1.420e+3,1.420e+3,,
397.53,2.975e+3,2.975e+3,,
397.58,6.038e+3,6.038e+3,,
397.63,1.187e+4,1.187e+4,,
397.68,2.263e+4,2.263e+4,,
397.73,4.179e+4,4.179e+4,,
397.78,7.479e+4,7.479e+4,,
397.83,1.297e+5,1.297e+5,,
397.88,2.179e+5,2.179e+5,,
397.93,3.549e+5,3.549e+5,,
397.98,5.600e+5,5.600e+5,,
398.03,8.563e+5,8.563e+5,,
398.08,1.269e+6,1.269e+6,,
398.13,1.822e+6,1.822e+6,,
398.18,2.535e+6,2.535e+6,,
398.23,3.418e+6,3.418e+6,,
398.28,4.466e+6,4.466e+6,,
398.33,5.654e+6,5.654e+6,,
398.38,6.937e+6,6.937e+6,,
398.43,8.247e+6,8.247e+6,,
398.48,9.502e+6,9.502e+6,,
398.53,1.061e+7,1.061e+7,,
398.58,1.148e+7,1.148e+7,,
398.63,1.203e+7,1.203e+7,,
398.68,1.222e+7,1.222e+7,,
398.73,1.203e+7,1.203e+7,,
398.78,1.148e+7,1.148e+7,,
398.83,1.061e+7,1.061e+7,,
398.88,9.502e+6,9.502e+6,,
398.93,8.247e+6,8.247e+6,,
398.98,6.937e+6,6.937e+6,,
399.03,5.654e+6,5.654e+6,,
399.08,4.466e+6,4.466e+6,,
399.13,3.418e+6,3.418e+6,,
399.18,2.535e+6,2.535e+6,,
399.23,1.822e+6,1.822e+6,,
399.28,1.269e+6,1.269e+6,,
399.33,8.563e+5,8.563e+5,,
399.38,5.600e+5,5.600e+5,,
399.43,3.549e+5,3.549e+5,,
399.48,2.179e+5,2.179e+5,,
399.53,1.297e+5,1.297e+5,,
399.58,7.479e+4,7.479e+4,,
399.63,4.179e+4,4.179e+4,,
399.68,2.263e+4,2.263e+4,,
399.73,1.187e+4,1.187e+4,,
399.78,6.038e+3,6.038e+3,,
399.83,2.975e+3,2.975e+3,,
399.88,1.420e+3,1.420e+3,,
399.93,6.572e+2,6.572e+2,,
399.98,2.947e+2,2.947e+2,,
400.03,1.280e+2,1.280e+2,,
400.08,5.390e+1,5.390e+1,,
400.13,2.199e+1,2.199e+1,,
400.18,8.693e+0,8.693e+0,,
400.23,3.330e+0,3.330e+0,,
400.28,1.236e+0,1.236e+0,,
400.33,4.447e-1,4.447e-1,,
400.38,1.550e-1,1.550e-1,,
400.43,5.237e-2,5.237e-2,,
400.48,1.714e-2,1.714e-2,,
400.53,5.438e-3,5.438e-3,,
400.58,1.671e-3,1.671e-3,,
400.63,4.979e-4,4.979e-4,,
400.68,1.437e-4,1.437e-4,,
400.73,4.019e-5,4.019e-5,,
400.78,1.089e-5,1.089e-5,,
400.83,2.861e-6,2.861e-6,,
400.88,7.282e-7,7.282e-7,,
400.93,1.796e-7,1.796e-7,,
400.98,4.292e-8,4.292e-8,,
401.03,9.940e-9,9.940e-9,,
401.08,2.231e-9,2.231e-9,,
403.33,6.336e-9,6.336e-9,,
403.38,2.714e-8,2.714e-8,,
403.43,1.128e-7,1.128e-7,,
403.48,4.546e-7,4.546e-7,,
403.53,1.778e-6,1.778e-6,,
403.58,6.744e-6,6.744e-6,,
403.63,2.482e-5,2.482e-5,,
403.68,8.859e-5,8.859e-5,,
403.73,3.068e-4,3.068e-4,,
403.78,1.031e-3,1.031e-3,,
403.83,3.359e-3,3.359e-3,,
403.88,1.062e-2,1.062e-2,,
403.93,3.257e-2,3.257e-2,,
403.98,9.689e-2,9.689e-2,,
404.03,2.797e-1,2.797e-1,,
404.08,7.830e-1,7.830e-1,,
404.13,2.127e+0,2.127e+0,,
404.18,5.603e+0,5.603e+0,,
404.23,1.432e+1,1.432e+1,,
404.28,3.551e+1,3.551e+1,,
404.33,8.542e+1,8.542e+1,,
404.38,1.993e+2,1.993e+2,,
404.43,4.512e+2,4.512e+2,,
404.48,9.908e+2,9.908e+2,,
404.53,2.111e+3,2.111e+3,,
404.58,4.362e+3,4.362e+3,,
404.63,8.743e+3,8.743e+3,,
404.68,1.700e+4,1.700e+4,,
404.73,3.208e+4,3.208e+4,,
404.78,5.871e+4,5.871e+4,,
404.83,1.042e+5,1.042e+5,,
404.88,1.795e+5,1.795e+5,,
404.93,2.999e+5,2.999e+5,,
404.98,4.861e+5,4.861e+5,,
405.03,7.642e+5,7.642e+5,,
405.08,1.166e+6,1.166e+6,,
405.13,1.725e+6,1.725e+6,,
405.18,2.475e+6,2.475e+6,,
405.23,3.447e+6,3.447e+6,,
405.28,4.656e+6,4.656e+6,,
405.33,6.101e+6,6.101e+6,,
405.38,7.755e+6,7.755e+6,,
405.43,9.563e+6,9.563e+6,,
405.48,1.144e+7,1.144e+7,,
405.53,1.328e+7,1.328e+7,,
405.58,1.494e+7,1.494e+7,,
405.63,1.632e+7,1.632e+7,,
405.68,1.729e+7,1.729e+7,,
405.73,1.777e+7,1.777e+7,,
405.78,1.772e+7,1.772e+7,,
405.83,1.713e+7,1.713e+7,,
405.88,1.607e+7,1.607e+7,,
405.93,1.463e+7,1.463e+7,,
405.98,1.292e+7,1.292e+7,,
406.03,1.106e+7,1.106e+7,,
406.08,9.193e+6,9.193e+6,,
406.13,7.410e+6,7.410e+6,,
406.18,5.794e+6,5.794e+6,,
406.23,4.395e+6,4.395e+6,,
406.28,3.234e+6,3.234e+6,,
406.33,2.308e+6,2.308e+6,,
406.38,1.599e+6,1.599e+6,,
406.43,1.074e+6,1.074e+6,,
406.48,6.998e+5,6.998e+5,,
406.53,4.424e+5,4.424e+5,,
406.58,2.713e+5,2.713e+5,,
406.63,1.614e+5,1.614e+5,,
406.68,9.315e+4,9.315e+4,,
406.73,5.215e+4,5.215e+4,,
406.78,2.832e+4,2.832e+4,,
406.83,1.492e+4,1.492e+4,,
406.88,7.627e+3,7.627e+3,,
406.93,3.781e+3,3.781e+3,,
406.98,1.819e+3,1.819e+3,,
407.03,8.486e+2,8.486e+2,,
407.08,3.841e+2,3.841e+2,,
407.13,1.687e+2,1.687e+2,,
407.18,7.184e+1,7.184e+1,,
407.23,2.969e+1,2.969e+1,,
407.28,1.190e+1,1.190e+1,,
407.33,4.628e+0,4.628e+0,,
407.38,1.746e+0,1.746e+0,,
407.43,6.388e-1,6.388e-1,,
407.48,2.268e-1,2.268e-1,,
407.53,7.810e-2,7.810e-2,,
407.58,2.609e-2,2.609e-2,,
407.63,8.456e-3,8.456e-3,,
407.68,2.658e-3,2.658e-3,,
407.73,8.108e-4,8.108e-4,,
407.78,2.399e-4,2.399e-4,,
407.83,6.885e-5,6.885e-5,,
407.88,1.917e-5,1.917e-5,,
407.93,5.178e-6,5.178e-6,,
407.98,1.357e-6,1.357e-6,,
408.03,3.448e-7,3.448e-7,,
408.08,8.503e-8,8.503e-8,,
408.13,2.034e-8,2.034e-8,,
408.18,4.720e-9,4.720e-9,,
414.23,6.007e-9,6.007e-9,,
414.28,2.498e-8,2.498e-8,,
414.33,1.009e-7,1.009e-7,,
414.38,3.963e-7,3.963e-7,,
414.43,1.512e-6,1.512e-6,,
414.48,5.603e-6,5.603e-6,,
414.53,2.018e-5,2.018e-5,,
414.58,7.059e-5,7.059e-5,,
414.63,2.400e-4,2.400e-4,,
414.68,7.927e-4,7.927e-4,,
414.73,2.544e-3,2.544e-3,,
414.78,7.932e-3,7.932e-3,,
414.83,2.403e-2,2.403e-2,,
414.88,7.075e-2,7.075e-2,,
414.93,2.024e-1,2.024e-1,,
414.98,5.624e-1,5.624e-1,,
415.03,1.518e+0,1.518e+0,,
415.08,3.984e+0,3.984e+0,,
415.13,1.015e+1,1.015e+1,,
415.18,2.515e+1,2.515e+1,,
415.23,6.052e+1,6.052e+1,,
415.28,1.415e+2,1.415e+2,,
415.33,3.215e+2,3.215e+2,,
415.38,7.096e+2,7.096e+2,,
415.43,1.522e+3,1.522e+3,,
415.48,3.171e+3,3.171e+3,,
415.53,6.421e+3,6.421e+3,,
415.58,1.263e+4,1.263e+4,,
415.63,2.414e+4,2.414e+4,,
415.68,4.483e+4,4.483e+4,,
415.73,8.090e+4,8.090e+4,,
415.78,1.418e+5,1.418e+5,,
415.83,2.416e+5,2.416e+5,,
415.88,3.999e+5,3.999e+5,,
415.93,6.430e+5,6.430e+5,,
415.98,1.005e+6,1.005e+6,,
416.03,1.525e+6,1.525e+6,,
416.08,2.250e+6,2.250e+6,,
416.13,3.224e+6,3.224e+6,,
416.18,4.490e+6,4.490e+6,,
416.23,6.075e+6,6.075e+6,,
416.28,7.986e+6,7.986e+6,,
416.33,1.020e+7,1.020e+7,,
416.38,1.266e+7,1.266e+7,,
416.43,1.526e+7,1.526e+7,,
416.48,1.788e+7,1.788e+7,,
416.53,2.036e+7,2.036e+7,,
416.58,2.251e+7,2.251e+7,,
416.63,2.420e+7,2.420e+7,,
416.68,2.526e+7,2.526e+7,,
416.73,2.563e+7,2.563e+7,,
416.78,2.526e+7,2.526e+7,,
416.84,2.390e+7,2.390e+7,,
416.89,2.212e+7,2.212e+7,,
416.94,1.988e+7,1.988e+7,,
416.99,1.737e+7,1.737e+7,,
417.04,1.474e+7,1.474e+7,,
417.09,1.215e+7,1.215e+7,,
417.14,9.735e+6,9.735e+6,,
417.19,7.578e+6,7.578e+6,,
417.24,5.732e+6,5.732e+6,,
417.29,4.212e+6,4.212e+6,,
417.34,3.007e+6,3.007e+6,,
417.39,2.086e+6,2.086e+6,,
417.44,1.406e+6,1.406e+6,,
417.49,9.210e+5,9.210e+5,,
417.54,5.861e+5,5.861e+5,,
417.59,3.624e+5,3.624e+5,,
417.64,2.177e+5,2.177e+5,,
417.69,1.271e+5,1.271e+5,,
417.74,7.205e+4,7.205e+4,,
417.79,3.970e+4,3.970e+4,,
417.84,2.126e+4,2.126e+4,,
417.89,1.106e+4,1.106e+4,,
417.94,5.589e+3,5.589e+3,,
417.99,2.744e+3,2.744e+3,,
418.04,1.309e+3,1.309e+3,,
418.09,6.071e+2,6.071e+2,,
418.14,2.734e+2,2.734e+2,,
418.19,1.197e+2,1.197e+2,,
418.24,5.089e+1,5.089e+1,,
418.29,2.103e+1,2.103e+1,,
418.34,8.441e+0,8.441e+0,,
418.39,3.292e+0,3.292e+0,,
418.44,1.248e+0,1.248e+0,,
418.49,4.594e-1,4.594e-1,,
418.54,1.644e-1,1.644e-1,,
418.59,5.714e-2,5.714e-2,,
418.64,1.930e-2,1.930e-2,,
418.69,6.333e-3,6.333e-3,,
418.74,2.019e-3,2.019e-3,,
418.79,6.256e-4,6.256e-4,,
418.84,1.883e-4,1.883e-4,,
418.89,5.508e-5,5.508e-5,,
418.94,1.565e-5,1.565e-5,,
418.99,4.321e-6,4.321e-6,,
419.04,1.159e-6,1.159e-6,,
419.09,3.022e-7,3.022e-7,,
419.14,7.652e-8,7.652e-8,,
419.19,1.883e-8,1.883e-8,,
419.24,4.502e-9,4.502e-9,,
432.59,1.183e-8,1.183e-8,,
432.64,4.606e-8,4.606e-8,,
432.69,1.747e-7,1.747e-7,,
432.74,6.455e-7,6.455e-7,,
432.79,2.323e-6,2.323e-6,,
432.84,8.140e-6,8.140e-6,,
432.89,2.778e-5,2.778e-5,,
432.94,9.235e-5,9.235e-5,,
432.99,2.990e-4,2.990e-4,,
433.04,9.428e-4,9.428e-4,,
433.09,2.895e-3,2.895e-3,,
433.14,8.660e-3,8.660e-3,,
433.19,2.523e-2,2.523e-2,,
433.24,7.157e-2,7.157e-2,,
433.29,1.978e-1,1.978e-1,,
433.34,5.323e-1,5.323e-1,,
433.39,1.395e+0,1.395e+0,,
433.44,3.562e+0,3.562e+0,,
433.49,8.856e+0,8.856e+0,,
433.54,2.144e+1,2.144e+1,,
433.59,5.058e+1,5.058e+1,,
433.64,1.162e+2,1.162e+2,,
433.69,2.599e+2,2.599e+2,,
433.74,5.663e+2,5.663e+2,,
433.79,1.202e+3,1.202e+3,,
433.84,2.484e+3,2.484e+3,,
433.89,5.000e+3,5.000e+3,,
433.94,9.802e+3,9.802e+3,,
433.99,1.872e+4,1.872e+4,,
434.04,3.481e+4,3.481e+4,,
434.09,6.304e+4,6.304e+4,,
434.14,1.112e+5,1.112e+5,,
434.19,1.911e+5,1.911e+5,,
434.24,3.197e+5,3.197e+5,,
434.29,5.211e+5,5.211e+5,,
434.34,8.271e+5,8.271e+5,,
434.39,1.279e+6,1.279e+6,,
434.44,1.925e+6,1.925e+6,,
434.49,2.823e+6,2.823e+6,,
434.54,4.032e+6,4.032e+6,,
434.59,5.608e+6,5.608e+6,,
434.64,7.597e+6,7.597e+6,,
434.69,1.002e+7,1.002e+7,,
434.74,1.288e+7,1.288e+7,,
434.79,1.612e+7,1.612e+7,,
434.84,1.965e+7,1.965e+7,,
434.89,2.333e+7,2.333e+7,,
434.94,2.698e+7,2.698e+7,,
434.99,3.038e+7,3.038e+7,,
435.04,3.332e+7,3.332e+7,,
435.09,3.559e+7,3.559e+7,,
435.14,3.703e+7,3.703e+7,,
435.19,3.752e+7,3.752e+7,,
435.24,3.703e+7,3.703e+7,,
435.29,3.559e+7,3.559e+7,,
435.34,3.332e+7,3.332e+7,,
435.39,3.038e+7,3.038e+7,,
435.44,2.698e+7,2.698e+7,,
435.49,2.333e+7,2.333e+7,,
435.54,1.965e+7,1.965e+7,,
435.59,1.612e+7,1.612e+7,,
435.64,1.288e+7,1.288e+7,,
435.69,1.002e+7,1.002e+7,,
435.74,7.597e+6,7.597e+6,,
435.79,5.608e+6,5.608e+6,,
435.84,4.032e+6,4.032e+6,1.492e-12,
435.89,2.823e+6,2.823e+6,5.754e-12,
435.94,1.925e+6,1.925e+6,2.162e-11,
435.99,1.279e+6,1.279e+6,7.915e-11,
436.04,8.271e+5,8.271e+5,2.824e-10,
436.09,5.211e+5,5.211e+5,9.814e-10,
436.14,3.197e+5,3.197e+5,3.323e-9,
436.19,1.911e+5,1.911e+5,1.097e-8,
436.24,1.112e+5,1.112e+5,3.525e-8,
436.29,6.304e+4,6.304e+4,1.104e-7,
436.34,3.481e+4,3.481e+4,3.370e-7,
436.39,1.872e+4,1.872e+4,1.002e-6,
436.44,9.802e+3,9.802e+3,2.903e-6,
436.49,5.000e+3,5.000e+3,8.193e-6,
436.54,2.484e+3,2.484e+3,2.253e-5,
436.59,1.202e+3,1.202e+3,6.038e-5,
436.64,5.663e+2,5.663e+2,1.577e-4,
436.69,2.599e+2,2.599e+2,4.011e-4,
436.74,1.162e+2,1.162e+2,9.940e-4,
436.79,5.058e+1,5.058e+1,2.401e-3,
436.84,2.145e+1,2.144e+1,5.648e-3,
436.89,8.869e+0,8.856e+0,1.295e-2,
436.94,3.591e+0,3.562e+0,2.892e-2,
436.99,1.458e+0,1.395e+0,6.295e-2,
437.04,6.657e-1,5.323e-1,1.335e-1,
437.09,4.735e-1,1.978e-1,2.758e-1,
437.14,6.267e-1,7.157e-2,5.551e-1,
437.19,1.114e+0,2.523e-2,1.089e+0,
437.24,2.089e+0,8.660e-3,2.081e+0,
437.29,3.877e+0,2.895e-3,3.874e+0,
437.34,7.029e+0,9.428e-4,7.028e+0,
437.39,1.242e+1,2.990e-4,1.242e+1,
437.44,2.140e+1,9.235e-5,2.140e+1,
437.49,3.591e+1,2.778e-5,3.591e+1,
437.54,5.872e+1,8.140e-6,5.872e+1,
437.59,9.357e+1,2.323e-6,9.357e+1,
437.64,1.453e+2,6.455e-7,1.453e+2,
437.69,2.198e+2,1.747e-7,2.198e+2,
437.74,3.241e+2,4.606e-8,3.241e+2,
437.79,4.658e+2,1.183e-8,4.658e+2,
437.84,6.525e+2,,6.525e+2,
437.89,8.911e+2,,8.911e+2,
437.94,1.187e+3,,1.187e+3,
437.99,1.541e+3,,1.541e+3,
438.04,1.953e+3,,1.953e+3,
438.09,2.416e+3,,2.416e+3,
438.14,2.919e+3,,2.919e+3,
438.19,3.448e+3,,3.448e+3,
438.24,3.986e+3,,3.986e+3,
438.29,4.517e+3,,4.517e+3,
438.34,5.026e+3,,5.026e+3,
438.39,5.504e+3,,5.504e+3,
438.44,5.945e+3,,5.945e+3,
438.49,6.354e+3,,6.354e+3,
438.54,6.737e+3,,6.737e+3,
438.59,7.107e+3,,7.107e+3,
438.64,7.473e+3,,7.473e+3,
438.69,7.842e+3,,7.842e+3,
438.74,8.214e+3,,8.214e+3,
438.79,8.578e+3,,8.578e+3,
438.84,8.914e+3,,8.914e+3,
438.89,9.192e+3,,9.192e+3,
438.94,9.381e+3,,9.381e+3,
438.99,9.448e+3,,9.448e+3,
439.04,9.367e+3,,9.367e+3,
439.09,9.120e+3,,9.120e+3,
439.14,8.705e+3,,8.705e+3,
439.19,8.134e+3,,8.134e+3,
439.24,7.431e+3,,7.431e+3,
439.29,6.633e+3,,6.633e+3,
439.34,5.779e+3,,5.779e+3,
439.39,4.914e+3,,4.914e+3,
439.44,4.076e+3,,4.076e+3,
439.49,3.296e+3,,3.296e+3,
439.54,2.599e+3,,2.599e+3,
439.59,1.998e+3,,1.998e+3,
439.64,1.497e+3,,1.497e+3,
439.69,1.093e+3,,1.093e+3,
439.74,7.778e+2,,7.778e+2,
439.79,5.394e+2,,5.394e+2,
439.84,3.645e+2,,3.645e+2,
439.89,2.400e+2,,2.400e+2,
439.94,1.540e+2,,1.540e+2,
439.99,9.630e+1,,9.630e+1,
440.04,5.867e+1,,5.867e+1,
440.09,3.483e+1,,3.483e+1,
440.14,2.015e+1,,2.015e+1,
440.19,1.136e+1,,1.136e+1,
440.24,6.239e+0,,6.239e+0,
440.29,3.339e+0,,3.339e+0,
440.34,1.741e+0,,1.741e+0,
440.39,8.849e-1,,8.849e-1,
440.44,4.382e-1,,4.382e-1,
440.49,2.114e-1,,2.114e-1,
440.54,9.938e-2,,9.938e-2,
440.59,4.552e-2,,4.552e-2,
440.64,2.032e-2,,2.032e-2,
440.69,8.837e-3,,8.837e-3,
440.74,3.745e-3,,3.745e-3,
440.79,1.546e-3,,1.546e-3,
440.84,6.222e-4,,6.222e-4,
440.89,2.440e-4,,2.440e-4,
440.94,9.320e-5,,9.320e-5,
440.99,3.469e-5,,3.469e-5,
441.04,1.258e-5,,1.258e-5,
441.09,4.453e-6,,4.453e-6,
441.14,1.550e-6,,1.550e-6,
441.19,5.713e-7,,5.713e-7,
441.24,3.425e-7,,3.425e-7,
441.29,5.703e-7,,5.703e-7,
441.34,1.509e-6,,1.509e-6,
441.39,4.208e-6,,4.208e-6,
441.44,1.154e-5,,1.154e-5,
441.49,3.087e-5,,3.087e-5,
441.54,8.054e-5,,8.054e-5,
441.59,2.049e-4,,2.049e-4,
441.64,5.080e-4,,5.080e-4,
441.69,1.228e-3,,1.228e-3,
441.74,2.894e-3,,2.894e-3,
441.79,6.651e-3,,6.651e-3,
441.84,1.490e-2,,1.490e-2,
441.89,3.254e-2,,3.254e-2,
441.94,6.928e-2,,6.928e-2,
441.99,1.438e-1,,1.438e-1,
442.04,2.911e-1,,2.911e-1,
442.09,5.744e-1,,5.744e-1,
442.14,1.105e+0,,1.105e+0,
442.19,2.073e+0,,2.073e+0,
442.24,3.791e+0,,3.791e+0,
442.29,6.760e+0,,6.760e+0,
442.34,1.175e+1,,1.175e+1,
442.39,1.992e+1,,1.992e+1,
442.44,3.293e+1,,3.293e+1,
442.49,5.309e+1,,5.309e+1,
442.54,8.344e+1,,8.344e+1,
442.59,1.279e+2,,1.279e+2,
442.64,1.912e+2,,1.912e+2,
442.69,2.786e+2,,2.786e+2,
442.74,3.961e+2,,3.961e+2,
442.79,5.493e+2,,5.493e+2,
442.84,7.428e+2,,7.428e+2,
442.89,9.800e+2,,9.800e+2,
442.94,1.261e+3,,1.261e+3,
442.99,1.583e+3,,1.583e+3,
443.04,1.940e+3,,1.940e+3,
443.09,2.319e+3,,2.319e+3,
443.14,2.705e+3,,2.705e+3,
443.19,3.080e+3,,3.080e+3,
443.24,3.423e+3,,3.423e+3,
443.29,3.714e+3,,3.714e+3,
443.34,3.935e+3,,3.935e+3,
443.39,4.071e+3,,4.071e+3,
443.44,4.115e+3,,4.115e+3,
443.49,4.063e+3,,4.063e+3,
443.54,3.920e+3,,3.920e+3,
443.59,3.696e+3,,3.696e+3,
443.64,3.407e+3,,3.407e+3,
443.69,3.071e+3,,3.071e+3,
443.74,2.707e+3,,2.707e+3,
443.79,2.334e+3,,2.334e+3,
443.84,1.969e+3,,1.969e+3,
443.89,1.625e+3,,1.625e+3,
443.94,1.312e+3,,1.312e+3,
443.99,1.038e+3,,1.038e+3,
444.04,8.031e+2,,8.031e+2,
444.09,6.085e+2,,6.085e+2,
444.14,4.514e+2,,4.514e+2,
444.19,3.278e+2,,3.278e+2,
444.24,2.330e+2,,2.330e+2,
444.29,1.622e+2,,1.622e+2,
444.34,1.105e+2,,1.105e+2,
444.39,7.364e+1,,7.364e+1,
444.44,4.804e+1,,4.804e+1,
444.49,3.066e+1,,3.066e+1,
444.54,1.914e+1,,1.914e+1,
444.59,1.169e+1,,1.169e+1,
444.64,6.977e+0,,6.977e+0,
444.69,4.072e+0,,4.072e+0,
444.74,2.323e+0,,2.323e+0,
444.79,1.295e+0,,1.295e+0,
444.84,7.051e-1,,7.051e-1,
444.89,3.750e-1,,3.750e-1,
444.94,1.948e-1,,1.948e-1,
444.99,9.884e-2,,9.884e-2,
445.04,4.895e-2,,4.895e-2,
445.09,2.367e-2,,2.367e-2,
445.14,1.117e-2,,1.117e-2,
445.19,5.143e-3,,5.143e-3,
445.24,2.311e-3,,2.311e-3,
445.29,1.014e-3,,1.014e-3,
445.34,4.336e-4,,4.336e-4,
445.39,1.810e-4,,1.810e-4,
445.44,7.367e-5,,7.367e-5,
445.49,2.926e-5,,2.926e-5,
445.54,1.134e-5,,1.134e-5,
445.59,4.302e-6,,4.302e-6,
445.64,1.653e-6,,1.653e-6,
445.69,8.236e-7,,8.236e-7,
445.74,1.048e-6,,1.048e-6,
445.79,2.809e-6,,2.809e-6,
445.84,8.644e-6,,8.644e-6,
445.89,2.646e-5,,2.646e-5,
445.94,7.917e-5,,7.917e-5,
445.99,2.311e-4,,2.311e-4,
446.04,6.581e-4,,6.581e-4,
446.09,1.828e-3,,1.828e-3,
446.14,4.952e-3,,4.952e-3,
446.19,1.309e-2,,1.309e-2,
446.24,3.374e-2,,3.374e-2,
446.29,8.483e-2,,8.483e-2,
446.34,2.081e-1,,2.081e-1,
446.39,4.978e-1,,4.978e-1,
446.44,1.162e+0,,1.162e+0,
446.49,2.644e+0,,2.644e+0,
446.54,5.871e+0,,5.871e+0,
446.59,1.272e+1,,1.272e+1,
446.64,2.687e+1,,2.687e+1,
446.69,5.536e+1,,5.536e+1,
446.74,1.113e+2,,1.113e+2,
446.79,2.182e+2,,2.182e+2,
446.84,4.173e+2,,4.173e+2,
446.89,7.784e+2,,7.784e+2,
446.94,1.416e+3,,1.416e+3,
446.99,2.514e+3,,2.514e+3,
447.04,4.353e+3,,4.353e+3,
447.09,7.352e+3,,7.352e+3,
447.14,1.211e+4,,1.211e+4,
447.19,1.946e+4,,1.946e+4,
447.24,3.050e+4,,3.050e+4,
447.29,4.663e+4,,4.663e+4,
447.34,6.954e+4,,6.954e+4,
447.39,1.012e+5,,1.012e+5,
447.44,1.435e+5,,1.435e+5,
447.49,1.987e+5,,1.987e+5,
447.54,2.682e+5,,2.682e+5,
447.59,3.532e+5,,3.532e+5,
447.64,4.537e+5,,4.537e+5,
447.7,5.929e+5,,5.929e+5,
447.75,7.210e+5,,7.210e+5,
447.8,8.553e+5,,8.553e+5,
447.85,9.896e+5,,9.896e+5,
447.9,1.117e+6,,1.117e+6,
447.95,1.230e+6,,1.230e+6,
448,1.321e+6,,1.321e+6,
448.05,1.383e+6,,1.383e+6,
448.1,1.413e+6,,1.413e+6,
448.15,1.409e+6,,1.409e+6,
448.2,1.369e+6,,1.369e+6,
448.25,1.299e+6,,1.299e+6,
448.3,1.201e+6,,1.201e+6,
448.35,1.084e+6,,1.084e+6,
448.4,9.539e+5,,9.539e+5,
448.45,8.189e+5,,8.189e+5,
448.5,6.857e+5,,6.857e+5,
448.55,5.601e+5,,5.601e+5,
448.6,4.463e+5,,4.463e+5,
448.65,3.468e+5,,3.468e+5,
448.7,2.629e+5,,2.629e+5,
448.75,1.944e+5,,1.944e+5,
448.8,1.402e+5,,1.402e+5,
448.85,9.866e+4,,9.866e+4,
448.9,6.771e+4,,6.771e+4,
448.95,4.532e+4,,4.532e+4,
449,2.959e+4,,2.959e+4,
449.05,1.885e+4,,1.885e+4,
449.1,1.171e+4,,1.171e+4,
449.15,7.097e+3,,7.097e+3,
449.2,4.195e+3,,4.195e+3,
449.25,2.419e+3,,2.419e+3,
449.3,1.361e+3,,1.361e+3,
449.35,7.464e+2,,7.464e+2,
449.4,3.994e+2,,3.994e+2,
449.45,2.085e+2,,2.085e+2,
449.5,1.062e+2,,1.062e+2,
449.55,5.273e+1,,5.273e+1,
449.6,2.554e+1,,2.554e+1,
449.65,1.207e+1,,1.207e+1,
449.7,5.564e+0,,5.564e+0,
449.75,2.502e+0,,2.502e+0,
449.8,1.097e+0,,1.097e+0,
449.85,4.694e-1,,4.694e-1,
449.9,1.959e-1,,1.959e-1,
449.95,7.973e-2,,7.973e-2,
450,3.166e-2,,3.166e-2,
450.05,1.226e-2,,1.226e-2,
450.1,4.632e-3,,4.632e-3,
450.15,1.707e-3,,1.707e-3,
450.2,6.135e-4,,6.135e-4,
450.25,2.151e-4,,2.151e-4,
450.3,7.356e-5,,7.356e-5,
450.35,2.454e-5,,2.454e-5,
450.4,7.985e-6,,7.985e-6,
450.45,2.534e-6,,2.534e-6,
450.5,7.847e-7,,7.847e-7,
450.55,2.370e-7,,2.370e-7,
450.6,6.981e-8,,6.981e-8,
450.65,2.006e-8,,2.006e-8,
450.7,5.622e-9,,5.622e-9,
450.75,1.537e-9,,1.537e-9,
450.8,4.099e-10,,4.099e-10,
450.85,5.664e-11,,5.664e-11,
467.45,5.831e-9,5.831e-9,,
467.5,2.091e-8,2.091e-8,,
467.55,7.334e-8,7.334e-8,,
467.6,2.514e-7,2.514e-7,,
467.65,8.426e-7,8.426e-7,,
467.7,2.761e-6,2.761e-6,,
467.75,8.844e-6,8.844e-6,,
467.8,2.770e-5,2.770e-5,,
467.85,8.480e-5,8.480e-5,,
467.9,2.538e-4,2.538e-4,,
467.95,7.429e-4,7.429e-4,,
468,2.125e-3,2.125e-3,,
468.05,5.945e-3,5.945e-3,,
468.1,1.626e-2,1.626e-2,,
468.15,4.346e-2,4.346e-2,,
468.2,1.136e-1,1.136e-1,,
468.25,2.902e-1,2.902e-1,,
468.3,7.250e-1,7.250e-1,,
468.35,1.771e+0,1.771e+0,,
468.4,4.228e+0,4.228e+0,,
468.45,9.870e+0,9.870e+0,,
468.5,2.252e+1,2.252e+1,,
468.55,5.025e+1,5.025e+1,,
468.6,1.096e+2,1.096e+2,,
468.65,2.338e+2,2.338e+2,,
468.7,4.874e+2,4.874e+2,,
468.75,9.933e+2,9.933e+2,,
468.8,1.979e+3,1.979e+3,,
468.85,3.856e+3,3.856e+3,,
468.9,7.344e+3,7.344e+3,,
468.95,1.368e+4,1.368e+4,,
469,2.489e+4,2.489e+4,,
469.05,4.431e+4,4.431e+4,,
469.1,7.709e+4,7.709e+4,,
469.15,1.311e+5,1.311e+5,,
469.2,2.181e+5,2.181e+5,,
469.25,3.545e+5,3.545e+5,,
469.3,5.636e+5,5.636e+5,,
469.35,8.758e+5,8.758e+5,,
469.4,1.330e+6,1.330e+6,,
469.45,1.976e+6,1.976e+6,,
469.5,2.869e+6,2.869e+6,,
469.55,4.074e+6,4.074e+6,,
469.6,5.654e+6,5.654e+6,,
469.65,7.671e+6,7.671e+6,,
469.7,1.018e+7,1.018e+7,,
469.75,1.320e+7,1.320e+7,,
469.8,1.673e+7,1.673e+7,,
469.85,2.074e+7,2.074e+7,,
469.9,2.514e+7,2.514e+7,,
469.95,2.978e+7,2.978e+7,,
470,3.449e+7,3.449e+7,,
470.05,3.906e+7,3.906e+7,,
470.1,4.324e+7,4.324e+7,,
470.15,4.680e+7,4.680e+7,,
470.2,4.953e+7,4.953e+7,,
470.25,5.123e+7,5.123e+7,,
470.3,5.182e+7,5.182e+7,,
470.35,5.123e+7,5.123e+7,,
470.4,4.953e+7,4.953e+7,,
470.45,4.680e+7,4.680e+7,,
470.5,4.324e+7,4.324e+7,,
470.55,3.906e+7,3.906e+7,,
470.6,3.449e+7,3.449e+7,,
470.65,2.978e+7,2.978e+7,,
470.7,2.514e+7,2.514e+7,,
470.75,2.074e+7,2.074e+7,,
470.8,1.673e+7,1.673e+7,,
470.85,1.320e+7,1.320e+7,,
470.9,1.018e+7,1.018e+7,,
470.95,7.671e+6,7.671e+6,,
471,5.654e+6,5.654e+6,,
471.05,4.074e+6,4.074e+6,,
471.1,2.869e+6,2.869e+6,1.550e-13,
471.15,1.976e+6,1.976e+6,5.483e-13,
471.2,1.330e+6,1.330e+6,1.897e-12,
471.25,8.758e+5,8.758e+5,6.421e-12,
471.3,5.636e+5,5.636e+5,2.125e-11,
471.35,3.545e+5,3.545e+5,6.878e-11,
471.4,2.181e+5,2.181e+5,2.177e-10,
471.45,1.311e+5,1.311e+5,6.740e-10,
471.5,7.709e+4,7.709e+4,2.041e-9,
471.55,4.431e+4,4.431e+4,6.043e-9,
471.6,2.489e+4,2.489e+4,1.750e-8,
471.65,1.368e+4,1.368e+4,4.956e-8,
471.7,7.344e+3,7.344e+3,1.373e-7,
471.75,3.856e+3,3.856e+3,3.719e-7,
471.8,1.979e+3,1.979e+3,9.852e-7,
471.85,9.933e+2,9.933e+2,2.553e-6,
471.9,4.874e+2,4.874e+2,6.468e-6,
471.95,2.338e+2,2.338e+2,1.603e-5,
472,1.096e+2,1.096e+2,3.885e-5,
472.05,5.025e+1,5.025e+1,9.209e-5,
472.1,2.252e+1,2.252e+1,2.135e-4,
472.15,9.870e+0,9.870e+0,4.840e-4,
472.2,4.229e+0,4.228e+0,1.073e-3,
472.25,1.773e+0,1.771e+0,2.327e-3,
472.3,7.300e-1,7.250e-1,4.935e-3,
472.35,3.005e-1,2.902e-1,1.024e-2,
472.4,1.343e-1,1.136e-1,2.076e-2,
472.45,8.464e-2,4.346e-2,4.119e-2,
472.5,9.616e-2,1.626e-2,7.990e-2,
472.55,1.576e-1,5.945e-3,1.516e-1,
472.6,2.835e-1,2.125e-3,2.813e-1,
472.65,5.113e-1,7.429e-4,5.106e-1,
472.7,9.065e-1,2.538e-4,9.062e-1,
472.75,1.573e+0,8.480e-5,1.573e+0,
472.8,2.670e+0,2.770e-5,2.670e+0,
472.85,4.434e+0,8.844e-6,4.434e+0,
472.9,7.199e+0,2.761e-6,7.199e+0,
472.95,1.143e+1,8.426e-7,1.143e+1,
473,1.775e+1,2.514e-7,1.775e+1,
473.05,2.697e+1,7.334e-8,2.697e+1,
473.1,4.006e+1,2.091e-8,4.006e+1,
473.15,5.819e+1,5.831e-9,5.819e+1,
473.2,8.268e+1,,8.268e+1,
473.25,1.149e+2,,1.149e+2,
473.3,1.561e+2,,1.561e+2,
473.35,2.075e+2,,2.075e+2,
473.4,2.697e+2,,2.697e+2,
473.45,3.428e+2,,3.428e+2,
473.5,4.262e+2,,4.262e+2,
473.55,5.182e+2,,5.182e+2,
473.6,6.161e+2,,6.161e+2,
473.65,7.165e+2,,7.165e+2,
473.7,8.149e+2,,8.149e+2,
473.75,9.064e+2,,9.064e+2,
473.8,9.860e+2,,9.860e+2,
473.85,1.049e+3,,1.049e+3,
473.9,1.091e+3,,1.091e+3,
473.95,1.111e+3,,1.111e+3,
474,1.105e+3,,1.105e+3,
474.05,1.076e+3,,1.076e+3,
474.1,1.024e+3,,1.024e+3,
474.15,9.531e+2,,9.531e+2,
474.2,8.677e+2,,8.677e+2,
474.25,7.726e+2,,7.726e+2,
474.3,6.728e+2,,6.728e+2,
474.35,5.729e+2,,5.729e+2,
474.4,4.772e+2,,4.772e+2,
474.45,3.887e+2,,3.887e+2,
474.5,3.096e+2,,3.096e+2,
474.55,2.412e+2,,2.412e+2,
474.6,1.838e+2,,1.838e+2,
474.65,1.370e+2,,1.370e+2,
474.7,9.983e+1,,9.983e+1,
474.75,7.115e+1,,7.115e+1,
474.8,4.960e+1,,4.960e+1,
474.85,3.381e+1,,3.381e+1,
474.9,2.254e+1,,2.254e+1,
474.95,1.470e+1,,1.470e+1,
475,9.373e+0,,9.373e+0,
475.05,5.845e+0,,5.845e+0,
475.1,3.565e+0,,3.565e+0,
475.15,2.127e+0,,2.127e+0,
475.2,1.241e+0,,1.241e+0,
475.25,7.079e-1,,7.079e-1,
475.3,3.950e-1,,3.950e-1,
475.35,2.156e-1,,2.156e-1,
475.4,1.150e-1,,1.150e-1,
475.45,6.005e-2,,6.005e-2,
475.5,3.065e-2,,3.065e-2,
475.55,1.530e-2,,1.530e-2,
475.6,7.471e-3,,7.471e-3,
475.65,3.568e-3,,3.568e-3,
475.7,1.666e-3,,1.666e-3,
475.75,7.609e-4,,7.609e-4,
475.8,3.399e-4,,3.399e-4,
475.85,1.485e-4,,1.485e-4,
475.9,6.343e-5,,6.343e-5,
475.95,2.650e-5,,2.650e-5,
476,1.083e-5,,1.083e-5,
476.05,4.328e-6,,4.328e-6,
476.1,1.692e-6,,1.692e-6,
476.15,6.466e-7,,6.466e-7,
476.2,2.417e-7,,2.417e-7,
476.25,8.837e-8,,8.837e-8,
476.3,3.160e-8,,3.160e-8,
476.35,1.105e-8,,1.105e-8,
476.4,3.779e-9,,3.779e-9,
476.45,1.264e-9,,1.264e-9,
476.5,4.134e-10,,4.134e-10,
476.55,1.322e-10,,1.322e-10,
476.6,4.138e-11,,4.138e-11,
476.65,1.266e-11,,1.266e-11,
476.7,3.788e-12,,3.788e-12,
476.75,1.109e-12,,1.109e-12,
476.8,3.173e-13,,3.173e-13,
513.62,3.583e-8,3.583e-8,,
513.67,1.138e-7,1.138e-7,,
513.72,3.545e-7,3.545e-7,,
513.77,1.084e-6,1.084e-6,,
513.82,3.255e-6,3.255e-6,,
513.87,9.588e-6,9.588e-6,,
513.92,2.772e-5,2.772e-5,,
513.97,7.867e-5,7.867e-5,,
514.02,2.191e-4,2.191e-4,,
514.07,5.990e-4,5.990e-4,,
514.12,1.607e-3,1.607e-3,,
514.17,4.231e-3,4.231e-3,,
514.22,1.093e-2,1.093e-2,,
514.27,2.773e-2,2.773e-2,,
514.32,6.902e-2,6.902e-2,,
514.37,1.686e-1,1.686e-1,,
514.42,4.043e-1,4.043e-1,,
514.47,9.515e-1,9.515e-1,,
514.52,2.197e+0,2.197e+0,,
514.57,4.981e+0,4.981e+0,,
514.62,1.108e+1,1.108e+1,,
514.67,2.420e+1,2.420e+1,,
514.72,5.185e+1,5.185e+1,,
514.77,1.091e+2,1.091e+2,,
514.82,2.251e+2,2.251e+2,,
514.87,4.561e+2,4.561e+2,,
514.92,9.069e+2,9.069e+2,,
514.97,1.770e+3,1.770e+3,,
515.02,3.390e+3,3.390e+3,,
515.07,6.374e+3,6.374e+3,,
515.12,1.176e+4,1.176e+4,,
515.17,2.130e+4,2.130e+4,,
515.22,3.787e+4,3.787e+4,,
515.27,6.607e+4,6.607e+4,,
515.32,1.132e+5,1.132e+5,,
515.37,1.902e+5,1.902e+5,,
515.42,3.139e+5,3.139e+5,,
515.47,5.085e+5,5.085e+5,,
515.52,8.087e+5,8.087e+5,,
515.57,1.263e+6,1.263e+6,,
515.62,1.935e+6,1.935e+6,,
515.67,2.913e+6,2.913e+6,,
515.72,4.305e+6,4.305e+6,,
515.77,6.250e+6,6.250e+6,,
515.82,8.911e+6,8.911e+6,,
515.87,1.248e+7,1.248e+7,,
515.92,1.718e+7,1.718e+7,,
515.97,2.324e+7,2.324e+7,,
516.02,3.091e+7,3.091e+7,,
516.07,4.043e+7,4.043e+7,,
516.12,5.203e+7,5.203e+7,,
516.17,6.592e+7,6.592e+7,,
516.22,8.224e+7,8.224e+7,,
516.27,1.011e+8,1.011e+8,,
516.32,1.226e+8,1.226e+8,,
516.37,1.467e+8,1.467e+8,,
516.42,1.734e+8,1.734e+8,,
516.47,2.025e+8,2.025e+8,,
516.52,2.339e+8,2.339e+8,,
516.57,2.676e+8,2.676e+8,,
516.62,3.031e+8,3.031e+8,,
516.67,3.402e+8,3.402e+8,,
516.72,3.787e+8,3.787e+8,,
516.77,4.178e+8,4.178e+8,,
516.82,4.571e+8,4.571e+8,,
516.87,4.958e+8,4.958e+8,,
516.92,5.328e+8,5.328e+8,,
516.97,5.670e+8,5.670e+8,,
517.02,5.972e+8,5.972e+8,,
517.07,6.222e+8,6.222e+8,,
517.12,6.408e+8,6.408e+8,,
517.17,6.521e+8,6.521e+8,,
517.22,6.556e+8,6.556e+8,,
517.27,6.510e+8,6.510e+8,,
517.32,6.389e+8,6.389e+8,,
517.37,6.201e+8,6.201e+8,,
517.42,5.964e+8,5.964e+8,,
517.47,5.698e+8,5.698e+8,,
517.52,5.426e+8,5.426e+8,,
517.57,5.177e+8,5.177e+8,,
517.62,4.977e+8,4.977e+8,,
517.67,4.851e+8,4.851e+8,,
517.72,4.820e+8,4.820e+8,,
517.77,4.900e+8,4.900e+8,,
517.82,5.097e+8,5.097e+8,,
517.87,5.410e+8,5.410e+8,,
517.92,5.830e+8,5.830e+8,,
517.97,6.336e+8,6.336e+8,,
518.02,6.902e+8,6.902e+8,,
518.07,7.495e+8,7.495e+8,,
518.12,8.077e+8,8.077e+8,,
518.17,8.609e+8,8.609e+8,,
518.22,9.055e+8,9.055e+8,,
518.27,9.382e+8,9.382e+8,,
518.32,9.565e+8,9.565e+8,,
518.37,9.587e+8,9.587e+8,,
518.42,9.442e+8,9.442e+8,,
518.47,9.135e+8,9.135e+8,,
518.52,8.679e+8,8.679e+8,,
518.57,8.096e+8,8.096e+8,,
518.62,7.415e+8,7.415e+8,,
518.67,6.667e+8,6.667e+8,,
518.72,5.884e+8,5.884e+8,,
518.77,5.098e+8,5.098e+8,,
518.82,4.336e+8,4.336e+8,,
518.87,3.619e+8,3.619e+8,,
518.92,2.966e+8,2.966e+8,,
518.97,2.386e+8,2.386e+8,,
519.02,1.883e+8,1.883e+8,,
519.07,1.460e+8,1.460e+8,,
519.12,1.110e+8,1.110e+8,,
519.17,8.290e+7,8.290e+7,,
519.22,6.075e+7,6.075e+7,,
519.27,4.371e+7,4.371e+7,,
519.32,3.086e+7,3.086e+7,,
519.37,2.139e+7,2.139e+7,,
519.42,1.455e+7,1.455e+7,,
519.47,9.717e+6,9.717e+6,,
519.52,6.369e+6,6.369e+6,,
519.57,4.098e+6,4.098e+6,,
519.62,2.588e+6,2.588e+6,,
519.67,1.604e+6,1.604e+6,,
519.72,9.761e+5,9.761e+5,,
519.77,5.830e+5,5.830e+5,,
519.82,3.417e+5,3.417e+5,,
519.87,1.966e+5,1.966e+5,,
519.92,1.111e+5,1.111e+5,,
519.97,6.157e+4,6.157e+4,,
520.02,3.351e+4,3.351e+4,,
520.07,1.790e+4,1.790e+4,,
520.12,9.383e+3,9.383e+3,,
520.17,4.829e+3,4.829e+3,,
520.22,2.439e+3,2.439e+3,,
520.27,1.209e+3,1.209e+3,,
520.32,5.886e+2,5.886e+2,,
520.37,2.812e+2,2.812e+2,,
520.42,1.318e+2,1.318e+2,,
520.47,6.068e+1,6.068e+1,,
520.52,2.742e+1,2.742e+1,,
520.57,1.216e+1,1.216e+1,,
520.62,5.292e+0,5.292e+0,,
520.67,2.261e+0,2.261e+0,,
520.72,9.481e-1,9.481e-1,,
520.77,3.903e-1,3.903e-1,,
520.82,1.577e-1,1.577e-1,,
520.87,6.254e-2,6.254e-2,,
520.92,2.435e-2,2.435e-2,,
520.97,9.303e-3,9.303e-3,,
521.02,3.489e-3,3.489e-3,,
521.07,1.285e-3,1.285e-3,,
521.12,4.642e-4,4.642e-4,,
521.17,1.646e-4,1.646e-4,,
521.22,5.732e-5,5.732e-5,,
521.27,1.959e-5,1.959e-5,,
521.32,6.571e-6,6.571e-6,,
521.37,2.164e-6,2.164e-6,,
521.42,6.993e-7,6.993e-7,,
521.47,2.218e-7,2.218e-7,,
523.27,4.919e-13,,4.919e-13,
523.32,1.523e-12,,1.523e-12,
523.37,4.629e-12,,4.629e-12,
523.42,1.382e-11,,1.382e-11,
523.47,4.053e-11,,4.053e-11,
523.52,1.167e-10,,1.167e-10,
523.57,3.301e-10,,3.301e-10,
523.62,9.170e-10,,9.170e-10,
523.67,2.502e-9,,2.502e-9,
523.72,6.704e-9,,6.704e-9,
523.77,1.764e-8,,1.764e-8,
523.82,4.560e-8,,4.560e-8,
523.87,1.157e-7,,1.157e-7,
523.92,2.885e-7,,2.885e-7,
523.97,7.065e-7,,7.065e-7,
524.02,1.699e-6,,1.699e-6,
524.07,4.013e-6,,4.013e-6,
524.12,9.308e-6,,9.308e-6,
524.17,2.120e-5,,2.120e-5,
524.22,4.744e-5,,4.744e-5,
524.27,1.042e-4,,1.042e-4,
524.32,2.250e-4,,2.250e-4,
524.37,4.769e-4,,4.769e-4,
524.42,9.927e-4,,9.927e-4,
524.47,2.030e-3,,2.030e-3,
524.52,4.076e-3,,4.076e-3,
524.57,8.038e-3,,8.038e-3,
524.62,1.557e-2,,1.557e-2,
524.67,2.961e-2,,2.961e-2,
524.72,5.533e-2,,5.533e-2,
524.77,1.015e-1,,1.015e-1,
524.82,1.829e-1,,1.829e-1,
524.87,3.238e-1,,3.238e-1,
524.92,5.629e-1,,5.629e-1,
524.97,9.609e-1,,9.609e-1,
525.02,1.611e+0,,1.611e+0,
525.07,2.653e+0,,2.653e+0,
525.12,4.291e+0,,4.291e+0,
525.17,6.816e+0,,6.816e+0,
525.22,1.063e+1,,1.063e+1,
525.27,1.629e+1,,1.629e+1,
525.32,2.452e+1,,2.452e+1,
525.37,3.623e+1,,3.623e+1,
525.42,5.259e+1,,5.259e+1,
525.47,7.497e+1,,7.497e+1,
525.52,1.050e+2,,1.050e+2,
525.57,1.443e+2,,1.443e+2,
525.62,1.949e+2,,1.949e+2,
525.67,2.585e+2,,2.585e+2,
525.72,3.368e+2,,3.368e+2,
525.77,4.309e+2,,4.309e+2,
525.82,5.414e+2,,5.414e+2,
525.87,6.681e+2,,6.681e+2,
525.92,8.098e+2,,8.098e+2,
525.97,9.639e+2,,9.639e+2,
526.02,1.127e+3,,1.127e+3,
526.07,1.294e+3,,1.294e+3,
526.12,1.459e+3,,1.459e+3,
526.17,1.616e+3,,1.616e+3,
526.22,1.758e+3,,1.758e+3,
526.27,1.878e+3,,1.878e+3,
526.32,1.970e+3,,1.970e+3,
526.37,2.030e+3,,2.030e+3,
526.42,2.055e+3,,2.055e+3,
526.47,2.043e+3,,2.043e+3,
526.52,1.994e+3,,1.994e+3,
526.57,1.912e+3,,1.912e+3,
526.62,1.800e+3,,1.800e+3,
526.67,1.665e+3,,1.665e+3,
526.72,1.512e+3,,1.512e+3,
526.77,1.349e+3,,1.349e+3,
526.82,1.182e+3,,1.182e+3,
526.87,1.017e+3,,1.017e+3,
526.92,8.594e+2,,8.594e+2,
526.97,7.133e+2,,7.133e+2,
527.02,5.815e+2,,5.815e+2,
527.07,4.655e+2,,4.655e+2,
527.12,3.660e+2,,3.660e+2,
527.17,2.827e+2,,2.827e+2,
527.22,2.144e+2,,2.144e+2,
527.27,1.597e+2,,1.597e+2,
527.32,1.168e+2,,1.168e+2,
527.37,8.395e+1,,8.395e+1,
527.42,5.924e+1,,5.924e+1,
527.47,4.106e+1,,4.106e+1,
527.52,2.795e+1,,2.795e+1,
527.57,1.868e+1,,1.868e+1,
527.62,1.227e+1,,1.227e+1,
527.67,7.910e+0,,7.910e+0,
527.72,5.010e+0,,5.010e+0,
527.77,3.116e+0,,3.116e+0,
527.82,1.904e+0,,1.904e+0,
527.87,1.142e+0,,1.142e+0,
527.92,6.730e-1,,6.730e-1,
527.97,3.895e-1,,3.895e-1,
528.02,2.214e-1,,2.214e-1,
528.07,1.236e-1,,1.236e-1,
528.12,6.776e-2,,6.776e-2,
528.17,3.648e-2,,3.648e-2,
528.22,1.929e-2,,1.929e-2,
528.27,1.002e-2,,1.002e-2,
528.32,5.112e-3,,5.112e-3,
528.37,2.561e-3,,2.561e-3,
528.42,1.260e-3,,1.260e-3,
528.47,6.090e-4,,6.090e-4,
528.52,2.890e-4,,2.890e-4,
528.57,1.347e-4,,1.347e-4,
528.62,6.168e-5,,6.168e-5,
528.67,2.773e-5,,2.773e-5,
528.72,1.225e-5,,1.225e-5,
528.77,5.312e-6,,5.312e-6,
528.82,2.263e-6,,2.263e-6,
528.87,9.465e-7,,9.465e-7,
528.92,3.889e-7,,3.889e-7,
528.97,1.569e-7,,1.569e-7,
529.02,6.220e-8,,6.220e-8,
529.07,2.421e-8,,2.421e-8,
529.12,9.255e-9,,9.255e-9,
529.17,3.475e-9,,3.475e-9,
529.22,1.281e-9,,1.281e-9,
529.27,4.640e-10,,4.640e-10,
529.32,1.650e-10,,1.650e-10,
529.37,5.766e-11,,5.766e-11,
529.42,1.978e-11,,1.978e-11,
529.47,6.665e-12,,6.665e-12,
529.52,2.206e-12,,2.206e-12,
529.57,7.170e-13,,7.170e-13,
529.62,1.207e-13,,1.207e-13,
549.53,1.128e-8,1.128e-8,,
549.58,3.305e-8,3.305e-8,,
549.63,9.526e-8,9.526e-8,,
549.68,2.701e-7,2.701e-7,,
549.73,7.533e-7,7.533e-7,,
549.78,2.067e-6,2.067e-6,,
549.83,5.579e-6,5.579e-6,,
549.88,1.482e-5,1.482e-5,,
549.93,3.871e-5,3.871e-5,,
549.98,9.948e-5,9.948e-5,,
550.03,2.515e-4,2.515e-4,,
550.08,6.257e-4,6.257e-4,,
550.13,1.531e-3,1.531e-3,,
550.18,3.686e-3,3.686e-3,,
550.23,8.728e-3,8.728e-3,,
550.28,2.034e-2,2.034e-2,,
550.33,4.661e-2,4.661e-2,,
550.38,1.051e-1,1.051e-1,,
550.43,2.331e-1,2.331e-1,,
550.48,5.087e-1,5.087e-1,,
550.53,1.092e+0,1.092e+0,,
550.58,2.307e+0,2.307e+0,,
550.63,4.792e+0,4.792e+0,,
550.68,9.796e+0,9.796e+0,,
550.73,1.970e+1,1.970e+1,,
550.78,3.897e+1,3.897e+1,,
550.83,7.583e+1,7.583e+1,,
550.88,1.452e+2,1.452e+2,,
550.93,2.734e+2,2.734e+2,,
550.98,5.067e+2,5.067e+2,,
551.03,9.236e+2,9.236e+2,,
551.08,1.656e+3,1.656e+3,,
551.13,2.922e+3,2.922e+3,,
551.18,5.071e+3,5.071e+3,,
551.23,8.658e+3,8.658e+3,,
551.28,1.454e+4,1.454e+4,,
551.33,2.403e+4,2.403e+4,,
551.38,3.906e+4,3.906e+4,,
551.43,6.247e+4,6.247e+4,,
551.48,9.829e+4,9.829e+4,,
551.53,1.521e+5,1.521e+5,,
551.58,2.316e+5,2.316e+5,,
551.63,3.470e+5,3.470e+5,,
551.68,5.113e+5,5.113e+5,,
551.73,7.412e+5,7.412e+5,,
551.78,1.057e+6,1.057e+6,,
551.83,1.483e+6,1.483e+6,,
551.88,2.047e+6,2.047e+6,,
551.93,2.780e+6,2.780e+6,,
551.98,3.713e+6,3.713e+6,,
552.03,4.880e+6,4.880e+6,,
552.08,6.309e+6,6.309e+6,,
552.13,8.024e+6,8.024e+6,,
552.18,1.004e+7,1.004e+7,,
552.23,1.236e+7,1.236e+7,,
552.28,1.497e+7,1.497e+7,,
552.33,1.783e+7,1.783e+7,,
552.38,2.089e+7,2.089e+7,,
552.43,2.409e+7,2.409e+7,,
552.48,2.732e+7,2.732e+7,,
552.53,3.049e+7,3.049e+7,,
552.58,3.347e+7,3.347e+7,,
552.63,3.614e+7,3.614e+7,,
552.68,3.840e+7,3.840e+7,,
552.73,4.013e+7,4.013e+7,,
552.78,4.127e+7,4.127e+7,,
552.83,4.174e+7,4.174e+7,,
552.88,4.154e+7,4.154e+7,,
552.93,4.066e+7,4.066e+7,,
552.98,3.916e+7,3.916e+7,,
553.03,3.710e+7,3.710e+7,,
553.08,3.458e+7,3.458e+7,,
553.13,3.171e+7,3.171e+7,,
553.18,2.861e+7,2.861e+7,,
553.23,2.539e+7,2.539e+7,,
553.28,2.216e+7,2.216e+7,,
553.33,1.903e+7,1.903e+7,,
553.38,1.608e+7,1.608e+7,,
553.43,1.337e+7,1.337e+7,,
553.48,1.093e+7,1.093e+7,,
553.53,8.794e+6,8.794e+6,,
553.58,6.960e+6,6.960e+6,,
553.63,5.419e+6,5.419e+6,,
553.68,4.150e+6,4.150e+6,,
553.73,3.127e+6,3.127e+6,,
553.78,2.318e+6,2.318e+6,,
553.83,1.691e+6,1.691e+6,,
553.88,1.213e+6,1.213e+6,,
553.93,8.560e+5,8.560e+5,,
553.98,5.943e+5,5.943e+5,,
554.03,4.060e+5,4.060e+5,,
554.08,2.728e+5,2.728e+5,,
554.13,1.803e+5,1.803e+5,,
554.18,1.173e+5,1.173e+5,,
554.23,7.503e+4,7.503e+4,,
554.28,4.723e+4,4.723e+4,,
554.33,2.924e+4,2.924e+4,,
554.38,1.781e+4,1.781e+4,,
554.43,1.067e+4,1.067e+4,,
554.48,6.293e+3,6.293e+3,,
554.53,3.650e+3,3.650e+3,,
554.58,2.083e+3,2.083e+3,,
554.63,1.169e+3,1.169e+3,,
554.68,6.455e+2,6.455e+2,,
554.73,3.506e+2,3.506e+2,,
554.78,1.874e+2,1.874e+2,,
554.83,9.852e+1,9.852e+1,,
554.88,5.096e+1,5.096e+1,,
554.93,2.593e+1,2.593e+1,,
554.98,1.298e+1,1.298e+1,,
555.03,6.391e+0,6.391e+0,,
555.08,3.096e+0,3.096e+0,,
555.13,1.476e+0,1.476e+0,,
555.18,6.919e-1,6.919e-1,,
555.23,3.191e-1,3.191e-1,,
555.28,1.448e-1,1.448e-1,,
555.33,6.465e-2,6.465e-2,,
555.38,2.839e-2,2.839e-2,,
555.43,1.227e-2,1.227e-2,,
555.48,5.213e-3,5.213e-3,,
555.53,2.180e-3,2.180e-3,,
555.58,8.967e-4,8.967e-4,,
555.63,3.629e-4,3.629e-4,,
555.68,1.445e-4,1.445e-4,,
555.73,5.658e-5,5.658e-5,,
555.78,2.180e-5,2.180e-5,,
555.83,8.262e-6,8.262e-6,,
555.88,3.081e-6,3.081e-6,,
555.93,1.130e-6,1.130e-6,,
555.98,4.079e-7,4.079e-7,,
556.03,1.448e-7,1.448e-7,,
556.08,5.058e-8,5.058e-8,,
556.13,1.738e-8,1.738e-8,,
556.18,5.874e-9,5.874e-9,,